ISO-10303-21;
HEADER;
/* Generated by software containing ST-Developer
 * from STEP Tools, Inc. (www.steptools.com) 
 */
/* OPTION: using custom renumber hook */

FILE_DESCRIPTION(
/* description */ ('STEP AP242 Edition 2',
'CAx-IF Rec.Pracs.---Representation and Presentation of Product Manufa
cturing Information (PMI)---4.0---2014-10-13',
'CAx-IF Rec.Pracs.---3D Tessellated Geometry---0.4---2014-09-14','2;1',
'CAx-IF Rec.Pracs.---User Defined Attributes---1.5---2016-08-15'),
/* implementation_level */ '2;1');

FILE_NAME(
/* name */ 'Assembly 1 - TeddyBear',
/* time_stamp */ '2026-09-04T01:58:22Z',
/* author */ (''),
/* organization */ (''),
/* preprocessor_version */ 'ST-DEVELOPER v20',
/* originating_system */ 'ONSHAPE BY PTC INC, 1.220',
/* authorisation */ '  ');

FILE_SCHEMA (('AP242_MANAGED_MODEL_BASED_3D_ENGINEERING_MIM_LF { 1 0 10303 442 3 1 4 }'));
ENDSEC;

DATA;
#10=SHAPE_REPRESENTATION_RELATIONSHIP('','',#1309,#11);
#11=ADVANCED_BREP_SHAPE_REPRESENTATION('',(#1307),#2344);
#12=ELLIPSE('',#1362,0.00136568542494924,0.000965685424949238);
#13=ELLIPSE('',#1363,0.00136568542494924,0.000965685424949238);
#14=ELLIPSE('',#1365,0.00136568542494924,0.000965685424949238);
#15=ELLIPSE('',#1367,0.00136568542494924,0.000965685424949238);
#16=ELLIPSE('',#1370,0.00136568542494924,0.000965685424949238);
#17=ELLIPSE('',#1371,0.00136568542494924,0.000965685424949238);
#18=ELLIPSE('',#1373,0.00136568542494924,0.000965685424949238);
#19=ELLIPSE('',#1375,0.00136568542494924,0.000965685424949238);
#20=ELLIPSE('',#1378,0.00136568542494924,0.000965685424949238);
#21=ELLIPSE('',#1379,0.00136568542494924,0.000965685424949238);
#22=ELLIPSE('',#1381,0.00136568542494924,0.000965685424949238);
#23=ELLIPSE('',#1383,0.00136568542494924,0.000965685424949238);
#24=ELLIPSE('',#1386,0.00136568542494924,0.000965685424949238);
#25=ELLIPSE('',#1387,0.00136568542494924,0.000965685424949238);
#26=ELLIPSE('',#1389,0.00136568542494924,0.000965685424949238);
#27=ELLIPSE('',#1391,0.00136568542494924,0.000965685424949238);
#28=DEGENERATE_TOROIDAL_SURFACE('',#1327,0.00363725830020305,0.00386274169979696,
 .T.);
#29=DEGENERATE_TOROIDAL_SURFACE('',#1334,0.00363725830020305,0.00386274169979696,
 .T.);
#30=TOROIDAL_SURFACE('',#1320,0.0045857864376269,0.0024142135623731);
#31=TOROIDAL_SURFACE('',#1393,0.0045857864376269,0.0024142135623731);
#32=TOROIDAL_SURFACE('',#1406,0.00203431457505076,0.000965685424949238);
#33=TOROIDAL_SURFACE('',#1409,0.00203431457505076,0.000965685424949238);
#34=TOROIDAL_SURFACE('',#1410,0.00203431457505076,0.000965685424949238);
#35=TOROIDAL_SURFACE('',#1411,0.00203431457505076,0.000965685424949238);
#36=PLANE('',#1318);
#37=PLANE('',#1331);
#38=PLANE('',#1337);
#39=PLANE('',#1339);
#40=PLANE('',#1340);
#41=PLANE('',#1341);
#42=PLANE('',#1342);
#43=PLANE('',#1343);
#44=PLANE('',#1344);
#45=PLANE('',#1345);
#46=PLANE('',#1346);
#47=PLANE('',#1347);
#48=PLANE('',#1348);
#49=PLANE('',#1349);
#50=PLANE('',#1350);
#51=PLANE('',#1351);
#52=PLANE('',#1352);
#53=PLANE('',#1353);
#54=PLANE('',#1354);
#55=PLANE('',#1355);
#56=PLANE('',#1356);
#57=PLANE('',#1357);
#58=PLANE('',#1358);
#59=PLANE('',#1359);
#60=PLANE('',#1360);
#61=PLANE('',#1394);
#62=PLANE('',#1398);
#63=PLANE('',#1400);
#64=PLANE('',#1404);
#65=PLANE('',#1416);
#66=PLANE('',#1417);
#67=PLANE('',#1420);
#68=PLANE('',#1421);
#69=PLANE('',#1424);
#70=PLANE('',#1425);
#71=PLANE('',#1426);
#72=PLANE('',#1427);
#73=PLANE('',#1430);
#74=PLANE('',#1435);
#75=PLANE('',#1436);
#76=PLANE('',#1439);
#77=PLANE('',#1442);
#78=CIRCLE('',#1312,0.007);
#79=CIRCLE('',#1313,0.007);
#80=CIRCLE('',#1314,0.007);
#81=CIRCLE('',#1315,0.007);
#82=CIRCLE('',#1316,0.007);
#83=CIRCLE('',#1317,0.007);
#84=CIRCLE('',#1319,0.0045857864376269);
#85=CIRCLE('',#1322,0.0075);
#86=CIRCLE('',#1323,0.0075);
#87=CIRCLE('',#1324,0.0075);
#88=CIRCLE('',#1325,0.0075);
#89=CIRCLE('',#1326,0.0075);
#90=CIRCLE('',#1328,0.0074578315450698);
#91=CIRCLE('',#1329,0.00746326177803092);
#92=CIRCLE('',#1330,0.00363725830020305);
#93=CIRCLE('',#1332,0.00363725830020305);
#94=CIRCLE('',#1333,0.00363725830020305);
#95=CIRCLE('',#1335,0.00740242100568892);
#96=CIRCLE('',#1336,0.00740242100568892);
#97=CIRCLE('',#1338,0.0045857864376269);
#98=CIRCLE('',#1396,0.003);
#99=CIRCLE('',#1397,0.003);
#100=CIRCLE('',#1399,0.00203431457505076);
#101=CIRCLE('',#1402,0.003);
#102=CIRCLE('',#1403,0.003);
#103=CIRCLE('',#1405,0.00203431457505076);
#104=CIRCLE('',#1407,0.00203431457505076);
#105=CIRCLE('',#1412,0.00203431457505076);
#106=CIRCLE('',#1415,0.00203431457505076);
#107=CIRCLE('',#1419,0.00203431457505076);
#108=CIRCLE('',#1423,0.000700015933418857);
#109=CIRCLE('',#1429,0.000700015933418857);
#110=CIRCLE('',#1432,0.001);
#111=CIRCLE('',#1434,0.00100004461308539);
#112=CIRCLE('',#1438,0.00075);
#113=CIRCLE('',#1441,0.00075);
#114=B_SPLINE_CURVE_WITH_KNOTS('',3,(#1804,#1805,#1806,#1807,#1808,#1809,
#1810,#1811,#1812),.UNSPECIFIED.,.F.,.F.,(4,1,1,1,1,1,4),(0.,0.00110674911173989,
0.00166012366760984,0.00221349822347978,0.00276687277934973,0.00332024733521968,
0.00442699644695957),.UNSPECIFIED.);
#115=B_SPLINE_CURVE_WITH_KNOTS('',3,(#1813,#1814,#1815,#1816,#1817,#1818,
#1819,#1820,#1821,#1822,#1823),.UNSPECIFIED.,.T.,.F.,(1,1,1,1,1,1,1,1,1,
1,1,1,1,1,1),(-0.00185844582715195,-0.00123896388476797,-0.000619481942383984,
1.62630325872826E-19,0.000619481942383985,0.00123896388476797,0.00185844582715195,
0.00247792776953594,0.00309740971191992,0.00371689165430391,0.00433637359668789,
0.00495585553907188,0.00557533748145586,0.00619481942383985,0.00681430136622383),
 .UNSPECIFIED.);
#116=B_SPLINE_CURVE_WITH_KNOTS('',3,(#1829,#1830,#1831,#1832,#1833,#1834,
#1835),.UNSPECIFIED.,.F.,.F.,(4,1,1,1,4),(0.,0.000552088071819022,0.00110417614363804,
0.00165626421545707,0.00220835228727609),.UNSPECIFIED.);
#117=B_SPLINE_CURVE_WITH_KNOTS('',3,(#1846,#1847,#1848,#1849,#1850,#1851,
#1852),.UNSPECIFIED.,.F.,.F.,(4,1,1,1,4),(0.,0.00054893744116983,0.00109787488233966,
0.00164681232350949,0.00219574976467932),.UNSPECIFIED.);
#118=B_SPLINE_CURVE_WITH_KNOTS('',3,(#1856,#1857,#1858,#1859,#1860,#1861,
#1862),.UNSPECIFIED.,.F.,.F.,(4,1,1,1,4),(0.,0.000784699542445989,0.00156939908489198,
0.00235409862733797,0.00313879816978395),.UNSPECIFIED.);
#119=B_SPLINE_CURVE_WITH_KNOTS('',3,(#1864,#1865,#1866,#1867,#1868,#1869,
#1870),.UNSPECIFIED.,.F.,.F.,(4,1,1,1,4),(0.,0.000789323707061184,0.00157864741412237,
0.00236797112118355,0.00315729482824474),.UNSPECIFIED.);
#120=B_SPLINE_CURVE_WITH_KNOTS('',3,(#1877,#1878,#1879,#1880),
 .UNSPECIFIED.,.F.,.F.,(4,4),(0.00592716054869828,0.00749575479322475),
 .UNSPECIFIED.);
#121=B_SPLINE_CURVE_WITH_KNOTS('',3,(#1883,#1884,#1885,#1886,#1887),
 .UNSPECIFIED.,.F.,.F.,(4,1,4),(0.,0.000841355178081122,0.00168271035616224),
 .UNSPECIFIED.);
#122=B_SPLINE_CURVE_WITH_KNOTS('',3,(#1889,#1890,#1891,#1892),
 .UNSPECIFIED.,.F.,.F.,(4,4),(0.000964341202077945,0.00211356837472256),
 .UNSPECIFIED.);
#123=B_SPLINE_CURVE_WITH_KNOTS('',3,(#1894,#1895,#1896,#1897),
 .UNSPECIFIED.,.F.,.F.,(4,4),(0.,0.000905281292884467),.UNSPECIFIED.);
#124=B_SPLINE_CURVE_WITH_KNOTS('',3,(#1899,#1900,#1901,#1902),
 .UNSPECIFIED.,.F.,.F.,(4,4),(0.,0.000877173856071483),.UNSPECIFIED.);
#125=B_SPLINE_CURVE_WITH_KNOTS('',3,(#1904,#1905,#1906,#1907),
 .UNSPECIFIED.,.F.,.F.,(4,4),(3.3475760063232E-7,0.00158323319390845),
 .UNSPECIFIED.);
#126=B_SPLINE_CURVE_WITH_KNOTS('',3,(#1909,#1910,#1911,#1912),
 .UNSPECIFIED.,.F.,.F.,(4,4),(0.00562012744270472,0.00563784248683357),
 .UNSPECIFIED.);
#127=B_SPLINE_CURVE_WITH_KNOTS('',3,(#1914,#1915,#1916,#1917,#1918,#1919,
#1920),.UNSPECIFIED.,.F.,.F.,(4,1,1,1,4),(9.51136400519312E-18,0.000417706046974564,
0.000835412093949118,0.00125311814092367,0.00167082418789823),
 .UNSPECIFIED.);
#128=B_SPLINE_CURVE_WITH_KNOTS('',3,(#1921,#1922,#1923,#1924,#1925),
 .UNSPECIFIED.,.F.,.F.,(4,1,4),(7.58941520739853E-19,0.000898614052609222,
0.00179722810521844),.UNSPECIFIED.);
#129=B_SPLINE_CURVE_WITH_KNOTS('',3,(#1928,#1929,#1930,#1931),
 .UNSPECIFIED.,.F.,.F.,(4,4),(3.25260651745651E-19,0.000484567998720744),
 .UNSPECIFIED.);
#130=B_SPLINE_CURVE_WITH_KNOTS('',3,(#1933,#1934,#1935,#1936),
 .UNSPECIFIED.,.F.,.F.,(4,4),(0.00502199033685694,0.0061495459396486),
 .UNSPECIFIED.);
#131=B_SPLINE_CURVE_WITH_KNOTS('',3,(#1938,#1939,#1940,#1941,#1942),
 .UNSPECIFIED.,.F.,.F.,(4,1,4),(0.,0.00080595263627442,0.00161190527254884),
 .UNSPECIFIED.);
#132=B_SPLINE_CURVE_WITH_KNOTS('',3,(#1944,#1945,#1946,#1947),
 .UNSPECIFIED.,.F.,.F.,(4,4),(0.0105958501646439,0.0125614189305957),
 .UNSPECIFIED.);
#133=B_SPLINE_CURVE_WITH_KNOTS('',3,(#1949,#1950,#1951,#1952,#1953,#1954),
 .UNSPECIFIED.,.F.,.F.,(4,1,1,4),(4.06921167100251E-17,0.000407727550447937,
0.000815455100895834,0.00163091020179163),.UNSPECIFIED.);
#134=B_SPLINE_CURVE_WITH_KNOTS('',3,(#1956,#1957,#1958,#1959),
 .UNSPECIFIED.,.F.,.F.,(4,4),(0.00109413285151049,0.00227270206263075),
 .UNSPECIFIED.);
#135=B_SPLINE_CURVE_WITH_KNOTS('',3,(#1961,#1962,#1963,#1964),
 .UNSPECIFIED.,.F.,.F.,(4,4),(0.00181639575914199,0.00210502190928243),
 .UNSPECIFIED.);
#136=B_SPLINE_CURVE_WITH_KNOTS('',3,(#1977,#1978,#1979,#1980),
 .UNSPECIFIED.,.F.,.F.,(4,4),(2.16840434497101E-19,4.02444092425398E-5),
 .UNSPECIFIED.);
#137=B_SPLINE_CURVE_WITH_KNOTS('',3,(#1988,#1989,#1990,#1991),
 .UNSPECIFIED.,.F.,.F.,(4,4),(2.16840434497101E-19,0.000132978256958635),
 .UNSPECIFIED.);
#138=B_SPLINE_CURVE_WITH_KNOTS('',3,(#1995,#1996,#1997,#1998),
 .UNSPECIFIED.,.F.,.F.,(4,4),(0.0022920257527382,0.00233784042365692),
 .UNSPECIFIED.);
#139=B_SPLINE_CURVE_WITH_KNOTS('',3,(#2001,#2002,#2003,#2004),
 .UNSPECIFIED.,.F.,.F.,(4,4),(2.57267445592067E-16,0.000486823338134374),
 .UNSPECIFIED.);
#140=B_SPLINE_CURVE_WITH_KNOTS('',3,(#2005,#2006,#2007,#2008),
 .UNSPECIFIED.,.F.,.F.,(4,4),(3.47621661097998E-18,0.000270446299751938),
 .UNSPECIFIED.);
#141=B_SPLINE_CURVE_WITH_KNOTS('',3,(#2010,#2011,#2012,#2013),
 .UNSPECIFIED.,.F.,.F.,(4,4),(0.00208983005658582,0.00238940834599707),
 .UNSPECIFIED.);
#142=B_SPLINE_CURVE_WITH_KNOTS('',3,(#2017,#2018,#2019,#2020),
 .UNSPECIFIED.,.F.,.F.,(4,4),(0.00486820088994374,0.00543902623214152),
 .UNSPECIFIED.);
#143=B_SPLINE_CURVE_WITH_KNOTS('',3,(#2021,#2022,#2023,#2024),
 .UNSPECIFIED.,.F.,.F.,(4,4),(0.00184915564386169,0.00198273993830152),
 .UNSPECIFIED.);
#144=B_SPLINE_CURVE_WITH_KNOTS('',3,(#2026,#2027,#2028,#2029),
 .UNSPECIFIED.,.F.,.F.,(4,4),(0.00705873631385494,0.00745435284734675),
 .UNSPECIFIED.);
#145=B_SPLINE_CURVE_WITH_KNOTS('',3,(#2056,#2057,#2058,#2059),
 .UNSPECIFIED.,.F.,.F.,(4,4),(0.0172465814846222,0.0196997786858625),
 .UNSPECIFIED.);
#146=B_SPLINE_CURVE_WITH_KNOTS('',3,(#2061,#2062,#2063,#2064,#2065),
 .UNSPECIFIED.,.F.,.F.,(4,1,4),(0.00580804474574294,0.0077899465298055,
0.00977184831386805),.UNSPECIFIED.);
#147=B_SPLINE_CURVE_WITH_KNOTS('',3,(#2069,#2070,#2071,#2072,#2073),
 .UNSPECIFIED.,.F.,.F.,(4,1,4),(0.00702768811580422,0.00962773447151354,
0.0122277808272229),.UNSPECIFIED.);
#148=B_SPLINE_CURVE_WITH_KNOTS('',3,(#2074,#2075,#2076,#2077,#2078),
 .UNSPECIFIED.,.F.,.F.,(4,1,4),(0.00659775917326484,0.0092793863105864,
0.0119610134479079),.UNSPECIFIED.);
#149=B_SPLINE_CURVE_WITH_KNOTS('',3,(#2082,#2083,#2084,#2085,#2086),
 .UNSPECIFIED.,.F.,.F.,(4,1,4),(0.00588718494008343,0.00748827053924251,
0.00908935613840159),.UNSPECIFIED.);
#150=B_SPLINE_CURVE_WITH_KNOTS('',3,(#2088,#2089,#2090,#2091,#2092),
 .UNSPECIFIED.,.F.,.F.,(4,1,4),(0.00598878452116301,0.00753646809732183,
0.00908415167348066),.UNSPECIFIED.);
#151=B_SPLINE_CURVE_WITH_KNOTS('',3,(#2246,#2247,#2248,#2249),
 .UNSPECIFIED.,.F.,.F.,(4,4),(-9.80315139196495E-6,0.00120760072315463),
 .UNSPECIFIED.);
#152=B_SPLINE_CURVE_WITH_KNOTS('',3,(#2253,#2254,#2255,#2256,#2257),
 .UNSPECIFIED.,.F.,.F.,(4,1,4),(0.,0.000761175384749179,0.00152235076949836),
 .UNSPECIFIED.);
#153=B_SPLINE_CURVE_WITH_KNOTS('',3,(#2263,#2264,#2265,#2266,#2267),
 .UNSPECIFIED.,.F.,.F.,(4,1,4),(0.,0.000761175384749156,0.00152235076949831),
 .UNSPECIFIED.);
#154=B_SPLINE_CURVE_WITH_KNOTS('',3,(#2271,#2272,#2273,#2274),
 .UNSPECIFIED.,.F.,.F.,(4,4),(-9.8031513920039E-6,0.00117154552979926),
 .UNSPECIFIED.);
#155=ORIENTED_EDGE('',*,*,#521,.T.);
#156=ORIENTED_EDGE('',*,*,#522,.T.);
#157=ORIENTED_EDGE('',*,*,#523,.T.);
#158=ORIENTED_EDGE('',*,*,#524,.T.);
#159=ORIENTED_EDGE('',*,*,#525,.T.);
#160=ORIENTED_EDGE('',*,*,#526,.F.);
#161=ORIENTED_EDGE('',*,*,#527,.T.);
#162=ORIENTED_EDGE('',*,*,#528,.T.);
#163=ORIENTED_EDGE('',*,*,#529,.F.);
#164=ORIENTED_EDGE('',*,*,#530,.T.);
#165=ORIENTED_EDGE('',*,*,#531,.F.);
#166=ORIENTED_EDGE('',*,*,#532,.T.);
#167=ORIENTED_EDGE('',*,*,#533,.T.);
#168=ORIENTED_EDGE('',*,*,#534,.T.);
#169=ORIENTED_EDGE('',*,*,#535,.T.);
#170=ORIENTED_EDGE('',*,*,#536,.T.);
#171=ORIENTED_EDGE('',*,*,#536,.F.);
#172=ORIENTED_EDGE('',*,*,#537,.F.);
#173=ORIENTED_EDGE('',*,*,#538,.T.);
#174=ORIENTED_EDGE('',*,*,#539,.T.);
#175=ORIENTED_EDGE('',*,*,#540,.T.);
#176=ORIENTED_EDGE('',*,*,#541,.T.);
#177=ORIENTED_EDGE('',*,*,#542,.F.);
#178=ORIENTED_EDGE('',*,*,#543,.T.);
#179=ORIENTED_EDGE('',*,*,#544,.T.);
#180=ORIENTED_EDGE('',*,*,#525,.F.);
#181=ORIENTED_EDGE('',*,*,#545,.T.);
#182=ORIENTED_EDGE('',*,*,#546,.T.);
#183=ORIENTED_EDGE('',*,*,#547,.T.);
#184=ORIENTED_EDGE('',*,*,#548,.T.);
#185=ORIENTED_EDGE('',*,*,#549,.F.);
#186=ORIENTED_EDGE('',*,*,#550,.T.);
#187=ORIENTED_EDGE('',*,*,#551,.T.);
#188=ORIENTED_EDGE('',*,*,#552,.F.);
#189=ORIENTED_EDGE('',*,*,#553,.T.);
#190=ORIENTED_EDGE('',*,*,#554,.F.);
#191=ORIENTED_EDGE('',*,*,#555,.T.);
#192=ORIENTED_EDGE('',*,*,#556,.T.);
#193=ORIENTED_EDGE('',*,*,#557,.F.);
#194=ORIENTED_EDGE('',*,*,#558,.T.);
#195=ORIENTED_EDGE('',*,*,#559,.T.);
#196=ORIENTED_EDGE('',*,*,#560,.T.);
#197=ORIENTED_EDGE('',*,*,#561,.T.);
#198=ORIENTED_EDGE('',*,*,#562,.T.);
#199=ORIENTED_EDGE('',*,*,#563,.F.);
#200=ORIENTED_EDGE('',*,*,#564,.F.);
#201=ORIENTED_EDGE('',*,*,#565,.T.);
#202=ORIENTED_EDGE('',*,*,#560,.F.);
#203=ORIENTED_EDGE('',*,*,#566,.T.);
#204=ORIENTED_EDGE('',*,*,#567,.T.);
#205=ORIENTED_EDGE('',*,*,#568,.F.);
#206=ORIENTED_EDGE('',*,*,#569,.F.);
#207=ORIENTED_EDGE('',*,*,#555,.F.);
#208=ORIENTED_EDGE('',*,*,#570,.T.);
#209=ORIENTED_EDGE('',*,*,#571,.F.);
#210=ORIENTED_EDGE('',*,*,#572,.F.);
#211=ORIENTED_EDGE('',*,*,#573,.F.);
#212=ORIENTED_EDGE('',*,*,#574,.T.);
#213=ORIENTED_EDGE('',*,*,#575,.T.);
#214=ORIENTED_EDGE('',*,*,#576,.F.);
#215=ORIENTED_EDGE('',*,*,#577,.T.);
#216=ORIENTED_EDGE('',*,*,#578,.T.);
#217=ORIENTED_EDGE('',*,*,#579,.T.);
#218=ORIENTED_EDGE('',*,*,#580,.F.);
#219=ORIENTED_EDGE('',*,*,#581,.T.);
#220=ORIENTED_EDGE('',*,*,#582,.T.);
#221=ORIENTED_EDGE('',*,*,#583,.T.);
#222=ORIENTED_EDGE('',*,*,#584,.F.);
#223=ORIENTED_EDGE('',*,*,#585,.T.);
#224=ORIENTED_EDGE('',*,*,#586,.F.);
#225=ORIENTED_EDGE('',*,*,#587,.F.);
#226=ORIENTED_EDGE('',*,*,#577,.F.);
#227=ORIENTED_EDGE('',*,*,#588,.T.);
#228=ORIENTED_EDGE('',*,*,#589,.F.);
#229=ORIENTED_EDGE('',*,*,#590,.F.);
#230=ORIENTED_EDGE('',*,*,#591,.F.);
#231=ORIENTED_EDGE('',*,*,#582,.F.);
#232=ORIENTED_EDGE('',*,*,#553,.F.);
#233=ORIENTED_EDGE('',*,*,#592,.T.);
#234=ORIENTED_EDGE('',*,*,#573,.T.);
#235=ORIENTED_EDGE('',*,*,#583,.F.);
#236=ORIENTED_EDGE('',*,*,#591,.T.);
#237=ORIENTED_EDGE('',*,*,#593,.T.);
#238=ORIENTED_EDGE('',*,*,#576,.T.);
#239=ORIENTED_EDGE('',*,*,#594,.T.);
#240=ORIENTED_EDGE('',*,*,#595,.F.);
#241=ORIENTED_EDGE('',*,*,#588,.F.);
#242=ORIENTED_EDGE('',*,*,#596,.T.);
#243=ORIENTED_EDGE('',*,*,#597,.T.);
#244=ORIENTED_EDGE('',*,*,#598,.T.);
#245=ORIENTED_EDGE('',*,*,#599,.T.);
#246=ORIENTED_EDGE('',*,*,#600,.T.);
#247=ORIENTED_EDGE('',*,*,#601,.T.);
#248=ORIENTED_EDGE('',*,*,#574,.F.);
#249=ORIENTED_EDGE('',*,*,#593,.F.);
#250=ORIENTED_EDGE('',*,*,#590,.T.);
#251=ORIENTED_EDGE('',*,*,#595,.T.);
#252=ORIENTED_EDGE('',*,*,#602,.T.);
#253=ORIENTED_EDGE('',*,*,#600,.F.);
#254=ORIENTED_EDGE('',*,*,#589,.T.);
#255=ORIENTED_EDGE('',*,*,#603,.F.);
#256=ORIENTED_EDGE('',*,*,#584,.T.);
#257=ORIENTED_EDGE('',*,*,#581,.F.);
#258=ORIENTED_EDGE('',*,*,#580,.T.);
#259=ORIENTED_EDGE('',*,*,#604,.T.);
#260=ORIENTED_EDGE('',*,*,#605,.F.);
#261=ORIENTED_EDGE('',*,*,#585,.F.);
#262=ORIENTED_EDGE('',*,*,#603,.T.);
#263=ORIENTED_EDGE('',*,*,#606,.T.);
#264=ORIENTED_EDGE('',*,*,#607,.T.);
#265=ORIENTED_EDGE('',*,*,#608,.T.);
#266=ORIENTED_EDGE('',*,*,#609,.T.);
#267=ORIENTED_EDGE('',*,*,#610,.T.);
#268=ORIENTED_EDGE('',*,*,#611,.T.);
#269=ORIENTED_EDGE('',*,*,#578,.F.);
#270=ORIENTED_EDGE('',*,*,#587,.T.);
#271=ORIENTED_EDGE('',*,*,#605,.T.);
#272=ORIENTED_EDGE('',*,*,#612,.T.);
#273=ORIENTED_EDGE('',*,*,#610,.F.);
#274=ORIENTED_EDGE('',*,*,#586,.T.);
#275=ORIENTED_EDGE('',*,*,#567,.F.);
#276=ORIENTED_EDGE('',*,*,#613,.T.);
#277=ORIENTED_EDGE('',*,*,#614,.T.);
#278=ORIENTED_EDGE('',*,*,#556,.F.);
#279=ORIENTED_EDGE('',*,*,#569,.T.);
#280=ORIENTED_EDGE('',*,*,#615,.T.);
#281=ORIENTED_EDGE('',*,*,#616,.T.);
#282=ORIENTED_EDGE('',*,*,#617,.F.);
#283=ORIENTED_EDGE('',*,*,#614,.F.);
#284=ORIENTED_EDGE('',*,*,#618,.T.);
#285=ORIENTED_EDGE('',*,*,#619,.T.);
#286=ORIENTED_EDGE('',*,*,#615,.F.);
#287=ORIENTED_EDGE('',*,*,#568,.T.);
#288=ORIENTED_EDGE('',*,*,#619,.F.);
#289=ORIENTED_EDGE('',*,*,#620,.T.);
#290=ORIENTED_EDGE('',*,*,#621,.T.);
#291=ORIENTED_EDGE('',*,*,#616,.F.);
#292=ORIENTED_EDGE('',*,*,#621,.F.);
#293=ORIENTED_EDGE('',*,*,#622,.T.);
#294=ORIENTED_EDGE('',*,*,#557,.T.);
#295=ORIENTED_EDGE('',*,*,#617,.T.);
#296=ORIENTED_EDGE('',*,*,#623,.T.);
#297=ORIENTED_EDGE('',*,*,#624,.T.);
#298=ORIENTED_EDGE('',*,*,#625,.T.);
#299=ORIENTED_EDGE('',*,*,#626,.T.);
#300=ORIENTED_EDGE('',*,*,#627,.F.);
#301=ORIENTED_EDGE('',*,*,#628,.T.);
#302=ORIENTED_EDGE('',*,*,#629,.T.);
#303=ORIENTED_EDGE('',*,*,#630,.T.);
#304=ORIENTED_EDGE('',*,*,#570,.F.);
#305=ORIENTED_EDGE('',*,*,#554,.T.);
#306=ORIENTED_EDGE('',*,*,#631,.F.);
#307=ORIENTED_EDGE('',*,*,#632,.T.);
#308=ORIENTED_EDGE('',*,*,#564,.T.);
#309=ORIENTED_EDGE('',*,*,#629,.F.);
#310=ORIENTED_EDGE('',*,*,#633,.T.);
#311=ORIENTED_EDGE('',*,*,#631,.T.);
#312=ORIENTED_EDGE('',*,*,#572,.T.);
#313=ORIENTED_EDGE('',*,*,#634,.F.);
#314=ORIENTED_EDGE('',*,*,#563,.T.);
#315=ORIENTED_EDGE('',*,*,#635,.T.);
#316=ORIENTED_EDGE('',*,*,#627,.T.);
#317=ORIENTED_EDGE('',*,*,#636,.T.);
#318=ORIENTED_EDGE('',*,*,#637,.T.);
#319=ORIENTED_EDGE('',*,*,#638,.T.);
#320=ORIENTED_EDGE('',*,*,#639,.T.);
#321=ORIENTED_EDGE('',*,*,#634,.T.);
#322=ORIENTED_EDGE('',*,*,#571,.T.);
#323=ORIENTED_EDGE('',*,*,#630,.F.);
#324=ORIENTED_EDGE('',*,*,#640,.F.);
#325=ORIENTED_EDGE('',*,*,#596,.F.);
#326=ORIENTED_EDGE('',*,*,#641,.F.);
#327=ORIENTED_EDGE('',*,*,#575,.F.);
#328=ORIENTED_EDGE('',*,*,#641,.T.);
#329=ORIENTED_EDGE('',*,*,#599,.F.);
#330=ORIENTED_EDGE('',*,*,#642,.F.);
#331=ORIENTED_EDGE('',*,*,#594,.F.);
#332=ORIENTED_EDGE('',*,*,#640,.T.);
#333=ORIENTED_EDGE('',*,*,#601,.F.);
#334=ORIENTED_EDGE('',*,*,#643,.F.);
#335=ORIENTED_EDGE('',*,*,#597,.F.);
#336=ORIENTED_EDGE('',*,*,#642,.T.);
#337=ORIENTED_EDGE('',*,*,#598,.F.);
#338=ORIENTED_EDGE('',*,*,#643,.T.);
#339=ORIENTED_EDGE('',*,*,#602,.F.);
#340=ORIENTED_EDGE('',*,*,#644,.F.);
#341=ORIENTED_EDGE('',*,*,#606,.F.);
#342=ORIENTED_EDGE('',*,*,#645,.F.);
#343=ORIENTED_EDGE('',*,*,#579,.F.);
#344=ORIENTED_EDGE('',*,*,#645,.T.);
#345=ORIENTED_EDGE('',*,*,#609,.F.);
#346=ORIENTED_EDGE('',*,*,#646,.F.);
#347=ORIENTED_EDGE('',*,*,#604,.F.);
#348=ORIENTED_EDGE('',*,*,#644,.T.);
#349=ORIENTED_EDGE('',*,*,#611,.F.);
#350=ORIENTED_EDGE('',*,*,#647,.F.);
#351=ORIENTED_EDGE('',*,*,#607,.F.);
#352=ORIENTED_EDGE('',*,*,#646,.T.);
#353=ORIENTED_EDGE('',*,*,#608,.F.);
#354=ORIENTED_EDGE('',*,*,#647,.T.);
#355=ORIENTED_EDGE('',*,*,#612,.F.);
#356=ORIENTED_EDGE('',*,*,#648,.F.);
#357=ORIENTED_EDGE('',*,*,#636,.F.);
#358=ORIENTED_EDGE('',*,*,#649,.F.);
#359=ORIENTED_EDGE('',*,*,#628,.F.);
#360=ORIENTED_EDGE('',*,*,#649,.T.);
#361=ORIENTED_EDGE('',*,*,#639,.F.);
#362=ORIENTED_EDGE('',*,*,#650,.F.);
#363=ORIENTED_EDGE('',*,*,#633,.F.);
#364=ORIENTED_EDGE('',*,*,#635,.F.);
#365=ORIENTED_EDGE('',*,*,#562,.F.);
#366=ORIENTED_EDGE('',*,*,#651,.F.);
#367=ORIENTED_EDGE('',*,*,#637,.F.);
#368=ORIENTED_EDGE('',*,*,#648,.T.);
#369=ORIENTED_EDGE('',*,*,#650,.T.);
#370=ORIENTED_EDGE('',*,*,#638,.F.);
#371=ORIENTED_EDGE('',*,*,#651,.T.);
#372=ORIENTED_EDGE('',*,*,#561,.F.);
#373=ORIENTED_EDGE('',*,*,#565,.F.);
#374=ORIENTED_EDGE('',*,*,#632,.F.);
#375=ORIENTED_EDGE('',*,*,#652,.F.);
#376=ORIENTED_EDGE('',*,*,#623,.F.);
#377=ORIENTED_EDGE('',*,*,#653,.F.);
#378=ORIENTED_EDGE('',*,*,#613,.F.);
#379=ORIENTED_EDGE('',*,*,#566,.F.);
#380=ORIENTED_EDGE('',*,*,#559,.F.);
#381=ORIENTED_EDGE('',*,*,#653,.T.);
#382=ORIENTED_EDGE('',*,*,#626,.F.);
#383=ORIENTED_EDGE('',*,*,#654,.F.);
#384=ORIENTED_EDGE('',*,*,#618,.F.);
#385=ORIENTED_EDGE('',*,*,#558,.F.);
#386=ORIENTED_EDGE('',*,*,#622,.F.);
#387=ORIENTED_EDGE('',*,*,#655,.F.);
#388=ORIENTED_EDGE('',*,*,#624,.F.);
#389=ORIENTED_EDGE('',*,*,#652,.T.);
#390=ORIENTED_EDGE('',*,*,#654,.T.);
#391=ORIENTED_EDGE('',*,*,#625,.F.);
#392=ORIENTED_EDGE('',*,*,#655,.T.);
#393=ORIENTED_EDGE('',*,*,#620,.F.);
#394=ORIENTED_EDGE('',*,*,#592,.F.);
#395=ORIENTED_EDGE('',*,*,#524,.F.);
#396=ORIENTED_EDGE('',*,*,#542,.T.);
#397=ORIENTED_EDGE('',*,*,#656,.T.);
#398=ORIENTED_EDGE('',*,*,#657,.F.);
#399=ORIENTED_EDGE('',*,*,#539,.F.);
#400=ORIENTED_EDGE('',*,*,#658,.T.);
#401=ORIENTED_EDGE('',*,*,#543,.F.);
#402=ORIENTED_EDGE('',*,*,#657,.T.);
#403=ORIENTED_EDGE('',*,*,#659,.T.);
#404=ORIENTED_EDGE('',*,*,#537,.T.);
#405=ORIENTED_EDGE('',*,*,#660,.T.);
#406=ORIENTED_EDGE('',*,*,#661,.T.);
#407=ORIENTED_EDGE('',*,*,#662,.T.);
#408=ORIENTED_EDGE('',*,*,#552,.T.);
#409=ORIENTED_EDGE('',*,*,#547,.F.);
#410=ORIENTED_EDGE('',*,*,#663,.T.);
#411=ORIENTED_EDGE('',*,*,#661,.F.);
#412=ORIENTED_EDGE('',*,*,#551,.F.);
#413=ORIENTED_EDGE('',*,*,#664,.T.);
#414=ORIENTED_EDGE('',*,*,#549,.T.);
#415=ORIENTED_EDGE('',*,*,#665,.T.);
#416=ORIENTED_EDGE('',*,*,#663,.F.);
#417=ORIENTED_EDGE('',*,*,#546,.F.);
#418=ORIENTED_EDGE('',*,*,#666,.F.);
#419=ORIENTED_EDGE('',*,*,#667,.F.);
#420=ORIENTED_EDGE('',*,*,#668,.F.);
#421=ORIENTED_EDGE('',*,*,#545,.F.);
#422=ORIENTED_EDGE('',*,*,#662,.F.);
#423=ORIENTED_EDGE('',*,*,#668,.T.);
#424=ORIENTED_EDGE('',*,*,#669,.F.);
#425=ORIENTED_EDGE('',*,*,#666,.T.);
#426=ORIENTED_EDGE('',*,*,#548,.F.);
#427=ORIENTED_EDGE('',*,*,#664,.F.);
#428=ORIENTED_EDGE('',*,*,#550,.F.);
#429=ORIENTED_EDGE('',*,*,#665,.F.);
#430=ORIENTED_EDGE('',*,*,#544,.F.);
#431=ORIENTED_EDGE('',*,*,#658,.F.);
#432=ORIENTED_EDGE('',*,*,#538,.F.);
#433=ORIENTED_EDGE('',*,*,#660,.F.);
#434=ORIENTED_EDGE('',*,*,#540,.F.);
#435=ORIENTED_EDGE('',*,*,#659,.F.);
#436=ORIENTED_EDGE('',*,*,#670,.F.);
#437=ORIENTED_EDGE('',*,*,#671,.F.);
#438=ORIENTED_EDGE('',*,*,#672,.F.);
#439=ORIENTED_EDGE('',*,*,#670,.T.);
#440=ORIENTED_EDGE('',*,*,#656,.F.);
#441=ORIENTED_EDGE('',*,*,#541,.F.);
#442=ORIENTED_EDGE('',*,*,#672,.T.);
#443=ORIENTED_EDGE('',*,*,#673,.F.);
#444=ORIENTED_EDGE('',*,*,#667,.T.);
#445=ORIENTED_EDGE('',*,*,#674,.F.);
#446=ORIENTED_EDGE('',*,*,#675,.F.);
#447=ORIENTED_EDGE('',*,*,#676,.T.);
#448=ORIENTED_EDGE('',*,*,#669,.T.);
#449=ORIENTED_EDGE('',*,*,#676,.F.);
#450=ORIENTED_EDGE('',*,*,#677,.F.);
#451=ORIENTED_EDGE('',*,*,#674,.T.);
#452=ORIENTED_EDGE('',*,*,#675,.T.);
#453=ORIENTED_EDGE('',*,*,#677,.T.);
#454=ORIENTED_EDGE('',*,*,#671,.T.);
#455=ORIENTED_EDGE('',*,*,#678,.F.);
#456=ORIENTED_EDGE('',*,*,#679,.F.);
#457=ORIENTED_EDGE('',*,*,#680,.T.);
#458=ORIENTED_EDGE('',*,*,#673,.T.);
#459=ORIENTED_EDGE('',*,*,#680,.F.);
#460=ORIENTED_EDGE('',*,*,#681,.F.);
#461=ORIENTED_EDGE('',*,*,#678,.T.);
#462=ORIENTED_EDGE('',*,*,#679,.T.);
#463=ORIENTED_EDGE('',*,*,#681,.T.);
#464=ORIENTED_EDGE('',*,*,#526,.T.);
#465=ORIENTED_EDGE('',*,*,#682,.T.);
#466=ORIENTED_EDGE('',*,*,#683,.F.);
#467=ORIENTED_EDGE('',*,*,#684,.F.);
#468=ORIENTED_EDGE('',*,*,#684,.T.);
#469=ORIENTED_EDGE('',*,*,#685,.T.);
#470=ORIENTED_EDGE('',*,*,#686,.F.);
#471=ORIENTED_EDGE('',*,*,#527,.F.);
#472=ORIENTED_EDGE('',*,*,#686,.T.);
#473=ORIENTED_EDGE('',*,*,#687,.T.);
#474=ORIENTED_EDGE('',*,*,#688,.F.);
#475=ORIENTED_EDGE('',*,*,#528,.F.);
#476=ORIENTED_EDGE('',*,*,#529,.T.);
#477=ORIENTED_EDGE('',*,*,#688,.T.);
#478=ORIENTED_EDGE('',*,*,#689,.F.);
#479=ORIENTED_EDGE('',*,*,#690,.F.);
#480=ORIENTED_EDGE('',*,*,#690,.T.);
#481=ORIENTED_EDGE('',*,*,#691,.T.);
#482=ORIENTED_EDGE('',*,*,#692,.F.);
#483=ORIENTED_EDGE('',*,*,#530,.F.);
#484=ORIENTED_EDGE('',*,*,#531,.T.);
#485=ORIENTED_EDGE('',*,*,#692,.T.);
#486=ORIENTED_EDGE('',*,*,#693,.F.);
#487=ORIENTED_EDGE('',*,*,#694,.F.);
#488=ORIENTED_EDGE('',*,*,#694,.T.);
#489=ORIENTED_EDGE('',*,*,#695,.T.);
#490=ORIENTED_EDGE('',*,*,#696,.F.);
#491=ORIENTED_EDGE('',*,*,#532,.F.);
#492=ORIENTED_EDGE('',*,*,#696,.T.);
#493=ORIENTED_EDGE('',*,*,#697,.T.);
#494=ORIENTED_EDGE('',*,*,#698,.F.);
#495=ORIENTED_EDGE('',*,*,#533,.F.);
#496=ORIENTED_EDGE('',*,*,#698,.T.);
#497=ORIENTED_EDGE('',*,*,#699,.T.);
#498=ORIENTED_EDGE('',*,*,#700,.F.);
#499=ORIENTED_EDGE('',*,*,#534,.F.);
#500=ORIENTED_EDGE('',*,*,#700,.T.);
#501=ORIENTED_EDGE('',*,*,#701,.T.);
#502=ORIENTED_EDGE('',*,*,#682,.F.);
#503=ORIENTED_EDGE('',*,*,#535,.F.);
#504=ORIENTED_EDGE('',*,*,#683,.T.);
#505=ORIENTED_EDGE('',*,*,#701,.F.);
#506=ORIENTED_EDGE('',*,*,#699,.F.);
#507=ORIENTED_EDGE('',*,*,#697,.F.);
#508=ORIENTED_EDGE('',*,*,#695,.F.);
#509=ORIENTED_EDGE('',*,*,#693,.T.);
#510=ORIENTED_EDGE('',*,*,#691,.F.);
#511=ORIENTED_EDGE('',*,*,#689,.T.);
#512=ORIENTED_EDGE('',*,*,#687,.F.);
#513=ORIENTED_EDGE('',*,*,#685,.F.);
#514=ORIENTED_EDGE('',*,*,#702,.T.);
#515=ORIENTED_EDGE('',*,*,#523,.F.);
#516=ORIENTED_EDGE('',*,*,#702,.F.);
#517=ORIENTED_EDGE('',*,*,#703,.T.);
#518=ORIENTED_EDGE('',*,*,#522,.F.);
#519=ORIENTED_EDGE('',*,*,#703,.F.);
#520=ORIENTED_EDGE('',*,*,#521,.F.);
#521=EDGE_CURVE('',#704,#705,#822,.F.);
#522=EDGE_CURVE('',#705,#704,#114,.T.);
#523=EDGE_CURVE('',#706,#706,#115,.T.);
#524=EDGE_CURVE('',#707,#707,#78,.T.);
#525=EDGE_CURVE('',#708,#708,#79,.F.);
#526=EDGE_CURVE('',#709,#710,#116,.T.);
#527=EDGE_CURVE('',#709,#711,#823,.F.);
#528=EDGE_CURVE('',#711,#712,#80,.T.);
#529=EDGE_CURVE('',#713,#712,#824,.F.);
#530=EDGE_CURVE('',#713,#714,#81,.T.);
#531=EDGE_CURVE('',#715,#714,#117,.T.);
#532=EDGE_CURVE('',#715,#716,#82,.T.);
#533=EDGE_CURVE('',#716,#717,#118,.T.);
#534=EDGE_CURVE('',#717,#718,#119,.T.);
#535=EDGE_CURVE('',#718,#710,#83,.T.);
#536=EDGE_CURVE('',#719,#719,#84,.T.);
#537=EDGE_CURVE('',#720,#721,#120,.T.);
#538=EDGE_CURVE('',#720,#722,#121,.T.);
#539=EDGE_CURVE('',#722,#723,#122,.T.);
#540=EDGE_CURVE('',#723,#724,#123,.T.);
#541=EDGE_CURVE('',#724,#725,#124,.T.);
#542=EDGE_CURVE('',#726,#725,#125,.T.);
#543=EDGE_CURVE('',#726,#727,#126,.T.);
#544=EDGE_CURVE('',#727,#721,#127,.T.);
#545=EDGE_CURVE('',#728,#729,#128,.T.);
#546=EDGE_CURVE('',#729,#730,#129,.T.);
#547=EDGE_CURVE('',#730,#731,#130,.T.);
#548=EDGE_CURVE('',#731,#732,#131,.T.);
#549=EDGE_CURVE('',#733,#732,#132,.T.);
#550=EDGE_CURVE('',#733,#734,#133,.T.);
#551=EDGE_CURVE('',#734,#735,#134,.T.);
#552=EDGE_CURVE('',#728,#735,#135,.T.);
#553=EDGE_CURVE('',#736,#736,#85,.T.);
#554=EDGE_CURVE('',#737,#738,#825,.T.);
#555=EDGE_CURVE('',#737,#739,#86,.F.);
#556=EDGE_CURVE('',#739,#740,#826,.T.);
#557=EDGE_CURVE('',#741,#740,#87,.T.);
#558=EDGE_CURVE('',#741,#742,#136,.T.);
#559=EDGE_CURVE('',#742,#743,#827,.F.);
#560=EDGE_CURVE('',#743,#744,#88,.F.);
#561=EDGE_CURVE('',#744,#745,#828,.F.);
#562=EDGE_CURVE('',#745,#746,#137,.T.);
#563=EDGE_CURVE('',#738,#746,#89,.T.);
#564=EDGE_CURVE('',#747,#748,#138,.T.);
#565=EDGE_CURVE('',#747,#744,#139,.T.);
#566=EDGE_CURVE('',#743,#749,#140,.T.);
#567=EDGE_CURVE('',#749,#750,#141,.T.);
#568=EDGE_CURVE('',#751,#750,#90,.F.);
#569=EDGE_CURVE('',#739,#751,#142,.T.);
#570=EDGE_CURVE('',#737,#752,#143,.T.);
#571=EDGE_CURVE('',#753,#752,#144,.T.);
#572=EDGE_CURVE('',#748,#753,#91,.F.);
#573=EDGE_CURVE('',#754,#754,#92,.T.);
#574=EDGE_CURVE('',#755,#756,#829,.T.);
#575=EDGE_CURVE('',#756,#757,#830,.F.);
#576=EDGE_CURVE('',#758,#757,#831,.T.);
#577=EDGE_CURVE('',#758,#759,#93,.F.);
#578=EDGE_CURVE('',#759,#760,#832,.T.);
#579=EDGE_CURVE('',#760,#761,#833,.F.);
#580=EDGE_CURVE('',#762,#761,#834,.T.);
#581=EDGE_CURVE('',#762,#763,#835,.T.);
#582=EDGE_CURVE('',#763,#764,#94,.F.);
#583=EDGE_CURVE('',#764,#755,#836,.T.);
#584=EDGE_CURVE('',#765,#763,#145,.T.);
#585=EDGE_CURVE('',#765,#766,#146,.T.);
#586=EDGE_CURVE('',#767,#766,#95,.F.);
#587=EDGE_CURVE('',#759,#767,#147,.T.);
#588=EDGE_CURVE('',#758,#768,#148,.T.);
#589=EDGE_CURVE('',#769,#768,#96,.F.);
#590=EDGE_CURVE('',#770,#769,#149,.T.);
#591=EDGE_CURVE('',#764,#770,#150,.T.);
#592=EDGE_CURVE('',#771,#771,#97,.F.);
#593=EDGE_CURVE('',#770,#755,#837,.T.);
#594=EDGE_CURVE('',#757,#772,#838,.F.);
#595=EDGE_CURVE('',#768,#772,#839,.T.);
#596=EDGE_CURVE('',#773,#774,#840,.T.);
#597=EDGE_CURVE('',#774,#775,#841,.F.);
#598=EDGE_CURVE('',#775,#776,#842,.F.);
#599=EDGE_CURVE('',#776,#773,#843,.T.);
#600=EDGE_CURVE('',#769,#777,#844,.T.);
#601=EDGE_CURVE('',#777,#756,#845,.T.);
#602=EDGE_CURVE('',#772,#777,#846,.T.);
#603=EDGE_CURVE('',#765,#762,#847,.T.);
#604=EDGE_CURVE('',#761,#778,#848,.F.);
#605=EDGE_CURVE('',#766,#778,#849,.T.);
#606=EDGE_CURVE('',#779,#780,#850,.T.);
#607=EDGE_CURVE('',#780,#781,#851,.F.);
#608=EDGE_CURVE('',#781,#782,#852,.F.);
#609=EDGE_CURVE('',#782,#779,#853,.T.);
#610=EDGE_CURVE('',#767,#783,#854,.T.);
#611=EDGE_CURVE('',#783,#760,#855,.T.);
#612=EDGE_CURVE('',#778,#783,#856,.T.);
#613=EDGE_CURVE('',#749,#784,#857,.F.);
#614=EDGE_CURVE('',#784,#750,#858,.T.);
#615=EDGE_CURVE('',#751,#785,#859,.T.);
#616=EDGE_CURVE('',#785,#786,#860,.T.);
#617=EDGE_CURVE('',#740,#786,#861,.T.);
#618=EDGE_CURVE('',#784,#787,#862,.T.);
#619=EDGE_CURVE('',#787,#785,#863,.T.);
#620=EDGE_CURVE('',#787,#788,#864,.T.);
#621=EDGE_CURVE('',#788,#786,#865,.T.);
#622=EDGE_CURVE('',#788,#741,#866,.F.);
#623=EDGE_CURVE('',#789,#790,#867,.T.);
#624=EDGE_CURVE('',#790,#791,#868,.T.);
#625=EDGE_CURVE('',#791,#792,#869,.F.);
#626=EDGE_CURVE('',#792,#789,#870,.F.);
#627=EDGE_CURVE('',#793,#738,#871,.T.);
#628=EDGE_CURVE('',#793,#794,#872,.F.);
#629=EDGE_CURVE('',#794,#795,#873,.T.);
#630=EDGE_CURVE('',#795,#752,#874,.T.);
#631=EDGE_CURVE('',#796,#748,#875,.T.);
#632=EDGE_CURVE('',#796,#747,#876,.T.);
#633=EDGE_CURVE('',#794,#796,#877,.T.);
#634=EDGE_CURVE('',#795,#753,#878,.T.);
#635=EDGE_CURVE('',#746,#793,#879,.F.);
#636=EDGE_CURVE('',#797,#798,#880,.T.);
#637=EDGE_CURVE('',#798,#799,#881,.T.);
#638=EDGE_CURVE('',#799,#800,#882,.F.);
#639=EDGE_CURVE('',#800,#797,#883,.F.);
#640=EDGE_CURVE('',#774,#756,#12,.T.);
#641=EDGE_CURVE('',#757,#773,#13,.F.);
#642=EDGE_CURVE('',#772,#776,#14,.F.);
#643=EDGE_CURVE('',#775,#777,#15,.T.);
#644=EDGE_CURVE('',#780,#760,#16,.T.);
#645=EDGE_CURVE('',#761,#779,#17,.F.);
#646=EDGE_CURVE('',#778,#782,#18,.F.);
#647=EDGE_CURVE('',#781,#783,#19,.T.);
#648=EDGE_CURVE('',#798,#793,#20,.T.);
#649=EDGE_CURVE('',#794,#797,#21,.F.);
#650=EDGE_CURVE('',#796,#800,#22,.F.);
#651=EDGE_CURVE('',#799,#745,#23,.T.);
#652=EDGE_CURVE('',#790,#742,#24,.T.);
#653=EDGE_CURVE('',#784,#789,#25,.F.);
#654=EDGE_CURVE('',#787,#792,#26,.F.);
#655=EDGE_CURVE('',#791,#788,#27,.T.);
#656=EDGE_CURVE('',#725,#801,#884,.F.);
#657=EDGE_CURVE('',#726,#801,#885,.T.);
#658=EDGE_CURVE('',#722,#727,#98,.F.);
#659=EDGE_CURVE('',#801,#723,#99,.T.);
#660=EDGE_CURVE('',#721,#720,#100,.T.);
#661=EDGE_CURVE('',#735,#802,#886,.T.);
#662=EDGE_CURVE('',#802,#728,#887,.F.);
#663=EDGE_CURVE('',#730,#802,#101,.T.);
#664=EDGE_CURVE('',#734,#731,#102,.F.);
#665=EDGE_CURVE('',#732,#733,#103,.T.);
#666=EDGE_CURVE('',#803,#729,#151,.T.);
#667=EDGE_CURVE('',#804,#803,#104,.F.);
#668=EDGE_CURVE('',#802,#804,#152,.T.);
#669=EDGE_CURVE('',#803,#804,#888,.T.);
#670=EDGE_CURVE('',#805,#801,#153,.F.);
#671=EDGE_CURVE('',#806,#805,#105,.F.);
#672=EDGE_CURVE('',#724,#806,#154,.F.);
#673=EDGE_CURVE('',#805,#806,#889,.T.);
#674=EDGE_CURVE('',#807,#803,#890,.T.);
#675=EDGE_CURVE('',#808,#807,#106,.F.);
#676=EDGE_CURVE('',#808,#804,#891,.T.);
#677=EDGE_CURVE('',#807,#808,#892,.T.);
#678=EDGE_CURVE('',#809,#805,#893,.T.);
#679=EDGE_CURVE('',#810,#809,#107,.F.);
#680=EDGE_CURVE('',#810,#806,#894,.T.);
#681=EDGE_CURVE('',#809,#810,#895,.T.);
#682=EDGE_CURVE('',#710,#811,#896,.T.);
#683=EDGE_CURVE('',#812,#811,#108,.T.);
#684=EDGE_CURVE('',#709,#812,#897,.T.);
#685=EDGE_CURVE('',#812,#813,#898,.T.);
#686=EDGE_CURVE('',#711,#813,#899,.T.);
#687=EDGE_CURVE('',#813,#814,#900,.T.);
#688=EDGE_CURVE('',#712,#814,#901,.T.);
#689=EDGE_CURVE('',#815,#814,#902,.T.);
#690=EDGE_CURVE('',#713,#815,#903,.T.);
#691=EDGE_CURVE('',#815,#816,#904,.T.);
#692=EDGE_CURVE('',#714,#816,#905,.T.);
#693=EDGE_CURVE('',#817,#816,#109,.T.);
#694=EDGE_CURVE('',#715,#817,#906,.T.);
#695=EDGE_CURVE('',#817,#818,#907,.T.);
#696=EDGE_CURVE('',#716,#818,#908,.T.);
#697=EDGE_CURVE('',#818,#819,#110,.T.);
#698=EDGE_CURVE('',#717,#819,#909,.T.);
#699=EDGE_CURVE('',#819,#820,#111,.T.);
#700=EDGE_CURVE('',#718,#820,#910,.T.);
#701=EDGE_CURVE('',#820,#811,#911,.T.);
#702=EDGE_CURVE('',#821,#821,#112,.T.);
#703=EDGE_CURVE('',#705,#704,#113,.T.);
#704=VERTEX_POINT('',#1802);
#705=VERTEX_POINT('',#1803);
#706=VERTEX_POINT('',#1824);
#707=VERTEX_POINT('',#1826);
#708=VERTEX_POINT('',#1828);
#709=VERTEX_POINT('',#1836);
#710=VERTEX_POINT('',#1837);
#711=VERTEX_POINT('',#1839);
#712=VERTEX_POINT('',#1841);
#713=VERTEX_POINT('',#1843);
#714=VERTEX_POINT('',#1845);
#715=VERTEX_POINT('',#1853);
#716=VERTEX_POINT('',#1855);
#717=VERTEX_POINT('',#1863);
#718=VERTEX_POINT('',#1871);
#719=VERTEX_POINT('',#1875);
#720=VERTEX_POINT('',#1881);
#721=VERTEX_POINT('',#1882);
#722=VERTEX_POINT('',#1888);
#723=VERTEX_POINT('',#1893);
#724=VERTEX_POINT('',#1898);
#725=VERTEX_POINT('',#1903);
#726=VERTEX_POINT('',#1908);
#727=VERTEX_POINT('',#1913);
#728=VERTEX_POINT('',#1926);
#729=VERTEX_POINT('',#1927);
#730=VERTEX_POINT('',#1932);
#731=VERTEX_POINT('',#1937);
#732=VERTEX_POINT('',#1943);
#733=VERTEX_POINT('',#1948);
#734=VERTEX_POINT('',#1955);
#735=VERTEX_POINT('',#1960);
#736=VERTEX_POINT('',#1967);
#737=VERTEX_POINT('',#1969);
#738=VERTEX_POINT('',#1970);
#739=VERTEX_POINT('',#1972);
#740=VERTEX_POINT('',#1974);
#741=VERTEX_POINT('',#1976);
#742=VERTEX_POINT('',#1981);
#743=VERTEX_POINT('',#1983);
#744=VERTEX_POINT('',#1985);
#745=VERTEX_POINT('',#1987);
#746=VERTEX_POINT('',#1992);
#747=VERTEX_POINT('',#1999);
#748=VERTEX_POINT('',#2000);
#749=VERTEX_POINT('',#2009);
#750=VERTEX_POINT('',#2014);
#751=VERTEX_POINT('',#2016);
#752=VERTEX_POINT('',#2025);
#753=VERTEX_POINT('',#2030);
#754=VERTEX_POINT('',#2033);
#755=VERTEX_POINT('',#2036);
#756=VERTEX_POINT('',#2037);
#757=VERTEX_POINT('',#2039);
#758=VERTEX_POINT('',#2041);
#759=VERTEX_POINT('',#2043);
#760=VERTEX_POINT('',#2045);
#761=VERTEX_POINT('',#2047);
#762=VERTEX_POINT('',#2049);
#763=VERTEX_POINT('',#2051);
#764=VERTEX_POINT('',#2053);
#765=VERTEX_POINT('',#2060);
#766=VERTEX_POINT('',#2066);
#767=VERTEX_POINT('',#2068);
#768=VERTEX_POINT('',#2079);
#769=VERTEX_POINT('',#2081);
#770=VERTEX_POINT('',#2087);
#771=VERTEX_POINT('',#2095);
#772=VERTEX_POINT('',#2100);
#773=VERTEX_POINT('',#2104);
#774=VERTEX_POINT('',#2105);
#775=VERTEX_POINT('',#2107);
#776=VERTEX_POINT('',#2109);
#777=VERTEX_POINT('',#2113);
#778=VERTEX_POINT('',#2121);
#779=VERTEX_POINT('',#2125);
#780=VERTEX_POINT('',#2126);
#781=VERTEX_POINT('',#2128);
#782=VERTEX_POINT('',#2130);
#783=VERTEX_POINT('',#2134);
#784=VERTEX_POINT('',#2140);
#785=VERTEX_POINT('',#2144);
#786=VERTEX_POINT('',#2146);
#787=VERTEX_POINT('',#2150);
#788=VERTEX_POINT('',#2154);
#789=VERTEX_POINT('',#2160);
#790=VERTEX_POINT('',#2161);
#791=VERTEX_POINT('',#2163);
#792=VERTEX_POINT('',#2165);
#793=VERTEX_POINT('',#2169);
#794=VERTEX_POINT('',#2171);
#795=VERTEX_POINT('',#2173);
#796=VERTEX_POINT('',#2177);
#797=VERTEX_POINT('',#2186);
#798=VERTEX_POINT('',#2187);
#799=VERTEX_POINT('',#2189);
#800=VERTEX_POINT('',#2191);
#801=VERTEX_POINT('',#2229);
#802=VERTEX_POINT('',#2238);
#803=VERTEX_POINT('',#2250);
#804=VERTEX_POINT('',#2252);
#805=VERTEX_POINT('',#2268);
#806=VERTEX_POINT('',#2270);
#807=VERTEX_POINT('',#2279);
#808=VERTEX_POINT('',#2281);
#809=VERTEX_POINT('',#2288);
#810=VERTEX_POINT('',#2290);
#811=VERTEX_POINT('',#2297);
#812=VERTEX_POINT('',#2299);
#813=VERTEX_POINT('',#2303);
#814=VERTEX_POINT('',#2307);
#815=VERTEX_POINT('',#2311);
#816=VERTEX_POINT('',#2315);
#817=VERTEX_POINT('',#2319);
#818=VERTEX_POINT('',#2323);
#819=VERTEX_POINT('',#2327);
#820=VERTEX_POINT('',#2331);
#821=VERTEX_POINT('',#2338);
#822=LINE('',#1801,#912);
#823=LINE('',#1838,#913);
#824=LINE('',#1842,#914);
#825=LINE('',#1968,#915);
#826=LINE('',#1973,#916);
#827=LINE('',#1982,#917);
#828=LINE('',#1986,#918);
#829=LINE('',#2035,#919);
#830=LINE('',#2038,#920);
#831=LINE('',#2040,#921);
#832=LINE('',#2044,#922);
#833=LINE('',#2046,#923);
#834=LINE('',#2048,#924);
#835=LINE('',#2050,#925);
#836=LINE('',#2054,#926);
#837=LINE('',#2097,#927);
#838=LINE('',#2099,#928);
#839=LINE('',#2101,#929);
#840=LINE('',#2103,#930);
#841=LINE('',#2106,#931);
#842=LINE('',#2108,#932);
#843=LINE('',#2110,#933);
#844=LINE('',#2112,#934);
#845=LINE('',#2114,#935);
#846=LINE('',#2116,#936);
#847=LINE('',#2118,#937);
#848=LINE('',#2120,#938);
#849=LINE('',#2122,#939);
#850=LINE('',#2124,#940);
#851=LINE('',#2127,#941);
#852=LINE('',#2129,#942);
#853=LINE('',#2131,#943);
#854=LINE('',#2133,#944);
#855=LINE('',#2135,#945);
#856=LINE('',#2137,#946);
#857=LINE('',#2139,#947);
#858=LINE('',#2141,#948);
#859=LINE('',#2143,#949);
#860=LINE('',#2145,#950);
#861=LINE('',#2147,#951);
#862=LINE('',#2149,#952);
#863=LINE('',#2151,#953);
#864=LINE('',#2153,#954);
#865=LINE('',#2155,#955);
#866=LINE('',#2157,#956);
#867=LINE('',#2159,#957);
#868=LINE('',#2162,#958);
#869=LINE('',#2164,#959);
#870=LINE('',#2166,#960);
#871=LINE('',#2168,#961);
#872=LINE('',#2170,#962);
#873=LINE('',#2172,#963);
#874=LINE('',#2174,#964);
#875=LINE('',#2176,#965);
#876=LINE('',#2178,#966);
#877=LINE('',#2180,#967);
#878=LINE('',#2181,#968);
#879=LINE('',#2183,#969);
#880=LINE('',#2185,#970);
#881=LINE('',#2188,#971);
#882=LINE('',#2190,#972);
#883=LINE('',#2192,#973);
#884=LINE('',#2228,#974);
#885=LINE('',#2230,#975);
#886=LINE('',#2237,#976);
#887=LINE('',#2239,#977);
#888=LINE('',#2259,#978);
#889=LINE('',#2276,#979);
#890=LINE('',#2278,#980);
#891=LINE('',#2282,#981);
#892=LINE('',#2284,#982);
#893=LINE('',#2287,#983);
#894=LINE('',#2291,#984);
#895=LINE('',#2293,#985);
#896=LINE('',#2296,#986);
#897=LINE('',#2300,#987);
#898=LINE('',#2302,#988);
#899=LINE('',#2304,#989);
#900=LINE('',#2306,#990);
#901=LINE('',#2308,#991);
#902=LINE('',#2310,#992);
#903=LINE('',#2312,#993);
#904=LINE('',#2314,#994);
#905=LINE('',#2316,#995);
#906=LINE('',#2320,#996);
#907=LINE('',#2322,#997);
#908=LINE('',#2324,#998);
#909=LINE('',#2328,#999);
#910=LINE('',#2332,#1000);
#911=LINE('',#2334,#1001);
#912=VECTOR('',#1447,1.);
#913=VECTOR('',#1452,1.);
#914=VECTOR('',#1455,1.);
#915=VECTOR('',#1472,1.);
#916=VECTOR('',#1475,1.);
#917=VECTOR('',#1478,1.);
#918=VECTOR('',#1481,1.);
#919=VECTOR('',#1494,1.);
#920=VECTOR('',#1495,1.);
#921=VECTOR('',#1496,1.);
#922=VECTOR('',#1499,1.);
#923=VECTOR('',#1500,1.);
#924=VECTOR('',#1501,1.);
#925=VECTOR('',#1502,1.);
#926=VECTOR('',#1505,1.);
#927=VECTOR('',#1518,1.);
#928=VECTOR('',#1521,1.);
#929=VECTOR('',#1522,1.);
#930=VECTOR('',#1525,1.);
#931=VECTOR('',#1526,1.);
#932=VECTOR('',#1527,1.);
#933=VECTOR('',#1528,1.);
#934=VECTOR('',#1531,1.);
#935=VECTOR('',#1532,1.);
#936=VECTOR('',#1535,1.);
#937=VECTOR('',#1538,1.);
#938=VECTOR('',#1541,1.);
#939=VECTOR('',#1542,1.);
#940=VECTOR('',#1545,1.);
#941=VECTOR('',#1546,1.);
#942=VECTOR('',#1547,1.);
#943=VECTOR('',#1548,1.);
#944=VECTOR('',#1551,1.);
#945=VECTOR('',#1552,1.);
#946=VECTOR('',#1555,1.);
#947=VECTOR('',#1558,1.);
#948=VECTOR('',#1559,1.);
#949=VECTOR('',#1562,1.);
#950=VECTOR('',#1563,1.);
#951=VECTOR('',#1564,1.);
#952=VECTOR('',#1567,1.);
#953=VECTOR('',#1568,1.);
#954=VECTOR('',#1571,1.);
#955=VECTOR('',#1572,1.);
#956=VECTOR('',#1575,1.);
#957=VECTOR('',#1578,1.);
#958=VECTOR('',#1579,1.);
#959=VECTOR('',#1580,1.);
#960=VECTOR('',#1581,1.);
#961=VECTOR('',#1584,1.);
#962=VECTOR('',#1585,1.);
#963=VECTOR('',#1586,1.);
#964=VECTOR('',#1587,1.);
#965=VECTOR('',#1590,1.);
#966=VECTOR('',#1591,1.);
#967=VECTOR('',#1594,1.);
#968=VECTOR('',#1595,1.);
#969=VECTOR('',#1598,1.);
#970=VECTOR('',#1601,1.);
#971=VECTOR('',#1602,1.);
#972=VECTOR('',#1603,1.);
#973=VECTOR('',#1604,1.);
#974=VECTOR('',#1675,1.);
#975=VECTOR('',#1676,1.);
#976=VECTOR('',#1689,1.);
#977=VECTOR('',#1690,1.);
#978=VECTOR('',#1707,1.);
#979=VECTOR('',#1718,1.);
#980=VECTOR('',#1721,1.);
#981=VECTOR('',#1724,1.);
#982=VECTOR('',#1727,1.);
#983=VECTOR('',#1732,1.);
#984=VECTOR('',#1735,1.);
#985=VECTOR('',#1738,1.);
#986=VECTOR('',#1743,1.);
#987=VECTOR('',#1746,1.);
#988=VECTOR('',#1749,1.);
#989=VECTOR('',#1750,1.);
#990=VECTOR('',#1753,1.);
#991=VECTOR('',#1754,1.);
#992=VECTOR('',#1757,1.);
#993=VECTOR('',#1758,1.);
#994=VECTOR('',#1761,1.);
#995=VECTOR('',#1762,1.);
#996=VECTOR('',#1767,1.);
#997=VECTOR('',#1770,1.);
#998=VECTOR('',#1771,1.);
#999=VECTOR('',#1776,1.);
#1000=VECTOR('',#1781,1.);
#1001=VECTOR('',#1784,1.);
#1002=EDGE_LOOP('',(#155,#156));
#1003=EDGE_LOOP('',(#157));
#1004=EDGE_LOOP('',(#158));
#1005=EDGE_LOOP('',(#159));
#1006=EDGE_LOOP('',(#160,#161,#162,#163,#164,#165,#166,#167,#168,#169));
#1007=EDGE_LOOP('',(#170));
#1008=EDGE_LOOP('',(#171));
#1009=EDGE_LOOP('',(#172,#173,#174,#175,#176,#177,#178,#179));
#1010=EDGE_LOOP('',(#180));
#1011=EDGE_LOOP('',(#181,#182,#183,#184,#185,#186,#187,#188));
#1012=EDGE_LOOP('',(#189));
#1013=EDGE_LOOP('',(#190,#191,#192,#193,#194,#195,#196,#197,#198,#199));
#1014=EDGE_LOOP('',(#200,#201,#202,#203,#204,#205,#206,#207,#208,#209,#210));
#1015=EDGE_LOOP('',(#211));
#1016=EDGE_LOOP('',(#212,#213,#214,#215,#216,#217,#218,#219,#220,#221));
#1017=EDGE_LOOP('',(#222,#223,#224,#225,#226,#227,#228,#229,#230,#231));
#1018=EDGE_LOOP('',(#232));
#1019=EDGE_LOOP('',(#233));
#1020=EDGE_LOOP('',(#234));
#1021=EDGE_LOOP('',(#235,#236,#237));
#1022=EDGE_LOOP('',(#238,#239,#240,#241));
#1023=EDGE_LOOP('',(#242,#243,#244,#245));
#1024=EDGE_LOOP('',(#246,#247,#248,#249,#250));
#1025=EDGE_LOOP('',(#251,#252,#253,#254));
#1026=EDGE_LOOP('',(#255,#256,#257));
#1027=EDGE_LOOP('',(#258,#259,#260,#261,#262));
#1028=EDGE_LOOP('',(#263,#264,#265,#266));
#1029=EDGE_LOOP('',(#267,#268,#269,#270));
#1030=EDGE_LOOP('',(#271,#272,#273,#274));
#1031=EDGE_LOOP('',(#275,#276,#277));
#1032=EDGE_LOOP('',(#278,#279,#280,#281,#282));
#1033=EDGE_LOOP('',(#283,#284,#285,#286,#287));
#1034=EDGE_LOOP('',(#288,#289,#290,#291));
#1035=EDGE_LOOP('',(#292,#293,#294,#295));
#1036=EDGE_LOOP('',(#296,#297,#298,#299));
#1037=EDGE_LOOP('',(#300,#301,#302,#303,#304,#305));
#1038=EDGE_LOOP('',(#306,#307,#308));
#1039=EDGE_LOOP('',(#309,#310,#311,#312,#313));
#1040=EDGE_LOOP('',(#314,#315,#316));
#1041=EDGE_LOOP('',(#317,#318,#319,#320));
#1042=EDGE_LOOP('',(#321,#322,#323));
#1043=EDGE_LOOP('',(#324,#325,#326,#327));
#1044=EDGE_LOOP('',(#328,#329,#330,#331));
#1045=EDGE_LOOP('',(#332,#333,#334,#335));
#1046=EDGE_LOOP('',(#336,#337,#338,#339));
#1047=EDGE_LOOP('',(#340,#341,#342,#343));
#1048=EDGE_LOOP('',(#344,#345,#346,#347));
#1049=EDGE_LOOP('',(#348,#349,#350,#351));
#1050=EDGE_LOOP('',(#352,#353,#354,#355));
#1051=EDGE_LOOP('',(#356,#357,#358,#359));
#1052=EDGE_LOOP('',(#360,#361,#362,#363));
#1053=EDGE_LOOP('',(#364,#365,#366,#367,#368));
#1054=EDGE_LOOP('',(#369,#370,#371,#372,#373,#374));
#1055=EDGE_LOOP('',(#375,#376,#377,#378,#379,#380));
#1056=EDGE_LOOP('',(#381,#382,#383,#384));
#1057=EDGE_LOOP('',(#385,#386,#387,#388,#389));
#1058=EDGE_LOOP('',(#390,#391,#392,#393));
#1059=EDGE_LOOP('',(#394));
#1060=EDGE_LOOP('',(#395));
#1061=EDGE_LOOP('',(#396,#397,#398));
#1062=EDGE_LOOP('',(#399,#400,#401,#402,#403));
#1063=EDGE_LOOP('',(#404,#405));
#1064=EDGE_LOOP('',(#406,#407,#408));
#1065=EDGE_LOOP('',(#409,#410,#411,#412,#413));
#1066=EDGE_LOOP('',(#414,#415));
#1067=EDGE_LOOP('',(#416,#417,#418,#419,#420));
#1068=EDGE_LOOP('',(#421,#422,#423,#424,#425));
#1069=EDGE_LOOP('',(#426,#427,#428,#429));
#1070=EDGE_LOOP('',(#430,#431,#432,#433));
#1071=EDGE_LOOP('',(#434,#435,#436,#437,#438));
#1072=EDGE_LOOP('',(#439,#440,#441,#442,#443));
#1073=EDGE_LOOP('',(#444,#445,#446,#447));
#1074=EDGE_LOOP('',(#448,#449,#450,#451));
#1075=EDGE_LOOP('',(#452,#453));
#1076=EDGE_LOOP('',(#454,#455,#456,#457));
#1077=EDGE_LOOP('',(#458,#459,#460,#461));
#1078=EDGE_LOOP('',(#462,#463));
#1079=EDGE_LOOP('',(#464,#465,#466,#467));
#1080=EDGE_LOOP('',(#468,#469,#470,#471));
#1081=EDGE_LOOP('',(#472,#473,#474,#475));
#1082=EDGE_LOOP('',(#476,#477,#478,#479));
#1083=EDGE_LOOP('',(#480,#481,#482,#483));
#1084=EDGE_LOOP('',(#484,#485,#486,#487));
#1085=EDGE_LOOP('',(#488,#489,#490,#491));
#1086=EDGE_LOOP('',(#492,#493,#494,#495));
#1087=EDGE_LOOP('',(#496,#497,#498,#499));
#1088=EDGE_LOOP('',(#500,#501,#502,#503));
#1089=EDGE_LOOP('',(#504,#505,#506,#507,#508,#509,#510,#511,#512,#513));
#1090=EDGE_LOOP('',(#514));
#1091=EDGE_LOOP('',(#515));
#1092=EDGE_LOOP('',(#516));
#1093=EDGE_LOOP('',(#517,#518));
#1094=EDGE_LOOP('',(#519,#520));
#1095=FACE_BOUND('',#1002,.T.);
#1096=FACE_BOUND('',#1003,.T.);
#1097=FACE_BOUND('',#1004,.T.);
#1098=FACE_BOUND('',#1005,.T.);
#1099=FACE_BOUND('',#1006,.T.);
#1100=FACE_BOUND('',#1007,.T.);
#1101=FACE_BOUND('',#1008,.T.);
#1102=FACE_BOUND('',#1009,.T.);
#1103=FACE_BOUND('',#1010,.T.);
#1104=FACE_BOUND('',#1011,.T.);
#1105=FACE_BOUND('',#1012,.T.);
#1106=FACE_BOUND('',#1013,.T.);
#1107=FACE_BOUND('',#1014,.T.);
#1108=FACE_BOUND('',#1015,.T.);
#1109=FACE_BOUND('',#1016,.T.);
#1110=FACE_BOUND('',#1017,.T.);
#1111=FACE_BOUND('',#1018,.T.);
#1112=FACE_BOUND('',#1019,.T.);
#1113=FACE_BOUND('',#1020,.T.);
#1114=FACE_BOUND('',#1021,.T.);
#1115=FACE_BOUND('',#1022,.T.);
#1116=FACE_BOUND('',#1023,.T.);
#1117=FACE_BOUND('',#1024,.T.);
#1118=FACE_BOUND('',#1025,.T.);
#1119=FACE_BOUND('',#1026,.T.);
#1120=FACE_BOUND('',#1027,.T.);
#1121=FACE_BOUND('',#1028,.T.);
#1122=FACE_BOUND('',#1029,.T.);
#1123=FACE_BOUND('',#1030,.T.);
#1124=FACE_BOUND('',#1031,.T.);
#1125=FACE_BOUND('',#1032,.T.);
#1126=FACE_BOUND('',#1033,.T.);
#1127=FACE_BOUND('',#1034,.T.);
#1128=FACE_BOUND('',#1035,.T.);
#1129=FACE_BOUND('',#1036,.T.);
#1130=FACE_BOUND('',#1037,.T.);
#1131=FACE_BOUND('',#1038,.T.);
#1132=FACE_BOUND('',#1039,.T.);
#1133=FACE_BOUND('',#1040,.T.);
#1134=FACE_BOUND('',#1041,.T.);
#1135=FACE_BOUND('',#1042,.T.);
#1136=FACE_BOUND('',#1043,.T.);
#1137=FACE_BOUND('',#1044,.T.);
#1138=FACE_BOUND('',#1045,.T.);
#1139=FACE_BOUND('',#1046,.T.);
#1140=FACE_BOUND('',#1047,.T.);
#1141=FACE_BOUND('',#1048,.T.);
#1142=FACE_BOUND('',#1049,.T.);
#1143=FACE_BOUND('',#1050,.T.);
#1144=FACE_BOUND('',#1051,.T.);
#1145=FACE_BOUND('',#1052,.T.);
#1146=FACE_BOUND('',#1053,.T.);
#1147=FACE_BOUND('',#1054,.T.);
#1148=FACE_BOUND('',#1055,.T.);
#1149=FACE_BOUND('',#1056,.T.);
#1150=FACE_BOUND('',#1057,.T.);
#1151=FACE_BOUND('',#1058,.T.);
#1152=FACE_BOUND('',#1059,.T.);
#1153=FACE_BOUND('',#1060,.T.);
#1154=FACE_BOUND('',#1061,.T.);
#1155=FACE_BOUND('',#1062,.T.);
#1156=FACE_BOUND('',#1063,.T.);
#1157=FACE_BOUND('',#1064,.T.);
#1158=FACE_BOUND('',#1065,.T.);
#1159=FACE_BOUND('',#1066,.T.);
#1160=FACE_BOUND('',#1067,.T.);
#1161=FACE_BOUND('',#1068,.T.);
#1162=FACE_BOUND('',#1069,.T.);
#1163=FACE_BOUND('',#1070,.T.);
#1164=FACE_BOUND('',#1071,.T.);
#1165=FACE_BOUND('',#1072,.T.);
#1166=FACE_BOUND('',#1073,.T.);
#1167=FACE_BOUND('',#1074,.T.);
#1168=FACE_BOUND('',#1075,.T.);
#1169=FACE_BOUND('',#1076,.T.);
#1170=FACE_BOUND('',#1077,.T.);
#1171=FACE_BOUND('',#1078,.T.);
#1172=FACE_BOUND('',#1079,.T.);
#1173=FACE_BOUND('',#1080,.T.);
#1174=FACE_BOUND('',#1081,.T.);
#1175=FACE_BOUND('',#1082,.T.);
#1176=FACE_BOUND('',#1083,.T.);
#1177=FACE_BOUND('',#1084,.T.);
#1178=FACE_BOUND('',#1085,.T.);
#1179=FACE_BOUND('',#1086,.T.);
#1180=FACE_BOUND('',#1087,.T.);
#1181=FACE_BOUND('',#1088,.T.);
#1182=FACE_BOUND('',#1089,.T.);
#1183=FACE_BOUND('',#1090,.T.);
#1184=FACE_BOUND('',#1091,.T.);
#1185=FACE_BOUND('',#1092,.T.);
#1186=FACE_BOUND('',#1093,.T.);
#1187=FACE_BOUND('',#1094,.T.);
#1188=CYLINDRICAL_SURFACE('',#1311,0.007);
#1189=CYLINDRICAL_SURFACE('',#1321,0.0075);
#1190=CYLINDRICAL_SURFACE('',#1361,0.000965685424949238);
#1191=CYLINDRICAL_SURFACE('',#1364,0.000965685424949238);
#1192=CYLINDRICAL_SURFACE('',#1366,0.000965685424949238);
#1193=CYLINDRICAL_SURFACE('',#1368,0.000965685424949238);
#1194=CYLINDRICAL_SURFACE('',#1369,0.000965685424949238);
#1195=CYLINDRICAL_SURFACE('',#1372,0.000965685424949238);
#1196=CYLINDRICAL_SURFACE('',#1374,0.000965685424949238);
#1197=CYLINDRICAL_SURFACE('',#1376,0.000965685424949238);
#1198=CYLINDRICAL_SURFACE('',#1377,0.000965685424949238);
#1199=CYLINDRICAL_SURFACE('',#1380,0.000965685424949238);
#1200=CYLINDRICAL_SURFACE('',#1382,0.000965685424949238);
#1201=CYLINDRICAL_SURFACE('',#1384,0.000965685424949238);
#1202=CYLINDRICAL_SURFACE('',#1385,0.000965685424949238);
#1203=CYLINDRICAL_SURFACE('',#1388,0.000965685424949238);
#1204=CYLINDRICAL_SURFACE('',#1390,0.000965685424949238);
#1205=CYLINDRICAL_SURFACE('',#1392,0.000965685424949238);
#1206=CYLINDRICAL_SURFACE('',#1395,0.003);
#1207=CYLINDRICAL_SURFACE('',#1401,0.003);
#1208=CYLINDRICAL_SURFACE('',#1408,0.000965685424949238);
#1209=CYLINDRICAL_SURFACE('',#1413,0.000965685424949238);
#1210=CYLINDRICAL_SURFACE('',#1414,0.00203431457505076);
#1211=CYLINDRICAL_SURFACE('',#1418,0.00203431457505076);
#1212=CYLINDRICAL_SURFACE('',#1422,0.000700015933418857);
#1213=CYLINDRICAL_SURFACE('',#1428,0.000700015933418857);
#1214=CYLINDRICAL_SURFACE('',#1431,0.001);
#1215=CYLINDRICAL_SURFACE('',#1433,0.00100004461308539);
#1216=CYLINDRICAL_SURFACE('',#1437,0.00075);
#1217=CYLINDRICAL_SURFACE('',#1440,0.00075);
#1218=ADVANCED_FACE('',(#1095,#1096,#1097,#1098,#1099),#1188,.T.);
#1219=ADVANCED_FACE('',(#1100),#36,.T.);
#1220=ADVANCED_FACE('',(#1101,#1102,#1103,#1104),#30,.T.);
#1221=ADVANCED_FACE('',(#1105,#1106),#1189,.T.);
#1222=ADVANCED_FACE('',(#1107,#1108),#28,.T.);
#1223=ADVANCED_FACE('',(#1109),#37,.F.);
#1224=ADVANCED_FACE('',(#1110,#1111),#29,.T.);
#1225=ADVANCED_FACE('',(#1112,#1113),#38,.F.);
#1226=ADVANCED_FACE('',(#1114),#39,.T.);
#1227=ADVANCED_FACE('',(#1115),#40,.F.);
#1228=ADVANCED_FACE('',(#1116),#41,.F.);
#1229=ADVANCED_FACE('',(#1117),#42,.T.);
#1230=ADVANCED_FACE('',(#1118),#43,.T.);
#1231=ADVANCED_FACE('',(#1119),#44,.T.);
#1232=ADVANCED_FACE('',(#1120),#45,.F.);
#1233=ADVANCED_FACE('',(#1121),#46,.F.);
#1234=ADVANCED_FACE('',(#1122),#47,.T.);
#1235=ADVANCED_FACE('',(#1123),#48,.T.);
#1236=ADVANCED_FACE('',(#1124),#49,.F.);
#1237=ADVANCED_FACE('',(#1125),#50,.T.);
#1238=ADVANCED_FACE('',(#1126),#51,.T.);
#1239=ADVANCED_FACE('',(#1127),#52,.T.);
#1240=ADVANCED_FACE('',(#1128),#53,.F.);
#1241=ADVANCED_FACE('',(#1129),#54,.F.);
#1242=ADVANCED_FACE('',(#1130),#55,.F.);
#1243=ADVANCED_FACE('',(#1131),#56,.T.);
#1244=ADVANCED_FACE('',(#1132),#57,.T.);
#1245=ADVANCED_FACE('',(#1133),#58,.F.);
#1246=ADVANCED_FACE('',(#1134),#59,.F.);
#1247=ADVANCED_FACE('',(#1135),#60,.T.);
#1248=ADVANCED_FACE('',(#1136),#1190,.T.);
#1249=ADVANCED_FACE('',(#1137),#1191,.T.);
#1250=ADVANCED_FACE('',(#1138),#1192,.T.);
#1251=ADVANCED_FACE('',(#1139),#1193,.T.);
#1252=ADVANCED_FACE('',(#1140),#1194,.T.);
#1253=ADVANCED_FACE('',(#1141),#1195,.T.);
#1254=ADVANCED_FACE('',(#1142),#1196,.T.);
#1255=ADVANCED_FACE('',(#1143),#1197,.T.);
#1256=ADVANCED_FACE('',(#1144),#1198,.T.);
#1257=ADVANCED_FACE('',(#1145),#1199,.T.);
#1258=ADVANCED_FACE('',(#1146),#1200,.T.);
#1259=ADVANCED_FACE('',(#1147),#1201,.T.);
#1260=ADVANCED_FACE('',(#1148),#1202,.T.);
#1261=ADVANCED_FACE('',(#1149),#1203,.T.);
#1262=ADVANCED_FACE('',(#1150),#1204,.T.);
#1263=ADVANCED_FACE('',(#1151),#1205,.T.);
#1264=ADVANCED_FACE('',(#1152,#1153),#31,.T.);
#1265=ADVANCED_FACE('',(#1154),#61,.T.);
#1266=ADVANCED_FACE('',(#1155),#1206,.T.);
#1267=ADVANCED_FACE('',(#1156),#62,.T.);
#1268=ADVANCED_FACE('',(#1157),#63,.T.);
#1269=ADVANCED_FACE('',(#1158),#1207,.T.);
#1270=ADVANCED_FACE('',(#1159),#64,.T.);
#1271=ADVANCED_FACE('',(#1160),#32,.T.);
#1272=ADVANCED_FACE('',(#1161),#1208,.T.);
#1273=ADVANCED_FACE('',(#1162),#33,.T.);
#1274=ADVANCED_FACE('',(#1163),#34,.T.);
#1275=ADVANCED_FACE('',(#1164),#35,.T.);
#1276=ADVANCED_FACE('',(#1165),#1209,.T.);
#1277=ADVANCED_FACE('',(#1166),#1210,.F.);
#1278=ADVANCED_FACE('',(#1167),#65,.F.);
#1279=ADVANCED_FACE('',(#1168),#66,.F.);
#1280=ADVANCED_FACE('',(#1169),#1211,.F.);
#1281=ADVANCED_FACE('',(#1170),#67,.F.);
#1282=ADVANCED_FACE('',(#1171),#68,.F.);
#1283=ADVANCED_FACE('',(#1172),#1212,.T.);
#1284=ADVANCED_FACE('',(#1173),#69,.F.);
#1285=ADVANCED_FACE('',(#1174),#70,.F.);
#1286=ADVANCED_FACE('',(#1175),#71,.T.);
#1287=ADVANCED_FACE('',(#1176),#72,.F.);
#1288=ADVANCED_FACE('',(#1177),#1213,.T.);
#1289=ADVANCED_FACE('',(#1178),#73,.F.);
#1290=ADVANCED_FACE('',(#1179),#1214,.F.);
#1291=ADVANCED_FACE('',(#1180),#1215,.F.);
#1292=ADVANCED_FACE('',(#1181),#74,.F.);
#1293=ADVANCED_FACE('',(#1182),#75,.F.);
#1294=ADVANCED_FACE('',(#1183,#1184),#1216,.F.);
#1295=ADVANCED_FACE('',(#1185),#76,.F.);
#1296=ADVANCED_FACE('',(#1186),#1217,.F.);
#1297=ADVANCED_FACE('',(#1187),#77,.F.);
#1298=CLOSED_SHELL('',(#1218,#1219,#1220,#1221,#1222,#1223,#1224,#1225,
#1226,#1227,#1228,#1229,#1230,#1231,#1232,#1233,#1234,#1235,#1236,#1237,
#1238,#1239,#1240,#1241,#1242,#1243,#1244,#1245,#1246,#1247,#1248,#1249,
#1250,#1251,#1252,#1253,#1254,#1255,#1256,#1257,#1258,#1259,#1260,#1261,
#1262,#1263,#1264,#1265,#1266,#1267,#1268,#1269,#1270,#1271,#1272,#1273,
#1274,#1275,#1276,#1277,#1278,#1279,#1280,#1281,#1282,#1283,#1284,#1285,
#1286,#1287,#1288,#1289,#1290,#1291,#1292,#1293,#1294,#1295,#1296,#1297));
#1299=STYLED_ITEM('',(#1300),#1307);
#1300=PRESENTATION_STYLE_ASSIGNMENT((#1301));
#1301=SURFACE_STYLE_USAGE(.BOTH.,#1302);
#1302=SURFACE_SIDE_STYLE('',(#1303));
#1303=SURFACE_STYLE_FILL_AREA(#1304);
#1304=FILL_AREA_STYLE('',(#1305));
#1305=FILL_AREA_STYLE_COLOUR('',#1306);
#1306=COLOUR_RGB('',0.650980392156863,0.486274509803922,0.0196078431372549);
#1307=MANIFOLD_SOLID_BREP('TeddyBear',#1298);
#1308=SHAPE_DEFINITION_REPRESENTATION(#2349,#1309);
#1309=SHAPE_REPRESENTATION('TeddyBear',(#1310),#2344);
#1310=AXIS2_PLACEMENT_3D('',#1799,#1443,#1444);
#1311=AXIS2_PLACEMENT_3D('',#1800,#1445,#1446);
#1312=AXIS2_PLACEMENT_3D('',#1825,#1448,#1449);
#1313=AXIS2_PLACEMENT_3D('',#1827,#1450,#1451);
#1314=AXIS2_PLACEMENT_3D('',#1840,#1453,#1454);
#1315=AXIS2_PLACEMENT_3D('',#1844,#1456,#1457);
#1316=AXIS2_PLACEMENT_3D('',#1854,#1458,#1459);
#1317=AXIS2_PLACEMENT_3D('',#1872,#1460,#1461);
#1318=AXIS2_PLACEMENT_3D('',#1873,#1462,#1463);
#1319=AXIS2_PLACEMENT_3D('',#1874,#1464,#1465);
#1320=AXIS2_PLACEMENT_3D('',#1876,#1466,#1467);
#1321=AXIS2_PLACEMENT_3D('',#1965,#1468,#1469);
#1322=AXIS2_PLACEMENT_3D('',#1966,#1470,#1471);
#1323=AXIS2_PLACEMENT_3D('',#1971,#1473,#1474);
#1324=AXIS2_PLACEMENT_3D('',#1975,#1476,#1477);
#1325=AXIS2_PLACEMENT_3D('',#1984,#1479,#1480);
#1326=AXIS2_PLACEMENT_3D('',#1993,#1482,#1483);
#1327=AXIS2_PLACEMENT_3D('',#1994,#1484,#1485);
#1328=AXIS2_PLACEMENT_3D('',#2015,#1486,#1487);
#1329=AXIS2_PLACEMENT_3D('',#2031,#1488,#1489);
#1330=AXIS2_PLACEMENT_3D('',#2032,#1490,#1491);
#1331=AXIS2_PLACEMENT_3D('',#2034,#1492,#1493);
#1332=AXIS2_PLACEMENT_3D('',#2042,#1497,#1498);
#1333=AXIS2_PLACEMENT_3D('',#2052,#1503,#1504);
#1334=AXIS2_PLACEMENT_3D('',#2055,#1506,#1507);
#1335=AXIS2_PLACEMENT_3D('',#2067,#1508,#1509);
#1336=AXIS2_PLACEMENT_3D('',#2080,#1510,#1511);
#1337=AXIS2_PLACEMENT_3D('',#2093,#1512,#1513);
#1338=AXIS2_PLACEMENT_3D('',#2094,#1514,#1515);
#1339=AXIS2_PLACEMENT_3D('',#2096,#1516,#1517);
#1340=AXIS2_PLACEMENT_3D('',#2098,#1519,#1520);
#1341=AXIS2_PLACEMENT_3D('',#2102,#1523,#1524);
#1342=AXIS2_PLACEMENT_3D('',#2111,#1529,#1530);
#1343=AXIS2_PLACEMENT_3D('',#2115,#1533,#1534);
#1344=AXIS2_PLACEMENT_3D('',#2117,#1536,#1537);
#1345=AXIS2_PLACEMENT_3D('',#2119,#1539,#1540);
#1346=AXIS2_PLACEMENT_3D('',#2123,#1543,#1544);
#1347=AXIS2_PLACEMENT_3D('',#2132,#1549,#1550);
#1348=AXIS2_PLACEMENT_3D('',#2136,#1553,#1554);
#1349=AXIS2_PLACEMENT_3D('',#2138,#1556,#1557);
#1350=AXIS2_PLACEMENT_3D('',#2142,#1560,#1561);
#1351=AXIS2_PLACEMENT_3D('',#2148,#1565,#1566);
#1352=AXIS2_PLACEMENT_3D('',#2152,#1569,#1570);
#1353=AXIS2_PLACEMENT_3D('',#2156,#1573,#1574);
#1354=AXIS2_PLACEMENT_3D('',#2158,#1576,#1577);
#1355=AXIS2_PLACEMENT_3D('',#2167,#1582,#1583);
#1356=AXIS2_PLACEMENT_3D('',#2175,#1588,#1589);
#1357=AXIS2_PLACEMENT_3D('',#2179,#1592,#1593);
#1358=AXIS2_PLACEMENT_3D('',#2182,#1596,#1597);
#1359=AXIS2_PLACEMENT_3D('',#2184,#1599,#1600);
#1360=AXIS2_PLACEMENT_3D('',#2193,#1605,#1606);
#1361=AXIS2_PLACEMENT_3D('',#2194,#1607,#1608);
#1362=AXIS2_PLACEMENT_3D('',#2195,#1609,#1610);
#1363=AXIS2_PLACEMENT_3D('',#2196,#1611,#1612);
#1364=AXIS2_PLACEMENT_3D('',#2197,#1613,#1614);
#1365=AXIS2_PLACEMENT_3D('',#2198,#1615,#1616);
#1366=AXIS2_PLACEMENT_3D('',#2199,#1617,#1618);
#1367=AXIS2_PLACEMENT_3D('',#2200,#1619,#1620);
#1368=AXIS2_PLACEMENT_3D('',#2201,#1621,#1622);
#1369=AXIS2_PLACEMENT_3D('',#2202,#1623,#1624);
#1370=AXIS2_PLACEMENT_3D('',#2203,#1625,#1626);
#1371=AXIS2_PLACEMENT_3D('',#2204,#1627,#1628);
#1372=AXIS2_PLACEMENT_3D('',#2205,#1629,#1630);
#1373=AXIS2_PLACEMENT_3D('',#2206,#1631,#1632);
#1374=AXIS2_PLACEMENT_3D('',#2207,#1633,#1634);
#1375=AXIS2_PLACEMENT_3D('',#2208,#1635,#1636);
#1376=AXIS2_PLACEMENT_3D('',#2209,#1637,#1638);
#1377=AXIS2_PLACEMENT_3D('',#2210,#1639,#1640);
#1378=AXIS2_PLACEMENT_3D('',#2211,#1641,#1642);
#1379=AXIS2_PLACEMENT_3D('',#2212,#1643,#1644);
#1380=AXIS2_PLACEMENT_3D('',#2213,#1645,#1646);
#1381=AXIS2_PLACEMENT_3D('',#2214,#1647,#1648);
#1382=AXIS2_PLACEMENT_3D('',#2215,#1649,#1650);
#1383=AXIS2_PLACEMENT_3D('',#2216,#1651,#1652);
#1384=AXIS2_PLACEMENT_3D('',#2217,#1653,#1654);
#1385=AXIS2_PLACEMENT_3D('',#2218,#1655,#1656);
#1386=AXIS2_PLACEMENT_3D('',#2219,#1657,#1658);
#1387=AXIS2_PLACEMENT_3D('',#2220,#1659,#1660);
#1388=AXIS2_PLACEMENT_3D('',#2221,#1661,#1662);
#1389=AXIS2_PLACEMENT_3D('',#2222,#1663,#1664);
#1390=AXIS2_PLACEMENT_3D('',#2223,#1665,#1666);
#1391=AXIS2_PLACEMENT_3D('',#2224,#1667,#1668);
#1392=AXIS2_PLACEMENT_3D('',#2225,#1669,#1670);
#1393=AXIS2_PLACEMENT_3D('',#2226,#1671,#1672);
#1394=AXIS2_PLACEMENT_3D('',#2227,#1673,#1674);
#1395=AXIS2_PLACEMENT_3D('',#2231,#1677,#1678);
#1396=AXIS2_PLACEMENT_3D('',#2232,#1679,#1680);
#1397=AXIS2_PLACEMENT_3D('',#2233,#1681,#1682);
#1398=AXIS2_PLACEMENT_3D('',#2234,#1683,#1684);
#1399=AXIS2_PLACEMENT_3D('',#2235,#1685,#1686);
#1400=AXIS2_PLACEMENT_3D('',#2236,#1687,#1688);
#1401=AXIS2_PLACEMENT_3D('',#2240,#1691,#1692);
#1402=AXIS2_PLACEMENT_3D('',#2241,#1693,#1694);
#1403=AXIS2_PLACEMENT_3D('',#2242,#1695,#1696);
#1404=AXIS2_PLACEMENT_3D('',#2243,#1697,#1698);
#1405=AXIS2_PLACEMENT_3D('',#2244,#1699,#1700);
#1406=AXIS2_PLACEMENT_3D('',#2245,#1701,#1702);
#1407=AXIS2_PLACEMENT_3D('',#2251,#1703,#1704);
#1408=AXIS2_PLACEMENT_3D('',#2258,#1705,#1706);
#1409=AXIS2_PLACEMENT_3D('',#2260,#1708,#1709);
#1410=AXIS2_PLACEMENT_3D('',#2261,#1710,#1711);
#1411=AXIS2_PLACEMENT_3D('',#2262,#1712,#1713);
#1412=AXIS2_PLACEMENT_3D('',#2269,#1714,#1715);
#1413=AXIS2_PLACEMENT_3D('',#2275,#1716,#1717);
#1414=AXIS2_PLACEMENT_3D('',#2277,#1719,#1720);
#1415=AXIS2_PLACEMENT_3D('',#2280,#1722,#1723);
#1416=AXIS2_PLACEMENT_3D('',#2283,#1725,#1726);
#1417=AXIS2_PLACEMENT_3D('',#2285,#1728,#1729);
#1418=AXIS2_PLACEMENT_3D('',#2286,#1730,#1731);
#1419=AXIS2_PLACEMENT_3D('',#2289,#1733,#1734);
#1420=AXIS2_PLACEMENT_3D('',#2292,#1736,#1737);
#1421=AXIS2_PLACEMENT_3D('',#2294,#1739,#1740);
#1422=AXIS2_PLACEMENT_3D('',#2295,#1741,#1742);
#1423=AXIS2_PLACEMENT_3D('',#2298,#1744,#1745);
#1424=AXIS2_PLACEMENT_3D('',#2301,#1747,#1748);
#1425=AXIS2_PLACEMENT_3D('',#2305,#1751,#1752);
#1426=AXIS2_PLACEMENT_3D('',#2309,#1755,#1756);
#1427=AXIS2_PLACEMENT_3D('',#2313,#1759,#1760);
#1428=AXIS2_PLACEMENT_3D('',#2317,#1763,#1764);
#1429=AXIS2_PLACEMENT_3D('',#2318,#1765,#1766);
#1430=AXIS2_PLACEMENT_3D('',#2321,#1768,#1769);
#1431=AXIS2_PLACEMENT_3D('',#2325,#1772,#1773);
#1432=AXIS2_PLACEMENT_3D('',#2326,#1774,#1775);
#1433=AXIS2_PLACEMENT_3D('',#2329,#1777,#1778);
#1434=AXIS2_PLACEMENT_3D('',#2330,#1779,#1780);
#1435=AXIS2_PLACEMENT_3D('',#2333,#1782,#1783);
#1436=AXIS2_PLACEMENT_3D('',#2335,#1785,#1786);
#1437=AXIS2_PLACEMENT_3D('',#2336,#1787,#1788);
#1438=AXIS2_PLACEMENT_3D('',#2337,#1789,#1790);
#1439=AXIS2_PLACEMENT_3D('',#2339,#1791,#1792);
#1440=AXIS2_PLACEMENT_3D('',#2340,#1793,#1794);
#1441=AXIS2_PLACEMENT_3D('',#2341,#1795,#1796);
#1442=AXIS2_PLACEMENT_3D('',#2342,#1797,#1798);
#1443=DIRECTION('',(0.,0.,1.));
#1444=DIRECTION('',(1.,0.,0.));
#1445=DIRECTION('',(0.,0.,-1.));
#1446=DIRECTION('',(-1.,0.,0.));
#1447=DIRECTION('',(0.,0.,-1.));
#1448=DIRECTION('',(0.,0.,1.));
#1449=DIRECTION('',(1.,0.,0.));
#1450=DIRECTION('',(0.,0.,1.));
#1451=DIRECTION('',(1.,0.,0.));
#1452=DIRECTION('',(0.,0.,-1.));
#1453=DIRECTION('',(0.,0.,1.));
#1454=DIRECTION('',(1.,0.,0.));
#1455=DIRECTION('',(0.,0.,-1.));
#1456=DIRECTION('',(0.,0.,1.));
#1457=DIRECTION('',(1.,0.,0.));
#1458=DIRECTION('',(0.,0.,1.));
#1459=DIRECTION('',(1.,0.,0.));
#1460=DIRECTION('',(0.,0.,1.));
#1461=DIRECTION('',(1.,0.,0.));
#1462=DIRECTION('',(0.,0.,1.));
#1463=DIRECTION('',(1.,0.,0.));
#1464=DIRECTION('',(0.,0.,1.));
#1465=DIRECTION('',(1.,0.,0.));
#1466=DIRECTION('',(0.,0.,1.));
#1467=DIRECTION('',(1.,0.,0.));
#1468=DIRECTION('',(0.,0.,-1.));
#1469=DIRECTION('',(-1.,0.,0.));
#1470=DIRECTION('',(0.,0.,1.));
#1471=DIRECTION('',(1.,0.,0.));
#1472=DIRECTION('',(0.,0.,-1.));
#1473=DIRECTION('',(0.,0.,1.));
#1474=DIRECTION('',(1.,0.,0.));
#1475=DIRECTION('',(0.,0.,-1.));
#1476=DIRECTION('',(0.,0.,1.));
#1477=DIRECTION('',(1.,0.,0.));
#1478=DIRECTION('',(0.,0.,-1.));
#1479=DIRECTION('',(0.,0.,1.));
#1480=DIRECTION('',(1.,0.,0.));
#1481=DIRECTION('',(0.,0.,1.));
#1482=DIRECTION('',(0.,0.,1.));
#1483=DIRECTION('',(1.,0.,0.));
#1484=DIRECTION('',(0.,0.,1.));
#1485=DIRECTION('',(1.,0.,0.));
#1486=DIRECTION('',(0.,0.,1.));
#1487=DIRECTION('',(1.,0.,0.));
#1488=DIRECTION('',(0.,0.,1.));
#1489=DIRECTION('',(1.,0.,0.));
#1490=DIRECTION('',(0.,0.,1.));
#1491=DIRECTION('',(1.,0.,0.));
#1492=DIRECTION('',(0.,0.,1.));
#1493=DIRECTION('',(1.,0.,0.));
#1494=DIRECTION('',(-1.,0.,0.));
#1495=DIRECTION('',(0.,-1.,0.));
#1496=DIRECTION('',(-1.,0.,0.));
#1497=DIRECTION('',(0.,0.,1.));
#1498=DIRECTION('',(1.,0.,0.));
#1499=DIRECTION('',(-1.,0.,0.));
#1500=DIRECTION('',(2.16840434497101E-16,-1.,0.));
#1501=DIRECTION('',(-1.,0.,0.));
#1502=DIRECTION('',(2.16840434497101E-16,-1.,0.));
#1503=DIRECTION('',(0.,0.,1.));
#1504=DIRECTION('',(1.,0.,0.));
#1505=DIRECTION('',(2.16840434497101E-16,-1.,0.));
#1506=DIRECTION('',(0.,0.,1.));
#1507=DIRECTION('',(1.,0.,0.));
#1508=DIRECTION('',(0.,0.,1.));
#1509=DIRECTION('',(1.,0.,0.));
#1510=DIRECTION('',(0.,0.,1.));
#1511=DIRECTION('',(1.,0.,0.));
#1512=DIRECTION('',(0.,0.,1.));
#1513=DIRECTION('',(1.,0.,0.));
#1514=DIRECTION('',(0.,0.,1.));
#1515=DIRECTION('',(1.,0.,0.));
#1516=DIRECTION('',(1.,2.16840434497101E-16,0.));
#1517=DIRECTION('',(-2.16840434497101E-16,1.,0.));
#1518=DIRECTION('',(0.,0.,-1.));
#1519=DIRECTION('',(0.,-1.,0.));
#1520=DIRECTION('',(0.,0.,-1.));
#1521=DIRECTION('',(0.,0.,-1.));
#1522=DIRECTION('',(-1.,0.,0.));
#1523=DIRECTION('',(1.,0.,0.));
#1524=DIRECTION('',(0.,0.,-1.));
#1525=DIRECTION('',(0.,-1.,0.));
#1526=DIRECTION('',(0.,0.,-1.));
#1527=DIRECTION('',(0.,-1.,0.));
#1528=DIRECTION('',(0.,0.,-1.));
#1529=DIRECTION('',(0.,-1.,0.));
#1530=DIRECTION('',(0.,0.,-1.));
#1531=DIRECTION('',(-1.,0.,0.));
#1532=DIRECTION('',(0.,0.,-1.));
#1533=DIRECTION('',(0.,0.,1.));
#1534=DIRECTION('',(1.,0.,0.));
#1535=DIRECTION('',(0.,-1.,0.));
#1536=DIRECTION('',(1.,2.16840434497101E-16,0.));
#1537=DIRECTION('',(-2.16840434497101E-16,1.,0.));
#1538=DIRECTION('',(0.,0.,-1.));
#1539=DIRECTION('',(0.,-1.,0.));
#1540=DIRECTION('',(0.,0.,-1.));
#1541=DIRECTION('',(0.,0.,-1.));
#1542=DIRECTION('',(-1.,0.,0.));
#1543=DIRECTION('',(1.,2.16840434497101E-16,0.));
#1544=DIRECTION('',(-2.16840434497101E-16,1.,0.));
#1545=DIRECTION('',(2.16840434497101E-16,-1.,0.));
#1546=DIRECTION('',(0.,0.,-1.));
#1547=DIRECTION('',(2.16840434497101E-16,-1.,0.));
#1548=DIRECTION('',(0.,0.,-1.));
#1549=DIRECTION('',(0.,-1.,0.));
#1550=DIRECTION('',(0.,0.,-1.));
#1551=DIRECTION('',(-1.,0.,0.));
#1552=DIRECTION('',(0.,0.,-1.));
#1553=DIRECTION('',(0.,0.,1.));
#1554=DIRECTION('',(1.,0.,0.));
#1555=DIRECTION('',(2.16840434497101E-16,-1.,0.));
#1556=DIRECTION('',(0.,-1.,0.));
#1557=DIRECTION('',(0.,0.,-1.));
#1558=DIRECTION('',(0.,0.,-1.));
#1559=DIRECTION('',(1.,0.,0.));
#1560=DIRECTION('',(1.,0.,0.));
#1561=DIRECTION('',(0.,1.,0.));
#1562=DIRECTION('',(0.,-1.,0.));
#1563=DIRECTION('',(0.,0.,-1.));
#1564=DIRECTION('',(0.,-1.,0.));
#1565=DIRECTION('',(0.,0.,1.));
#1566=DIRECTION('',(1.,0.,0.));
#1567=DIRECTION('',(0.,-1.,0.));
#1568=DIRECTION('',(1.,0.,0.));
#1569=DIRECTION('',(0.,-1.,0.));
#1570=DIRECTION('',(0.,0.,-1.));
#1571=DIRECTION('',(0.,0.,-1.));
#1572=DIRECTION('',(1.,0.,0.));
#1573=DIRECTION('',(0.,0.,1.));
#1574=DIRECTION('',(1.,0.,0.));
#1575=DIRECTION('',(0.,-1.,0.));
#1576=DIRECTION('',(1.,0.,0.));
#1577=DIRECTION('',(0.,1.,0.));
#1578=DIRECTION('',(0.,0.,-1.));
#1579=DIRECTION('',(0.,-1.,0.));
#1580=DIRECTION('',(0.,0.,-1.));
#1581=DIRECTION('',(0.,-1.,0.));
#1582=DIRECTION('',(0.,-1.,0.));
#1583=DIRECTION('',(0.,0.,-1.));
#1584=DIRECTION('',(1.,0.,0.));
#1585=DIRECTION('',(0.,0.,-1.));
#1586=DIRECTION('',(1.,0.,0.));
#1587=DIRECTION('',(0.,0.,-1.));
#1588=DIRECTION('',(0.,-1.,0.));
#1589=DIRECTION('',(0.,0.,-1.));
#1590=DIRECTION('',(1.,0.,0.));
#1591=DIRECTION('',(0.,0.,-1.));
#1592=DIRECTION('',(0.,0.,1.));
#1593=DIRECTION('',(1.,0.,0.));
#1594=DIRECTION('',(0.,-1.,0.));
#1595=DIRECTION('',(0.,-1.,0.));
#1596=DIRECTION('',(0.,0.,1.));
#1597=DIRECTION('',(1.,0.,0.));
#1598=DIRECTION('',(0.,-1.,0.));
#1599=DIRECTION('',(1.,0.,0.));
#1600=DIRECTION('',(0.,1.,0.));
#1601=DIRECTION('',(0.,0.,-1.));
#1602=DIRECTION('',(0.,-1.,0.));
#1603=DIRECTION('',(0.,0.,-1.));
#1604=DIRECTION('',(0.,-1.,0.));
#1605=DIRECTION('',(1.,0.,0.));
#1606=DIRECTION('',(0.,1.,0.));
#1607=DIRECTION('',(0.,-1.,0.));
#1608=DIRECTION('',(0.,0.,-1.));
#1609=DIRECTION('',(0.,-0.707106781186548,0.707106781186548));
#1610=DIRECTION('',(0.,0.707106781186548,0.707106781186548));
#1611=DIRECTION('',(0.,-0.707106781186548,-0.707106781186548));
#1612=DIRECTION('',(0.,0.707106781186548,-0.707106781186548));
#1613=DIRECTION('',(0.,0.,-1.));
#1614=DIRECTION('',(-1.,0.,0.));
#1615=DIRECTION('',(0.,0.707106781186548,-0.707106781186548));
#1616=DIRECTION('',(0.,-0.707106781186548,-0.707106781186548));
#1617=DIRECTION('',(0.,0.,1.));
#1618=DIRECTION('',(1.,0.,0.));
#1619=DIRECTION('',(0.,0.707106781186548,0.707106781186548));
#1620=DIRECTION('',(0.,-0.707106781186548,0.707106781186548));
#1621=DIRECTION('',(0.,1.,0.));
#1622=DIRECTION('',(0.,0.,1.));
#1623=DIRECTION('',(2.16840434497101E-16,-1.,0.));
#1624=DIRECTION('',(1.,2.16840434497101E-16,0.));
#1625=DIRECTION('',(1.53329341668337E-16,-0.707106781186548,0.707106781186548));
#1626=DIRECTION('',(-1.53329341668337E-16,0.707106781186548,0.707106781186548));
#1627=DIRECTION('',(1.53329341668337E-16,-0.707106781186548,-0.707106781186548));
#1628=DIRECTION('',(-1.53329341668337E-16,0.707106781186548,-0.707106781186548));
#1629=DIRECTION('',(0.,0.,-1.));
#1630=DIRECTION('',(-1.,0.,0.));
#1631=DIRECTION('',(-1.53329341668337E-16,0.707106781186548,-0.707106781186548));
#1632=DIRECTION('',(1.53329341668337E-16,-0.707106781186548,-0.707106781186548));
#1633=DIRECTION('',(0.,0.,1.));
#1634=DIRECTION('',(1.,0.,0.));
#1635=DIRECTION('',(-1.53329341668337E-16,0.707106781186548,0.707106781186548));
#1636=DIRECTION('',(1.53329341668337E-16,-0.707106781186548,0.707106781186548));
#1637=DIRECTION('',(-2.16840434497101E-16,1.,0.));
#1638=DIRECTION('',(-1.,-2.16840434497101E-16,0.));
#1639=DIRECTION('',(0.,0.,-1.));
#1640=DIRECTION('',(-1.,0.,0.));
#1641=DIRECTION('',(0.,-0.707106781186548,-0.707106781186548));
#1642=DIRECTION('',(0.,-0.707106781186548,0.707106781186548));
#1643=DIRECTION('',(0.,0.707106781186548,-0.707106781186548));
#1644=DIRECTION('',(0.,0.707106781186548,0.707106781186548));
#1645=DIRECTION('',(0.,1.,0.));
#1646=DIRECTION('',(0.,0.,1.));
#1647=DIRECTION('',(0.,0.707106781186548,0.707106781186548));
#1648=DIRECTION('',(0.,0.707106781186548,-0.707106781186548));
#1649=DIRECTION('',(0.,-1.,0.));
#1650=DIRECTION('',(0.,0.,-1.));
#1651=DIRECTION('',(0.,-0.707106781186548,0.707106781186548));
#1652=DIRECTION('',(0.,-0.707106781186548,-0.707106781186548));
#1653=DIRECTION('',(0.,0.,1.));
#1654=DIRECTION('',(1.,0.,0.));
#1655=DIRECTION('',(0.,0.,-1.));
#1656=DIRECTION('',(-1.,0.,0.));
#1657=DIRECTION('',(0.,-0.707106781186548,-0.707106781186548));
#1658=DIRECTION('',(0.,-0.707106781186548,0.707106781186548));
#1659=DIRECTION('',(0.,0.707106781186548,-0.707106781186548));
#1660=DIRECTION('',(0.,0.707106781186548,0.707106781186548));
#1661=DIRECTION('',(0.,1.,0.));
#1662=DIRECTION('',(0.,0.,1.));
#1663=DIRECTION('',(0.,0.707106781186548,0.707106781186548));
#1664=DIRECTION('',(0.,0.707106781186548,-0.707106781186548));
#1665=DIRECTION('',(0.,-1.,0.));
#1666=DIRECTION('',(0.,0.,-1.));
#1667=DIRECTION('',(0.,-0.707106781186548,0.707106781186548));
#1668=DIRECTION('',(0.,-0.707106781186548,-0.707106781186548));
#1669=DIRECTION('',(0.,0.,1.));
#1670=DIRECTION('',(1.,0.,0.));
#1671=DIRECTION('',(0.,0.,1.));
#1672=DIRECTION('',(1.,0.,0.));
#1673=DIRECTION('',(0.,-0.37192125593292,-0.928264283157162));
#1674=DIRECTION('',(0.,0.928264283157162,-0.37192125593292));
#1675=DIRECTION('',(0.,-0.928264283157162,0.37192125593292));
#1676=DIRECTION('',(-1.,0.,0.));
#1677=DIRECTION('',(-1.,0.,0.));
#1678=DIRECTION('',(0.,0.,1.));
#1679=DIRECTION('',(1.,0.,0.));
#1680=DIRECTION('',(0.,0.,-1.));
#1681=DIRECTION('',(1.,0.,0.));
#1682=DIRECTION('',(0.,0.,-1.));
#1683=DIRECTION('',(1.,0.,0.));
#1684=DIRECTION('',(0.,1.,0.));
#1685=DIRECTION('',(1.,0.,0.));
#1686=DIRECTION('',(0.,0.,-1.));
#1687=DIRECTION('',(0.,0.591132914203993,-0.806574161342089));
#1688=DIRECTION('',(0.,0.80657416134209,0.591132914203993));
#1689=DIRECTION('',(-1.,0.,0.));
#1690=DIRECTION('',(0.,-0.80657416134209,-0.591132914203993));
#1691=DIRECTION('',(-1.,0.,0.));
#1692=DIRECTION('',(0.,0.,1.));
#1693=DIRECTION('',(1.,0.,0.));
#1694=DIRECTION('',(0.,0.,-1.));
#1695=DIRECTION('',(1.,0.,0.));
#1696=DIRECTION('',(0.,0.,-1.));
#1697=DIRECTION('',(1.,0.,0.));
#1698=DIRECTION('',(0.,1.,0.));
#1699=DIRECTION('',(1.,0.,0.));
#1700=DIRECTION('',(0.,0.,-1.));
#1701=DIRECTION('',(1.,0.,0.));
#1702=DIRECTION('',(0.,0.,-1.));
#1703=DIRECTION('',(1.,0.,0.));
#1704=DIRECTION('',(0.,0.,-1.));
#1705=DIRECTION('',(0.,0.80657416134209,0.591132914203993));
#1706=DIRECTION('',(0.,-0.591132914203993,0.806574161342089));
#1707=DIRECTION('',(0.,-0.80657416134209,-0.591132914203993));
#1708=DIRECTION('',(1.,0.,0.));
#1709=DIRECTION('',(0.,0.,-1.));
#1710=DIRECTION('',(1.,0.,0.));
#1711=DIRECTION('',(0.,0.,-1.));
#1712=DIRECTION('',(1.,0.,0.));
#1713=DIRECTION('',(0.,0.,-1.));
#1714=DIRECTION('',(1.,0.,0.));
#1715=DIRECTION('',(0.,0.,-1.));
#1716=DIRECTION('',(0.,0.928264283157162,-0.37192125593292));
#1717=DIRECTION('',(0.,0.37192125593292,0.928264283157162));
#1718=DIRECTION('',(0.,-0.928264283157162,0.37192125593292));
#1719=DIRECTION('',(-1.,0.,0.));
#1720=DIRECTION('',(0.,0.,1.));
#1721=DIRECTION('',(-1.,0.,0.));
#1722=DIRECTION('',(1.,0.,0.));
#1723=DIRECTION('',(0.,0.,-1.));
#1724=DIRECTION('',(-1.,0.,0.));
#1725=DIRECTION('',(0.,0.591132914203993,-0.80657416134209));
#1726=DIRECTION('',(0.,0.80657416134209,0.591132914203993));
#1727=DIRECTION('',(0.,-0.80657416134209,-0.591132914203993));
#1728=DIRECTION('',(1.,0.,0.));
#1729=DIRECTION('',(0.,1.,0.));
#1730=DIRECTION('',(-1.,0.,0.));
#1731=DIRECTION('',(0.,0.,1.));
#1732=DIRECTION('',(-1.,0.,0.));
#1733=DIRECTION('',(1.,0.,0.));
#1734=DIRECTION('',(0.,0.,-1.));
#1735=DIRECTION('',(-1.,0.,0.));
#1736=DIRECTION('',(0.,-0.37192125593292,-0.928264283157162));
#1737=DIRECTION('',(0.,0.928264283157162,-0.37192125593292));
#1738=DIRECTION('',(0.,-0.928264283157162,0.37192125593292));
#1739=DIRECTION('',(1.,0.,0.));
#1740=DIRECTION('',(0.,1.,0.));
#1741=DIRECTION('',(1.,0.,0.));
#1742=DIRECTION('',(0.,0.,-1.));
#1743=DIRECTION('',(1.,0.,0.));
#1744=DIRECTION('',(1.,0.,0.));
#1745=DIRECTION('',(0.,0.,-1.));
#1746=DIRECTION('',(1.,0.,0.));
#1747=DIRECTION('',(0.,1.,0.));
#1748=DIRECTION('',(0.,0.,1.));
#1749=DIRECTION('',(0.,0.,1.));
#1750=DIRECTION('',(1.,0.,0.));
#1751=DIRECTION('',(0.,0.,1.));
#1752=DIRECTION('',(1.,0.,0.));
#1753=DIRECTION('',(0.,-1.,0.));
#1754=DIRECTION('',(1.,0.,0.));
#1755=DIRECTION('',(0.,1.,0.));
#1756=DIRECTION('',(0.,0.,1.));
#1757=DIRECTION('',(0.,0.,1.));
#1758=DIRECTION('',(1.,0.,0.));
#1759=DIRECTION('',(0.,0.,1.));
#1760=DIRECTION('',(1.,0.,0.));
#1761=DIRECTION('',(0.,-1.,0.));
#1762=DIRECTION('',(1.,0.,0.));
#1763=DIRECTION('',(1.,0.,0.));
#1764=DIRECTION('',(0.,0.,-1.));
#1765=DIRECTION('',(1.,0.,0.));
#1766=DIRECTION('',(0.,0.,-1.));
#1767=DIRECTION('',(1.,0.,0.));
#1768=DIRECTION('',(0.,0.,1.));
#1769=DIRECTION('',(1.,0.,0.));
#1770=DIRECTION('',(0.,-1.,0.));
#1771=DIRECTION('',(1.,0.,0.));
#1772=DIRECTION('',(1.,0.,0.));
#1773=DIRECTION('',(0.,0.,-1.));
#1774=DIRECTION('',(1.,0.,0.));
#1775=DIRECTION('',(0.,0.,-1.));
#1776=DIRECTION('',(1.,0.,0.));
#1777=DIRECTION('',(1.,0.,0.));
#1778=DIRECTION('',(0.,0.,-1.));
#1779=DIRECTION('',(1.,0.,0.));
#1780=DIRECTION('',(0.,0.,-1.));
#1781=DIRECTION('',(1.,0.,0.));
#1782=DIRECTION('',(0.,0.,1.));
#1783=DIRECTION('',(1.,0.,0.));
#1784=DIRECTION('',(0.,-1.,0.));
#1785=DIRECTION('',(1.,0.,0.));
#1786=DIRECTION('',(0.,1.,0.));
#1787=DIRECTION('',(1.,0.,0.));
#1788=DIRECTION('',(0.,0.,-1.));
#1789=DIRECTION('',(1.,0.,0.));
#1790=DIRECTION('',(0.,0.,-1.));
#1791=DIRECTION('',(1.,0.,0.));
#1792=DIRECTION('',(0.,1.,0.));
#1793=DIRECTION('',(1.,0.,0.));
#1794=DIRECTION('',(0.,0.,-1.));
#1795=DIRECTION('',(1.,0.,0.));
#1796=DIRECTION('',(0.,0.,-1.));
#1797=DIRECTION('',(1.,0.,0.));
#1798=DIRECTION('',(0.,1.,0.));
#1799=CARTESIAN_POINT('',(0.,0.,0.));
#1800=CARTESIAN_POINT('',(0.00583788752555847,0.0427089296281338,0.025));
#1801=CARTESIAN_POINT('',(0.,0.0465714507269666,0.025));
#1802=CARTESIAN_POINT('',(0.,0.0465714507269666,0.020245358322735));
#1803=CARTESIAN_POINT('',(0.,0.0465714507269666,0.0207871952385846));
#1804=CARTESIAN_POINT('',(0.,0.0465714507269666,0.0207871952385846));
#1805=CARTESIAN_POINT('',(-8.7174510540607E-5,0.0464396935210874,0.0211273182602699));
#1806=CARTESIAN_POINT('',(-0.000403376903161699,0.0459236483149351,0.0213972502518863));
#1807=CARTESIAN_POINT('',(-0.00067984729821832,0.0452717642070203,0.0210706821775978));
#1808=CARTESIAN_POINT('',(-0.000759388399633831,0.0450477411270242,0.0205182531458414));
#1809=CARTESIAN_POINT('',(-0.000680635355226488,0.0452698296137619,0.0199628308113287));
#1810=CARTESIAN_POINT('',(-0.000402598083359177,0.0459254213011635,0.0196347777640525));
#1811=CARTESIAN_POINT('',(-8.73436075850993E-5,0.0464394379446125,0.0199045755462961));
#1812=CARTESIAN_POINT('',(-2.43105263946167E-20,0.0465714507269666,0.0202453583227351));
#1813=CARTESIAN_POINT('',(-0.000169154363101768,0.0391030484376112,0.0196052760919901));
#1814=CARTESIAN_POINT('',(-0.000471248652371275,0.0396511348203508,0.0194013826448415));
#1815=CARTESIAN_POINT('',(-0.000714695290692735,0.0402307074303642,0.0196147761926625));
#1816=CARTESIAN_POINT('',(-0.000803695671462711,0.0405002814638765,0.0202377416986508));
#1817=CARTESIAN_POINT('',(-0.000705685664585696,0.0402055589519063,0.0208499808173438));
#1818=CARTESIAN_POINT('',(-0.000455612849752514,0.0396190820865629,0.0210390615560124));
#1819=CARTESIAN_POINT('',(-0.000155126342658894,0.0390808410989109,0.0208159296645055));
#1820=CARTESIAN_POINT('',(2.20778207506869E-5,0.0388138044799526,0.0202047194921696));
#1821=CARTESIAN_POINT('',(-0.000169154363101768,0.0391030484376112,0.0196052760919901));
#1822=CARTESIAN_POINT('',(-0.000471248652371275,0.0396511348203508,0.0194013826448415));
#1823=CARTESIAN_POINT('',(-0.000714695290692735,0.0402307074303642,0.0196147761926625));
#1824=CARTESIAN_POINT('',(-0.000461474043879933,0.0396563825248964,0.0194709304773365));
#1825=CARTESIAN_POINT('',(0.00583788752555847,0.0427089296281338,0.0174142135623731));
#1826=CARTESIAN_POINT('',(0.0128378875255585,0.0427089296281338,0.0174142135623731));
#1827=CARTESIAN_POINT('',(0.00583788752555847,0.0427089296281338,0.0225857864376269));
#1828=CARTESIAN_POINT('',(0.0128378875255585,0.0427089296281338,0.0225857864376269));
#1829=CARTESIAN_POINT('',(-0.00113961582282584,0.0432696853889474,0.0187219881359429));
#1830=CARTESIAN_POINT('',(-0.00113951459930445,0.0432709449167291,0.018535313713822));
#1831=CARTESIAN_POINT('',(-0.0011292424796951,0.0434287014528906,0.0181702826611695));
#1832=CARTESIAN_POINT('',(-0.00105459961215756,0.0439809713954374,0.0179522658027983));
#1833=CARTESIAN_POINT('',(-0.000928528987174599,0.0445181618033602,0.0181811553794657));
#1834=CARTESIAN_POINT('',(-0.000881524331945016,0.0446709454313644,0.0185446835057036));
#1835=CARTESIAN_POINT('',(-0.000881891998089311,0.0446696853889474,0.0187314342018489));
#1836=CARTESIAN_POINT('',(-0.00113961582282584,0.0432696853889474,0.0187219881359429));
#1837=CARTESIAN_POINT('',(-0.000881891998089309,0.0446696853889474,0.0187314342018489));
#1838=CARTESIAN_POINT('',(-0.00113961582282584,0.0432696853889474,0.025));
#1839=CARTESIAN_POINT('',(-0.00113961582282584,0.0432696853889474,0.0189219881359429));
#1840=CARTESIAN_POINT('',(0.00583788752555847,0.0427089296281338,0.0189219881359429));
#1841=CARTESIAN_POINT('',(-0.00116202138533377,0.0426732191365189,0.0189219881359429));
#1842=CARTESIAN_POINT('',(-0.00116202138533377,0.0426732191365189,0.025));
#1843=CARTESIAN_POINT('',(-0.00116202138533377,0.0426732191365189,0.0187219881359429));
#1844=CARTESIAN_POINT('',(0.00583788752555847,0.0427089296281338,0.0187219881359429));
#1845=CARTESIAN_POINT('',(-0.00116200246569787,0.0426696853889474,0.0187219881359429));
#1846=CARTESIAN_POINT('',(-0.00101255596519225,0.0412696853889474,0.018712542070037));
#1847=CARTESIAN_POINT('',(-0.00101281912243092,0.0412709379517464,0.0185268999269461));
#1848=CARTESIAN_POINT('',(-0.0010477784912179,0.0414262407315732,0.0181660667731616));
#1849=CARTESIAN_POINT('',(-0.00113188581839345,0.0419704763919437,0.0179417022542637));
#1850=CARTESIAN_POINT('',(-0.00116358226484464,0.0425202648246615,0.0181706318537372));
#1851=CARTESIAN_POINT('',(-0.00116200948667523,0.0426709377019027,0.0185363830221545));
#1852=CARTESIAN_POINT('',(-0.00116200246569787,0.0426696853889474,0.0187219881359429));
#1853=CARTESIAN_POINT('',(-0.00101255596519225,0.0412696853889474,0.018712542070037));
#1854=CARTESIAN_POINT('',(0.00583788752555847,0.0427089296281338,0.018712542070037));
#1855=CARTESIAN_POINT('',(-0.000942601356259496,0.0409696853889474,0.018712542070037));
#1856=CARTESIAN_POINT('',(-0.000942601356259496,0.0409696853889474,0.018712542070037));
#1857=CARTESIAN_POINT('',(-0.000942601356259496,0.0409696853889474,0.0184471377870161));
#1858=CARTESIAN_POINT('',(-0.00100344334540765,0.0411881202419741,0.0179311087721108));
#1859=CARTESIAN_POINT('',(-0.00114006402176955,0.0419609302384174,0.0176046174259698));
#1860=CARTESIAN_POINT('',(-0.00117034441234681,0.0427509358174152,0.0179257779938741));
#1861=CARTESIAN_POINT('',(-0.00115725410511653,0.0429696853889475,0.0184472133275565));
#1862=CARTESIAN_POINT('',(-0.00115725410511653,0.0429696853889475,0.018712542070037));
#1863=CARTESIAN_POINT('',(-0.00115725410511653,0.0429696853889474,0.018712542070037));
#1864=CARTESIAN_POINT('',(-0.00115725410511653,0.0429696853889474,0.018712542070037));
#1865=CARTESIAN_POINT('',(-0.0011571601316201,0.0429722063607373,0.0184456614643995));
#1866=CARTESIAN_POINT('',(-0.00115363679763487,0.0431990920020282,0.0179238611800763));
#1867=CARTESIAN_POINT('',(-0.00106181776809163,0.0439928127333571,0.0176156542274459));
#1868=CARTESIAN_POINT('',(-0.000865065926399217,0.0447554875564033,0.0179461500155318));
#1869=CARTESIAN_POINT('',(-0.00078612777202434,0.044972207879108,0.0184643928551467));
#1870=CARTESIAN_POINT('',(-0.000786988578184755,0.0449696853889474,0.0187314342018489));
#1871=CARTESIAN_POINT('',(-0.000786988578184743,0.0449696853889474,0.0187314342018489));
#1872=CARTESIAN_POINT('',(0.00583788752555847,0.0427089296281338,0.0187314342018489));
#1873=CARTESIAN_POINT('',(0.00583788752555847,0.0427089296281338,0.025));
#1874=CARTESIAN_POINT('',(0.00583788752555847,0.0427089296281338,0.025));
#1875=CARTESIAN_POINT('',(0.0104236739631854,0.0427089296281338,0.025));
#1876=CARTESIAN_POINT('',(0.00583788752555847,0.0427089296281338,0.0225857864376269));
#1877=CARTESIAN_POINT('',(0.003,0.0470233893343734,0.0249297048967855));
#1878=CARTESIAN_POINT('',(0.003,0.0475545786318246,0.0248202040639734));
#1879=CARTESIAN_POINT('',(0.003,0.0480568846178997,0.0245699885623542));
#1880=CARTESIAN_POINT('',(0.003,0.0484338626684564,0.0241902387218711));
#1881=CARTESIAN_POINT('',(0.003,0.0470233893343734,0.0249297048967855));
#1882=CARTESIAN_POINT('',(0.003,0.0484338626684564,0.0241902387218711));
#1883=CARTESIAN_POINT('',(0.003,0.0470233893343734,0.0249297048967855));
#1884=CARTESIAN_POINT('',(0.00300000000000001,0.0467450065095085,0.0249870915032356));
#1885=CARTESIAN_POINT('',(0.00287352219461676,0.0461598534393362,0.0249995895426797));
#1886=CARTESIAN_POINT('',(0.00231875362860883,0.045852578659767,0.0250075803738553));
#1887=CARTESIAN_POINT('',(0.00203431457505074,0.0458682590548343,0.0249731948866319));
#1888=CARTESIAN_POINT('',(0.00203431457505089,0.0458682590548342,0.0249731948866319));
#1889=CARTESIAN_POINT('',(0.00203431457505089,0.0458682590548343,0.0249731948866319));
#1890=CARTESIAN_POINT('',(0.0016535798368718,0.0458892479838713,0.0249271683325725));
#1891=CARTESIAN_POINT('',(0.0012598081199424,0.0459372220195951,0.0248091906538565));
#1892=CARTESIAN_POINT('',(0.00096568542494925,0.0460733134614447,0.024597207408681));
#1893=CARTESIAN_POINT('',(0.000965685424949238,0.0460733134614447,0.024597207408681));
#1894=CARTESIAN_POINT('',(0.000965685424949238,0.0460733134614447,0.024597207408681));
#1895=CARTESIAN_POINT('',(0.000731741004756565,0.0461815602373606,0.0244285964914436));
#1896=CARTESIAN_POINT('',(0.00063972161758403,0.0464186238442902,0.0242160051513172));
#1897=CARTESIAN_POINT('',(0.000630279183856551,0.0466496101659628,0.0240162767806607));
#1898=CARTESIAN_POINT('',(0.000630279183858608,0.0466496101659626,0.0240162767806598));
#1899=CARTESIAN_POINT('',(0.000630279183858608,0.0466496101659626,0.0240162767806598));
#1900=CARTESIAN_POINT('',(0.00070243214043596,0.046904582190186,0.0238853294571645));
#1901=CARTESIAN_POINT('',(0.000806493157892037,0.0471443220554973,0.0237532992785734));
#1902=CARTESIAN_POINT('',(0.000965685424949238,0.0473775515106489,0.0236598528393917));
#1903=CARTESIAN_POINT('',(0.000965685424949241,0.0473775515106489,0.0236598528393917));
#1904=CARTESIAN_POINT('',(0.00201945269202571,0.0484741545805822,0.0232204844413722));
#1905=CARTESIAN_POINT('',(0.00160581358522153,0.0481589114000335,0.0233467907549527));
#1906=CARTESIAN_POINT('',(0.00125130157934107,0.0477960021131987,0.0234921951189881));
#1907=CARTESIAN_POINT('',(0.000965685424949067,0.047377551510649,0.0236598528393917));
#1908=CARTESIAN_POINT('',(0.00201945269202572,0.0484741545805822,0.0232204844413722));
#1909=CARTESIAN_POINT('',(0.0020194526920257,0.0484741545805822,0.0232204844413722));
#1910=CARTESIAN_POINT('',(0.00202440069481421,0.0484774765531062,0.0232203473622297));
#1911=CARTESIAN_POINT('',(0.00202935466046589,0.048480791313394,0.0232202161124882));
#1912=CARTESIAN_POINT('',(0.0020343145750507,0.0484840988714726,0.0232200906177407));
#1913=CARTESIAN_POINT('',(0.0020343145750507,0.0484840988714726,0.0232200906177407));
#1914=CARTESIAN_POINT('',(0.00203431457505076,0.0484840988714725,0.0232200906177408));
#1915=CARTESIAN_POINT('',(0.00215156071564181,0.0485622853831277,0.0232171240797983));
#1916=CARTESIAN_POINT('',(0.00239643675184066,0.0486997590822664,0.0232604869336916));
#1917=CARTESIAN_POINT('',(0.002748908075716,0.0488037883673899,0.023494411507846));
#1918=CARTESIAN_POINT('',(0.00297466255537066,0.0487097800309607,0.023864508688386));
#1919=CARTESIAN_POINT('',(0.003,0.048533104535833,0.0240902671631825));
#1920=CARTESIAN_POINT('',(0.003,0.0484338626684564,0.0241902387218711));
#1921=CARTESIAN_POINT('',(0.000965685424949238,0.0378182518855161,0.0232618367047728));
#1922=CARTESIAN_POINT('',(0.000816176336113555,0.0380315678394305,0.0234181745687007));
#1923=CARTESIAN_POINT('',(0.000636685127512625,0.0384661489205608,0.0238069880670997));
#1924=CARTESIAN_POINT('',(0.000623373669383662,0.0389460825387447,0.0241648865520438));
#1925=CARTESIAN_POINT('',(0.000664313022999483,0.0391959975535761,0.0243313745584719));
#1926=CARTESIAN_POINT('',(0.000965685424949244,0.0378182518855161,0.0232618367047728));
#1927=CARTESIAN_POINT('',(0.000664313022999483,0.0391959975535761,0.0243313745584719));
#1928=CARTESIAN_POINT('',(0.000664313022999482,0.0391959975535761,0.0243313745584719));
#1929=CARTESIAN_POINT('',(0.000733052984166745,0.039296765180212,0.0244397891388661));
#1930=CARTESIAN_POINT('',(0.000832537359760475,0.0393831818293372,0.0245420957429957));
#1931=CARTESIAN_POINT('',(0.000965685424949248,0.039426426310688,0.0246270830158339));
#1932=CARTESIAN_POINT('',(0.000965685424949172,0.0394264263106881,0.0246270830158339));
#1933=CARTESIAN_POINT('',(0.000965685424949189,0.0394264263106881,0.0246270830158339));
#1934=CARTESIAN_POINT('',(0.00127802375914346,0.0395278690860604,0.0248264459069757));
#1935=CARTESIAN_POINT('',(0.0016560979376145,0.0395614269454503,0.0249326352737245));
#1936=CARTESIAN_POINT('',(0.00203431457505076,0.0395768710389955,0.0249757419970756));
#1937=CARTESIAN_POINT('',(0.00203431457505076,0.0395768710389955,0.0249757419970756));
#1938=CARTESIAN_POINT('',(0.00203431457505076,0.0395768710389955,0.0249757419970756));
#1939=CARTESIAN_POINT('',(0.00230533335590939,0.0395879378165769,0.0250066309915117));
#1940=CARTESIAN_POINT('',(0.0028388929659686,0.0393241519003178,0.0249975640293961));
#1941=CARTESIAN_POINT('',(0.003,0.0387704155693831,0.0249959562717331));
#1942=CARTESIAN_POINT('',(0.003,0.0385025205064372,0.0249500794538364));
#1943=CARTESIAN_POINT('',(0.003,0.0385025205064372,0.0249500794538364));
#1944=CARTESIAN_POINT('',(0.003,0.0367776247131067,0.0239534268743553));
#1945=CARTESIAN_POINT('',(0.003,0.037188102724899,0.0244920596264936));
#1946=CARTESIAN_POINT('',(0.003,0.0378285551131141,0.0248346634126518));
#1947=CARTESIAN_POINT('',(0.003,0.0385025205064372,0.0249500794538364));
#1948=CARTESIAN_POINT('',(0.003,0.0367776247131066,0.0239534268743553));
#1949=CARTESIAN_POINT('',(0.003,0.0367776247131066,0.0239534268743553));
#1950=CARTESIAN_POINT('',(0.003,0.0366944032419803,0.0238442229493167));
#1951=CARTESIAN_POINT('',(0.00296202886587724,0.0365585423731444,0.0236010878048797));
#1952=CARTESIAN_POINT('',(0.00264399696941776,0.0365248084428121,0.0231251770266802));
#1953=CARTESIAN_POINT('',(0.00226379091251011,0.0367223112459798,0.0229839481427773));
#1954=CARTESIAN_POINT('',(0.00203431457505346,0.0368731035761338,0.0229900070092257));
#1955=CARTESIAN_POINT('',(0.00203431457505345,0.0368731035761338,0.0229900070092257));
#1956=CARTESIAN_POINT('',(0.00203431457505346,0.0368731035761338,0.0229900070092258));
#1957=CARTESIAN_POINT('',(0.00170602869558427,0.0370888251327463,0.0229986747451801));
#1958=CARTESIAN_POINT('',(0.00139233218431304,0.0373393703657161,0.0230311562743828));
#1959=CARTESIAN_POINT('',(0.00111940291553085,0.0376180623600605,0.0231151191141934));
#1960=CARTESIAN_POINT('',(0.00111940291553083,0.0376180623600605,0.0231151191141934));
#1961=CARTESIAN_POINT('',(0.000965685424949266,0.0378182518855161,0.0232618367047727));
#1962=CARTESIAN_POINT('',(0.00101359255064033,0.037749899156624,0.0232117414379512));
#1963=CARTESIAN_POINT('',(0.00106492949095995,0.0376831725537142,0.0231628379481997));
#1964=CARTESIAN_POINT('',(0.00111940291553082,0.0376180623600605,0.0231151191141934));
#1965=CARTESIAN_POINT('',(0.00583788752555847,0.0427089296281338,0.015));
#1966=CARTESIAN_POINT('',(0.00583788752555847,0.0427089296281338,0.00386274169979696));
#1967=CARTESIAN_POINT('',(0.0133378875255585,0.0427089296281338,0.00386274169979696));
#1968=CARTESIAN_POINT('',(-2.99929476868088E-6,0.0474136125241565,0.015));
#1969=CARTESIAN_POINT('',(-2.99929476868088E-6,0.0474136125241565,0.011137258300203));
#1970=CARTESIAN_POINT('',(-2.99929476868088E-6,0.0474136125241565,0.00716873814648065));
#1971=CARTESIAN_POINT('',(0.00583788752555847,0.0427089296281338,0.011137258300203));
#1972=CARTESIAN_POINT('',(0.,0.0380005255206968,0.011137258300203));
#1973=CARTESIAN_POINT('',(0.,0.0380005255206968,0.015));
#1974=CARTESIAN_POINT('',(0.,0.0380005255206968,0.00720646258686872));
#1975=CARTESIAN_POINT('',(0.00583788752555847,0.0427089296281338,0.00720646258686872));
#1976=CARTESIAN_POINT('',(-0.00143431457505076,0.0408745151144825,0.00720646258686872));
#1977=CARTESIAN_POINT('',(-0.00143431457505076,0.0408745151144825,0.00720646258686872));
#1978=CARTESIAN_POINT('',(-0.00143759569723183,0.0408875225255337,0.00720646258686872));
#1979=CARTESIAN_POINT('',(-0.00144084189253464,0.0409005386262676,0.00720647930704205));
#1980=CARTESIAN_POINT('',(-0.0014440531615791,0.0409135634178551,0.00720651169317009));
#1981=CARTESIAN_POINT('',(-0.0014440531615791,0.0409135634178551,0.00720651169317008));
#1982=CARTESIAN_POINT('',(-0.0014440531615791,0.0409135634178551,0.00720651169317009));
#1983=CARTESIAN_POINT('',(-0.00144405316157912,0.0409135634178552,0.011137258300203));
#1984=CARTESIAN_POINT('',(0.00583788752555847,0.0427089296281338,0.011137258300203));
#1985=CARTESIAN_POINT('',(-0.00146569496560548,0.0444141225189129,0.011137258300203));
#1986=CARTESIAN_POINT('',(-0.00146569496560548,0.0444141225189129,0.011137258300203));
#1987=CARTESIAN_POINT('',(-0.00146569496560548,0.0444141225189129,0.007169248141237));
#1988=CARTESIAN_POINT('',(-0.00146569496560548,0.0444141225189129,0.007169248141237));
#1989=CARTESIAN_POINT('',(-0.00145561684435343,0.0444572885386156,0.00716892047502104));
#1990=CARTESIAN_POINT('',(-0.00144515673615428,0.0445003623695818,0.00716873814648065));
#1991=CARTESIAN_POINT('',(-0.00143431457505076,0.0445433441417851,0.00716873814648065));
#1992=CARTESIAN_POINT('',(-0.00143431457505076,0.0445433441417851,0.00716873814648065));
#1993=CARTESIAN_POINT('',(0.00583788752555847,0.0427089296281338,0.00716873814648065));
#1994=CARTESIAN_POINT('',(0.00583788752555847,0.0427089296281338,0.011137258300203));
#1995=CARTESIAN_POINT('',(-0.00143431457505475,0.0444136125241565,0.0116230689356839));
#1996=CARTESIAN_POINT('',(-0.00143233204814303,0.0444136125241565,0.0116382943775426));
#1997=CARTESIAN_POINT('',(-0.00143025509375375,0.0444136125241565,0.0116535174509334));
#1998=CARTESIAN_POINT('',(-0.00142808333809251,0.0444136125241565,0.0116687381464806));
#1999=CARTESIAN_POINT('',(-0.00143431457505475,0.0444136125241565,0.0116230689356839));
#2000=CARTESIAN_POINT('',(-0.00142808333809251,0.0444136125241565,0.0116687381464806));
#2001=CARTESIAN_POINT('',(-0.00143431457505076,0.0444136125241565,0.0116230689356839));
#2002=CARTESIAN_POINT('',(-0.00145531200679144,0.0444136125241565,0.0114618125238493));
#2003=CARTESIAN_POINT('',(-0.00146569496560548,0.0444141225189129,0.0112998710174796));
#2004=CARTESIAN_POINT('',(-0.00146569496560548,0.0444141225189129,0.011137258300203));
#2005=CARTESIAN_POINT('',(-0.00144405316157924,0.0409135634178551,0.011137258300203));
#2006=CARTESIAN_POINT('',(-0.00144405316157924,0.0409135634178551,0.0112274655718185));
#2007=CARTESIAN_POINT('',(-0.00144081480223538,0.0409136125241565,0.0113175561477251));
#2008=CARTESIAN_POINT('',(-0.0014343145750509,0.0409136125241565,0.0114075291986929));
#2009=CARTESIAN_POINT('',(-0.0014343145750509,0.0409136125241565,0.0114075291986929));
#2010=CARTESIAN_POINT('',(-0.00143431457505091,0.0409136125241565,0.0114075291986929));
#2011=CARTESIAN_POINT('',(-0.00142710976396598,0.0409136125241565,0.0115072547646709));
#2012=CARTESIAN_POINT('',(-0.00141590936521285,0.0409136125241565,0.0116068998098182));
#2013=CARTESIAN_POINT('',(-0.0014006266763206,0.0409136125241565,0.0117064625868687));
#2014=CARTESIAN_POINT('',(-0.00140062667632058,0.0409136125241565,0.0117064625868687));
#2015=CARTESIAN_POINT('',(0.00583788752555847,0.0427089296281338,0.0117064625868687));
#2016=CARTESIAN_POINT('',(0.,0.0380679900041388,0.0117064625868687));
#2017=CARTESIAN_POINT('',(0.,0.0380005255206957,0.0111372583002032));
#2018=CARTESIAN_POINT('',(0.,0.0380005255206957,0.0113295746549323));
#2019=CARTESIAN_POINT('',(0.,0.038023178715682,0.0115192904716246));
#2020=CARTESIAN_POINT('',(0.,0.0380679900041381,0.0117064625868688));
#2021=CARTESIAN_POINT('',(-2.99929476868351E-6,0.0474136125241565,0.011137258300203));
#2022=CARTESIAN_POINT('',(-2.99929476868351E-6,0.0474136125241565,0.0111819329453199));
#2023=CARTESIAN_POINT('',(-2.00455054413618E-6,0.0474136125241565,0.0112267009502347));
#2024=CARTESIAN_POINT('',(-1.20896072995583E-15,0.0474136125241565,0.0112715637285711));
#2025=CARTESIAN_POINT('',(0.,0.0474136125241565,0.0112715637285712));
#2026=CARTESIAN_POINT('',(0.,0.0473585904336492,0.0116687381464806));
#2027=CARTESIAN_POINT('',(0.,0.0473874643908657,0.0115392418149801));
#2028=CARTESIAN_POINT('',(0.,0.0474061737722334,0.0114057301584177));
#2029=CARTESIAN_POINT('',(0.,0.0474136125241581,0.0112715637285711));
#2030=CARTESIAN_POINT('',(0.,0.0473585904336492,0.0116687381464806));
#2031=CARTESIAN_POINT('',(0.00583788752555847,0.0427089296281338,0.0116687381464806));
#2032=CARTESIAN_POINT('',(0.00583788752555847,0.0427089296281338,0.015));
#2033=CARTESIAN_POINT('',(0.00947514582576152,0.0427089296281338,0.015));
#2034=CARTESIAN_POINT('',(0.00583788752555847,0.0427089296281338,0.));
#2035=CARTESIAN_POINT('',(-0.00024048799996966,0.037154081630314,0.));
#2036=CARTESIAN_POINT('',(0.00325951200003034,0.037154081630314,0.));
#2037=CARTESIAN_POINT('',(-0.00277480257502042,0.037154081630314,0.));
#2038=CARTESIAN_POINT('',(-0.00277480257502042,0.0427089296281338,0.));
#2039=CARTESIAN_POINT('',(-0.00277480257502042,0.0411540816303141,0.));
#2040=CARTESIAN_POINT('',(-0.00024048799996966,0.0411540816303141,0.));
#2041=CARTESIAN_POINT('',(0.00254971240156159,0.0411540816303141,0.));
#2042=CARTESIAN_POINT('',(0.00583788752555847,0.0427089296281338,0.));
#2043=CARTESIAN_POINT('',(0.00232557551846534,0.043654081630314,0.));
#2044=CARTESIAN_POINT('',(-0.000254214229315293,0.043654081630314,0.));
#2045=CARTESIAN_POINT('',(-0.00278852880436605,0.043654081630314,0.));
#2046=CARTESIAN_POINT('',(-0.00278852880436605,0.0427089296281338,0.));
#2047=CARTESIAN_POINT('',(-0.00278852880436605,0.0476540816303141,0.));
#2048=CARTESIAN_POINT('',(-0.000254214229315293,0.0476540816303141,0.));
#2049=CARTESIAN_POINT('',(0.00324578577068471,0.0476540816303141,0.));
#2050=CARTESIAN_POINT('',(0.00324578577068471,0.0456540816303141,0.));
#2051=CARTESIAN_POINT('',(0.00324578577068471,0.0452605284278624,0.));
#2052=CARTESIAN_POINT('',(0.00583788752555847,0.0427089296281338,0.));
#2053=CARTESIAN_POINT('',(0.00325951200003034,0.0401434613294106,0.));
#2054=CARTESIAN_POINT('',(0.00325951200003034,0.0391540816303141,0.));
#2055=CARTESIAN_POINT('',(0.00583788752555847,0.0427089296281338,0.00386274169979696));
#2056=CARTESIAN_POINT('',(0.0032457857706847,0.0476540816303141,0.000526037154884963));
#2057=CARTESIAN_POINT('',(0.0032457857706847,0.0469159156621037,0.000144724913899078));
#2058=CARTESIAN_POINT('',(0.00324578577068471,0.0460813615338199,1.75795452104322E-18));
#2059=CARTESIAN_POINT('',(0.00324578577068471,0.0452605284278624,-1.77347523331366E-19));
#2060=CARTESIAN_POINT('',(0.00324578577068471,0.0476540816303141,0.000526037154884953));
#2061=CARTESIAN_POINT('',(0.00324578577068467,0.0476540816303141,0.000526037154884867));
#2062=CARTESIAN_POINT('',(0.00260231253100824,0.0476540816303141,0.000700269835981492));
#2063=CARTESIAN_POINT('',(0.00135945511866905,0.0476540816303141,0.00124580880721443));
#2064=CARTESIAN_POINT('',(0.000526362689554721,0.0476540816303141,0.00236099464446854));
#2065=CARTESIAN_POINT('',(0.000329593014478221,0.0476540816303141,0.00300000000000001));
#2066=CARTESIAN_POINT('',(0.000329593014478205,0.0476540816303141,0.003));
#2067=CARTESIAN_POINT('',(0.00583788752555847,0.0427089296281338,0.003));
#2068=CARTESIAN_POINT('',(-0.00150394633514958,0.043654081630314,0.003));
#2069=CARTESIAN_POINT('',(0.00232557551846534,0.043654081630314,-1.06133373047571E-17));
#2070=CARTESIAN_POINT('',(0.0014468662154204,0.043654081630314,-1.22904750850761E-17));
#2071=CARTESIAN_POINT('',(-0.000300259639867912,0.043654081630314,0.000583207408507573));
#2072=CARTESIAN_POINT('',(-0.00130695156258411,0.0436540816303141,0.00214731537636344));
#2073=CARTESIAN_POINT('',(-0.00150394633514958,0.0436540816303141,0.003));
#2074=CARTESIAN_POINT('',(0.00254971240156159,0.0411540816303141,-1.58716090670612E-17));
#2075=CARTESIAN_POINT('',(0.0016542468313414,0.0411540816303141,-1.44640989523284E-17));
#2076=CARTESIAN_POINT('',(-0.000141577424023448,0.041154081630314,0.000547177338702022));
#2077=CARTESIAN_POINT('',(-0.00119552101563079,0.0411540816303141,0.00213009773283402));
#2078=CARTESIAN_POINT('',(-0.00139939680277495,0.0411540816303141,0.003));
#2079=CARTESIAN_POINT('',(-0.00139939680277495,0.0411540816303141,0.003));
#2080=CARTESIAN_POINT('',(0.00583788752555847,0.0427089296281338,0.003));
#2081=CARTESIAN_POINT('',(0.000945086643999648,0.037154081630314,0.003));
#2082=CARTESIAN_POINT('',(0.00325951200003029,0.037154081630314,0.000906986135687561));
#2083=CARTESIAN_POINT('',(0.00275421901049029,0.037154081630314,0.00108597447013702));
#2084=CARTESIAN_POINT('',(0.0017852251757672,0.037154081630314,0.00159172327431414));
#2085=CARTESIAN_POINT('',(0.00112067507568496,0.037154081630314,0.00249349630399461));
#2086=CARTESIAN_POINT('',(0.000945086643999676,0.037154081630314,0.003));
#2087=CARTESIAN_POINT('',(0.00325951200003028,0.037154081630314,0.000906986135687541));
#2088=CARTESIAN_POINT('',(0.00325951200003034,0.0401434613294106,-1.90582605185138E-19));
#2089=CARTESIAN_POINT('',(0.00325951200003034,0.0396250989666727,2.77751537476315E-18));
#2090=CARTESIAN_POINT('',(0.00325951200003034,0.0385895651394805,0.000103869989803748));
#2091=CARTESIAN_POINT('',(0.00325951200003034,0.0375858150984252,0.000577510594599157));
#2092=CARTESIAN_POINT('',(0.00325951200003034,0.037154081630314,0.000906986135687536));
#2093=CARTESIAN_POINT('',(0.00583788752555847,0.0427089296281338,0.015));
#2094=CARTESIAN_POINT('',(0.00583788752555847,0.0427089296281338,0.015));
#2095=CARTESIAN_POINT('',(0.0104236739631854,0.0427089296281338,0.015));
#2096=CARTESIAN_POINT('',(0.00325951200003034,0.0391540816303141,0.003));
#2097=CARTESIAN_POINT('',(0.00325951200003034,0.037154081630314,0.003));
#2098=CARTESIAN_POINT('',(-0.00024048799996966,0.0411540816303141,0.003));
#2099=CARTESIAN_POINT('',(-0.00277480257502042,0.0411540816303141,0.003));
#2100=CARTESIAN_POINT('',(-0.00277480257502042,0.0411540816303141,0.003));
#2101=CARTESIAN_POINT('',(-0.00024048799996966,0.0411540816303141,0.003));
#2102=CARTESIAN_POINT('',(-0.00374048799996966,0.0391540816303141,0.003));
#2103=CARTESIAN_POINT('',(-0.00374048799996966,0.0391540816303141,0.000965685424949238));
#2104=CARTESIAN_POINT('',(-0.00374048799996966,0.0401883962053648,0.000965685424949238));
#2105=CARTESIAN_POINT('',(-0.00374048799996966,0.0381197670552633,0.000965685424949238));
#2106=CARTESIAN_POINT('',(-0.00374048799996966,0.0381197670552633,0.003));
#2107=CARTESIAN_POINT('',(-0.00374048799996966,0.0381197670552633,0.00203431457505076));
#2108=CARTESIAN_POINT('',(-0.00374048799996966,0.0411540816303141,0.00203431457505076));
#2109=CARTESIAN_POINT('',(-0.00374048799996966,0.0401883962053648,0.00203431457505076));
#2110=CARTESIAN_POINT('',(-0.00374048799996966,0.0401883962053648,0.003));
#2111=CARTESIAN_POINT('',(-0.00024048799996966,0.037154081630314,0.003));
#2112=CARTESIAN_POINT('',(-0.00024048799996966,0.037154081630314,0.003));
#2113=CARTESIAN_POINT('',(-0.00277480257502042,0.037154081630314,0.003));
#2114=CARTESIAN_POINT('',(-0.00277480257502042,0.037154081630314,0.));
#2115=CARTESIAN_POINT('',(-0.000247351114642477,0.042404081630314,0.003));
#2116=CARTESIAN_POINT('',(-0.00277480257502042,0.037154081630314,0.003));
#2117=CARTESIAN_POINT('',(0.00324578577068471,0.0456540816303141,0.003));
#2118=CARTESIAN_POINT('',(0.00324578577068471,0.0476540816303141,0.003));
#2119=CARTESIAN_POINT('',(-0.000254214229315293,0.0476540816303141,0.003));
#2120=CARTESIAN_POINT('',(-0.00278852880436605,0.0476540816303141,0.003));
#2121=CARTESIAN_POINT('',(-0.00278852880436605,0.0476540816303141,0.003));
#2122=CARTESIAN_POINT('',(-0.000254214229315293,0.0476540816303141,0.003));
#2123=CARTESIAN_POINT('',(-0.00375421422931529,0.0456540816303141,0.003));
#2124=CARTESIAN_POINT('',(-0.00375421422931529,0.0456540816303141,0.000965685424949238));
#2125=CARTESIAN_POINT('',(-0.0037542142293153,0.0466883962053648,0.000965685424949238));
#2126=CARTESIAN_POINT('',(-0.00375421422931529,0.0446197670552633,0.000965685424949238));
#2127=CARTESIAN_POINT('',(-0.00375421422931529,0.0446197670552633,0.003));
#2128=CARTESIAN_POINT('',(-0.00375421422931529,0.0446197670552633,0.00203431457505076));
#2129=CARTESIAN_POINT('',(-0.0037542142293153,0.0476540816303141,0.00203431457505076));
#2130=CARTESIAN_POINT('',(-0.0037542142293153,0.0466883962053648,0.00203431457505076));
#2131=CARTESIAN_POINT('',(-0.0037542142293153,0.0466883962053648,0.003));
#2132=CARTESIAN_POINT('',(-0.000254214229315293,0.043654081630314,0.003));
#2133=CARTESIAN_POINT('',(-0.000254214229315293,0.043654081630314,0.003));
#2134=CARTESIAN_POINT('',(-0.00278852880436605,0.043654081630314,0.003));
#2135=CARTESIAN_POINT('',(-0.00278852880436605,0.043654081630314,0.));
#2136=CARTESIAN_POINT('',(-0.000247351114642477,0.042404081630314,0.003));
#2137=CARTESIAN_POINT('',(-0.00278852880436605,0.043654081630314,0.003));
#2138=CARTESIAN_POINT('',(-0.0024,0.0409136125241565,0.00945646258686872));
#2139=CARTESIAN_POINT('',(-0.00143431457505076,0.0409136125241565,0.00945646258686872));
#2140=CARTESIAN_POINT('',(-0.00143431457505076,0.0409136125241565,0.0117064625868687));
#2141=CARTESIAN_POINT('',(-0.0024,0.0409136125241565,0.0117064625868687));
#2142=CARTESIAN_POINT('',(0.,0.0426636125241565,0.00943760036667469));
#2143=CARTESIAN_POINT('',(0.,0.0394136125241565,0.0117064625868687));
#2144=CARTESIAN_POINT('',(0.,0.0379136125241565,0.0117064625868687));
#2145=CARTESIAN_POINT('',(0.,0.0379136125241565,0.00945646258686872));
#2146=CARTESIAN_POINT('',(0.,0.0379136125241565,0.00720646258686872));
#2147=CARTESIAN_POINT('',(0.,0.0394136125241565,0.00720646258686872));
#2148=CARTESIAN_POINT('',(-0.0024,0.0394136125241565,0.0117064625868687));
#2149=CARTESIAN_POINT('',(-0.00143431457505076,0.0379136125241565,0.0117064625868687));
#2150=CARTESIAN_POINT('',(-0.00143431457505076,0.0379136125241565,0.0117064625868687));
#2151=CARTESIAN_POINT('',(-0.0024,0.0379136125241565,0.0117064625868687));
#2152=CARTESIAN_POINT('',(-0.0024,0.0379136125241565,0.00945646258686872));
#2153=CARTESIAN_POINT('',(-0.00143431457505076,0.0379136125241565,0.00720646258686872));
#2154=CARTESIAN_POINT('',(-0.00143431457505076,0.0379136125241565,0.00720646258686872));
#2155=CARTESIAN_POINT('',(-0.0024,0.0379136125241565,0.00720646258686872));
#2156=CARTESIAN_POINT('',(-0.0024,0.0394136125241565,0.00720646258686872));
#2157=CARTESIAN_POINT('',(-0.00143431457505076,0.0394136125241565,0.00720646258686872));
#2158=CARTESIAN_POINT('',(-0.0024,0.0426636125241565,0.00943760036667469));
#2159=CARTESIAN_POINT('',(-0.0024,0.0399479270992072,0.00943760036667469));
#2160=CARTESIAN_POINT('',(-0.0024,0.0399479270992072,0.0107407771619195));
#2161=CARTESIAN_POINT('',(-0.0024,0.0399479270992072,0.00817214801181796));
#2162=CARTESIAN_POINT('',(-0.0024,0.0426636125241565,0.00817214801181796));
#2163=CARTESIAN_POINT('',(-0.0024,0.0388792979491057,0.00817214801181796));
#2164=CARTESIAN_POINT('',(-0.0024,0.0388792979491057,0.0117064625868687));
#2165=CARTESIAN_POINT('',(-0.0024,0.0388792979491057,0.0107407771619195));
#2166=CARTESIAN_POINT('',(-0.0024,0.0409136125241565,0.0107407771619195));
#2167=CARTESIAN_POINT('',(-0.0024,0.0474136125241565,0.00941873814648065));
#2168=CARTESIAN_POINT('',(-0.0024,0.0474136125241565,0.00716873814648065));
#2169=CARTESIAN_POINT('',(-0.00143431457505076,0.0474136125241565,0.00716873814648065));
#2170=CARTESIAN_POINT('',(-0.00143431457505076,0.0474136125241565,0.00941873814648065));
#2171=CARTESIAN_POINT('',(-0.00143431457505076,0.0474136125241565,0.0116687381464806));
#2172=CARTESIAN_POINT('',(-0.0024,0.0474136125241565,0.0116687381464806));
#2173=CARTESIAN_POINT('',(0.,0.0474136125241565,0.0116687381464806));
#2174=CARTESIAN_POINT('',(0.,0.0474136125241565,0.00941873814648065));
#2175=CARTESIAN_POINT('',(-0.0024,0.0444136125241565,0.00941873814648065));
#2176=CARTESIAN_POINT('',(-0.0024,0.0444136125241565,0.0116687381464806));
#2177=CARTESIAN_POINT('',(-0.00143431457505076,0.0444136125241565,0.0116687381464806));
#2178=CARTESIAN_POINT('',(-0.00143431457505076,0.0444136125241565,0.00716873814648065));
#2179=CARTESIAN_POINT('',(-0.0024,0.0459136125241565,0.0116687381464806));
#2180=CARTESIAN_POINT('',(-0.00143431457505076,0.0444136125241565,0.0116687381464806));
#2181=CARTESIAN_POINT('',(0.,0.0459136125241565,0.0116687381464806));
#2182=CARTESIAN_POINT('',(-0.0024,0.0459136125241565,0.00716873814648065));
#2183=CARTESIAN_POINT('',(-0.00143431457505076,0.0459136125241565,0.00716873814648065));
#2184=CARTESIAN_POINT('',(-0.0024,0.0426636125241565,0.00943760036667469));
#2185=CARTESIAN_POINT('',(-0.0024,0.0464479270992072,0.00943760036667469));
#2186=CARTESIAN_POINT('',(-0.0024,0.0464479270992072,0.0107030527215314));
#2187=CARTESIAN_POINT('',(-0.0024,0.0464479270992072,0.00813442357142989));
#2188=CARTESIAN_POINT('',(-0.0024,0.0426636125241565,0.00813442357142989));
#2189=CARTESIAN_POINT('',(-0.0024,0.0453792979491057,0.00813442357142989));
#2190=CARTESIAN_POINT('',(-0.0024,0.0453792979491057,0.0116687381464806));
#2191=CARTESIAN_POINT('',(-0.0024,0.0453792979491057,0.0107030527215314));
#2192=CARTESIAN_POINT('',(-0.0024,0.0474136125241565,0.0107030527215314));
#2193=CARTESIAN_POINT('',(0.,0.0426636125241565,0.00943760036667469));
#2194=CARTESIAN_POINT('',(-0.00277480257502042,0.0391540816303141,0.000965685424949238));
#2195=CARTESIAN_POINT('',(-0.00277480257502042,0.0381197670552633,0.000965685424949238));
#2196=CARTESIAN_POINT('',(-0.00277480257502042,0.0401883962053648,0.000965685424949238));
#2197=CARTESIAN_POINT('',(-0.00277480257502042,0.0401883962053648,0.003));
#2198=CARTESIAN_POINT('',(-0.00277480257502042,0.0401883962053648,0.00203431457505076));
#2199=CARTESIAN_POINT('',(-0.00277480257502042,0.0381197670552633,0.003));
#2200=CARTESIAN_POINT('',(-0.00277480257502042,0.0381197670552633,0.00203431457505076));
#2201=CARTESIAN_POINT('',(-0.00277480257502042,0.042404081630314,0.00203431457505076));
#2202=CARTESIAN_POINT('',(-0.00278852880436605,0.0456540816303141,0.000965685424949238));
#2203=CARTESIAN_POINT('',(-0.00278852880436605,0.0446197670552633,0.000965685424949238));
#2204=CARTESIAN_POINT('',(-0.00278852880436605,0.0466883962053648,0.000965685424949238));
#2205=CARTESIAN_POINT('',(-0.00278852880436605,0.0466883962053648,0.003));
#2206=CARTESIAN_POINT('',(-0.00278852880436605,0.0466883962053648,0.00203431457505076));
#2207=CARTESIAN_POINT('',(-0.00278852880436605,0.0446197670552633,0.003));
#2208=CARTESIAN_POINT('',(-0.00278852880436605,0.0446197670552633,0.00203431457505076));
#2209=CARTESIAN_POINT('',(-0.00278852880436605,0.042404081630314,0.00203431457505076));
#2210=CARTESIAN_POINT('',(-0.00143431457505076,0.0464479270992072,0.00943760036667469));
#2211=CARTESIAN_POINT('',(-0.00143431457505076,0.0464479270992072,0.00813442357142989));
#2212=CARTESIAN_POINT('',(-0.00143431457505076,0.0464479270992072,0.0107030527215314));
#2213=CARTESIAN_POINT('',(-0.00143431457505076,0.0459136125241565,0.0107030527215314));
#2214=CARTESIAN_POINT('',(-0.00143431457505076,0.0453792979491057,0.0107030527215314));
#2215=CARTESIAN_POINT('',(-0.00143431457505076,0.0426636125241565,0.00813442357142989));
#2216=CARTESIAN_POINT('',(-0.00143431457505076,0.0453792979491057,0.00813442357142989));
#2217=CARTESIAN_POINT('',(-0.00143431457505076,0.0453792979491057,0.00941873814648065));
#2218=CARTESIAN_POINT('',(-0.00143431457505076,0.0399479270992072,0.00943760036667469));
#2219=CARTESIAN_POINT('',(-0.00143431457505076,0.0399479270992072,0.00817214801181796));
#2220=CARTESIAN_POINT('',(-0.00143431457505076,0.0399479270992072,0.0107407771619195));
#2221=CARTESIAN_POINT('',(-0.00143431457505076,0.0394136125241565,0.0107407771619195));
#2222=CARTESIAN_POINT('',(-0.00143431457505076,0.0388792979491057,0.0107407771619195));
#2223=CARTESIAN_POINT('',(-0.00143431457505076,0.0426636125241565,0.00817214801181796));
#2224=CARTESIAN_POINT('',(-0.00143431457505076,0.0388792979491057,0.00817214801181796));
#2225=CARTESIAN_POINT('',(-0.00143431457505076,0.0388792979491057,0.00945646258686872));
#2226=CARTESIAN_POINT('',(0.00583788752555847,0.0427089296281338,0.0174142135623731));
#2227=CARTESIAN_POINT('',(0.003,0.047545890297425,0.0235924056973052));
#2228=CARTESIAN_POINT('',(0.000965685424949238,0.0484741545805822,0.0232204844413723));
#2229=CARTESIAN_POINT('',(0.000965685424949238,0.0484741545805822,0.0232204844413723));
#2230=CARTESIAN_POINT('',(0.003,0.0484741545805822,0.0232204844413723));
#2231=CARTESIAN_POINT('',(0.003,0.0485978424659754,0.0262179335747199));
#2232=CARTESIAN_POINT('',(0.00203431457505076,0.0485978424659754,0.0262179335747199));
#2233=CARTESIAN_POINT('',(0.000965685424949238,0.0485978424659754,0.0262179335747199));
#2234=CARTESIAN_POINT('',(0.003,0.0426752513092565,0.0261027609195883));
#2235=CARTESIAN_POINT('',(0.003,0.0485978424659754,0.0262179335747199));
#2236=CARTESIAN_POINT('',(0.003,0.0384246365214026,0.0237062520283974));
#2237=CARTESIAN_POINT('',(0.003,0.0376180623600605,0.0231151191141934));
#2238=CARTESIAN_POINT('',(0.000965685424949238,0.0376180623600605,0.0231151191141934));
#2239=CARTESIAN_POINT('',(0.000965685424949238,0.0392312106827447,0.0242973849426014));
#2240=CARTESIAN_POINT('',(0.003,0.0367526601525378,0.0259875882644568));
#2241=CARTESIAN_POINT('',(0.000965685424949238,0.0367526601525378,0.0259875882644568));
#2242=CARTESIAN_POINT('',(0.00203431457505076,0.0367526601525378,0.0259875882644568));
#2243=CARTESIAN_POINT('',(0.003,0.0426752513092565,0.0261027609195883));
#2244=CARTESIAN_POINT('',(0.003,0.0367526601525378,0.0259875882644568));
#2245=CARTESIAN_POINT('',(0.000965685424949238,0.0367526601525378,0.0259875882644568));
#2246=CARTESIAN_POINT('',(-9.67819342288585E-20,0.0385133217318893,0.0249685168276776));
#2247=CARTESIAN_POINT('',(1.36789497689923E-17,0.0388152422537913,0.0246973663531509));
#2248=CARTESIAN_POINT('',(0.000279084577369657,0.0391035354659496,0.0244204988548189));
#2249=CARTESIAN_POINT('',(0.000664313022999488,0.0391959975535761,0.0243313745584719));
#2250=CARTESIAN_POINT('',(0.,0.0385133217318893,0.0249685168276776));
#2251=CARTESIAN_POINT('',(0.,0.0367526601525378,0.0259875882644568));
#2252=CARTESIAN_POINT('',(0.,0.0371942544320068,0.0240017810526146));
#2253=CARTESIAN_POINT('',(0.000965685424949238,0.0376180623600605,0.0231151191141934));
#2254=CARTESIAN_POINT('',(0.000708288036945473,0.0376180623600605,0.0231151191141934));
#2255=CARTESIAN_POINT('',(0.000205335422982432,0.0375206636502184,0.0233081183693702));
#2256=CARTESIAN_POINT('',(-3.92983959631675E-18,0.0372990764663283,0.0237707176331968));
#2257=CARTESIAN_POINT('',(-1.09641417040468E-19,0.0371942544320068,0.0240017810526147));
#2258=CARTESIAN_POINT('',(0.000965685424949238,0.0417617135681242,0.0273492419050033));
#2259=CARTESIAN_POINT('',(0.,0.0370472139206059,0.0238940160259422));
#2260=CARTESIAN_POINT('',(0.00203431457505076,0.0367526601525378,0.0259875882644568));
#2261=CARTESIAN_POINT('',(0.00203431457505076,0.0485978424659754,0.0262179335747199));
#2262=CARTESIAN_POINT('',(0.000965685424949238,0.0485978424659754,0.0262179335747199));
#2263=CARTESIAN_POINT('',(0.000965685424949238,0.0484741545805822,0.0232204844413723));
#2264=CARTESIAN_POINT('',(0.000708288036945491,0.0484741545805822,0.0232204844413723));
#2265=CARTESIAN_POINT('',(0.000205335422982431,0.04852048424463,0.023431645004468));
#2266=CARTESIAN_POINT('',(-7.47328011542961E-18,0.0486200372122756,0.0239348230699579));
#2267=CARTESIAN_POINT('',(-1.09641417040494E-19,0.0486640885880075,0.0241846979165682));
#2268=CARTESIAN_POINT('',(0.,0.0486640885880075,0.0241846979165682));
#2269=CARTESIAN_POINT('',(0.,0.0485978424659754,0.0262179335747199));
#2270=CARTESIAN_POINT('',(0.,0.0471460098790091,0.0247929360555338));
#2271=CARTESIAN_POINT('',(-1.23739659815422E-19,0.0471460098790091,0.0247929360555338));
#2272=CARTESIAN_POINT('',(-3.80211415279453E-18,0.0469276897268112,0.0244652091196024));
#2273=CARTESIAN_POINT('',(0.000260689496348615,0.046722552472584,0.0241345198708271));
#2274=CARTESIAN_POINT('',(0.000630279183858596,0.0466496101659624,0.0240162767806599));
#2275=CARTESIAN_POINT('',(0.000965685424949238,0.0428414653374129,0.0265176082649228));
#2276=CARTESIAN_POINT('',(0.,0.0469767849503511,0.0248607382419839));
#2277=CARTESIAN_POINT('',(0.0005,0.0367526601525378,0.0259875882644568));
#2278=CARTESIAN_POINT('',(0.0005,0.0385133217318893,0.0249685168276776));
#2279=CARTESIAN_POINT('',(0.0005,0.0385133217318893,0.0249685168276776));
#2280=CARTESIAN_POINT('',(0.0005,0.0367526601525378,0.0259875882644568));
#2281=CARTESIAN_POINT('',(0.0005,0.0371942544320068,0.0240017810526146));
#2282=CARTESIAN_POINT('',(0.0005,0.0371942544320068,0.0240017810526146));
#2283=CARTESIAN_POINT('',(0.0005,0.0370472139206059,0.0238940160259422));
#2284=CARTESIAN_POINT('',(0.0005,0.0370472139206059,0.0238940160259422));
#2285=CARTESIAN_POINT('',(0.0005,0.0426752513092565,0.0261027609195883));
#2286=CARTESIAN_POINT('',(0.0005,0.0485978424659754,0.0262179335747199));
#2287=CARTESIAN_POINT('',(0.0005,0.0486640885880075,0.0241846979165682));
#2288=CARTESIAN_POINT('',(0.0005,0.0486640885880075,0.0241846979165682));
#2289=CARTESIAN_POINT('',(0.0005,0.0485978424659754,0.0262179335747199));
#2290=CARTESIAN_POINT('',(0.0005,0.0471460098790091,0.0247929360555338));
#2291=CARTESIAN_POINT('',(0.0005,0.0471460098790091,0.0247929360555338));
#2292=CARTESIAN_POINT('',(0.0005,0.0469767849503511,0.0248607382419839));
#2293=CARTESIAN_POINT('',(0.0005,0.0469767849503511,0.0248607382419839));
#2294=CARTESIAN_POINT('',(0.0005,0.0426752513092565,0.0261027609195883));
#2295=CARTESIAN_POINT('',(-0.0012,0.0439696853889474,0.0187267111688959));
#2296=CARTESIAN_POINT('',(-0.0012,0.0446696853889474,0.0187314342018489));
#2297=CARTESIAN_POINT('',(0.,0.0446696853889474,0.0187314342018489));
#2298=CARTESIAN_POINT('',(0.,0.0439696853889474,0.0187267111688959));
#2299=CARTESIAN_POINT('',(0.,0.0432696853889474,0.0187219881359429));
#2300=CARTESIAN_POINT('',(-0.0012,0.0432696853889474,0.0187219881359429));
#2301=CARTESIAN_POINT('',(-0.0012,0.0432696853889474,0.018821988135943));
#2302=CARTESIAN_POINT('',(0.,0.0432696853889474,0.018821988135943));
#2303=CARTESIAN_POINT('',(0.,0.0432696853889474,0.0189219881359429));
#2304=CARTESIAN_POINT('',(-0.0012,0.0432696853889474,0.0189219881359429));
#2305=CARTESIAN_POINT('',(-0.0012,0.0429714522627332,0.0189219881359429));
#2306=CARTESIAN_POINT('',(0.,0.0429714522627332,0.0189219881359429));
#2307=CARTESIAN_POINT('',(0.,0.0426732191365189,0.0189219881359429));
#2308=CARTESIAN_POINT('',(-0.0012,0.0426732191365189,0.0189219881359429));
#2309=CARTESIAN_POINT('',(-0.0012,0.0426732191365189,0.018821988135943));
#2310=CARTESIAN_POINT('',(0.,0.0426732191365189,0.018821988135943));
#2311=CARTESIAN_POINT('',(0.,0.0426732191365189,0.0187219881359429));
#2312=CARTESIAN_POINT('',(-0.0012,0.0426732191365189,0.0187219881359429));
#2313=CARTESIAN_POINT('',(-0.0012,0.0426714522627332,0.0187219881359429));
#2314=CARTESIAN_POINT('',(0.,0.0426714522627332,0.0187219881359429));
#2315=CARTESIAN_POINT('',(0.,0.0426696853889474,0.0187219881359429));
#2316=CARTESIAN_POINT('',(-0.0012,0.0426696853889474,0.0187219881359429));
#2317=CARTESIAN_POINT('',(-0.0012,0.0419696853889474,0.01871726510299));
#2318=CARTESIAN_POINT('',(0.,0.0419696853889474,0.01871726510299));
#2319=CARTESIAN_POINT('',(0.,0.0412696853889474,0.018712542070037));
#2320=CARTESIAN_POINT('',(-0.0012,0.0412696853889474,0.018712542070037));
#2321=CARTESIAN_POINT('',(-0.0012,0.0411196853889474,0.018712542070037));
#2322=CARTESIAN_POINT('',(0.,0.0411196853889474,0.018712542070037));
#2323=CARTESIAN_POINT('',(0.,0.0409696853889474,0.018712542070037));
#2324=CARTESIAN_POINT('',(-0.0012,0.0409696853889474,0.018712542070037));
#2325=CARTESIAN_POINT('',(-0.0012,0.0419696853889474,0.018712542070037));
#2326=CARTESIAN_POINT('',(0.,0.0419696853889474,0.018712542070037));
#2327=CARTESIAN_POINT('',(0.,0.0429696853889474,0.018712542070037));
#2328=CARTESIAN_POINT('',(-0.0012,0.0429696853889474,0.018712542070037));
#2329=CARTESIAN_POINT('',(-0.0012,0.0439696853889474,0.0187219881359429));
#2330=CARTESIAN_POINT('',(0.,0.0439696853889474,0.0187219881359429));
#2331=CARTESIAN_POINT('',(0.,0.0449696853889474,0.0187314342018489));
#2332=CARTESIAN_POINT('',(-0.0012,0.0449696853889474,0.0187314342018489));
#2333=CARTESIAN_POINT('',(-0.0012,0.0448196853889474,0.0187314342018489));
#2334=CARTESIAN_POINT('',(0.,0.0448196853889474,0.0187314342018489));
#2335=CARTESIAN_POINT('',(0.,0.0427642370622036,0.0194894094253484));
#2336=CARTESIAN_POINT('',(-0.0012,0.0396563825248964,0.0202209304773364));
#2337=CARTESIAN_POINT('',(0.,0.0396563825248964,0.0202209304773364));
#2338=CARTESIAN_POINT('',(0.,0.0396563825248964,0.0194709304773364));
#2339=CARTESIAN_POINT('',(0.,0.0427642370622036,0.0194894094253484));
#2340=CARTESIAN_POINT('',(-0.0012,0.0458720915995109,0.0205162767806598));
#2341=CARTESIAN_POINT('',(0.,0.0458720915995109,0.0205162767806598));
#2342=CARTESIAN_POINT('',(0.,0.0427642370622036,0.0194894094253484));
#2343=MECHANICAL_DESIGN_GEOMETRIC_PRESENTATION_REPRESENTATION('',(#1299),
#2344);
#2344=(
GEOMETRIC_REPRESENTATION_CONTEXT(3)
GLOBAL_UNCERTAINTY_ASSIGNED_CONTEXT((#2345))
GLOBAL_UNIT_ASSIGNED_CONTEXT((#2348,#2347,#2346))
REPRESENTATION_CONTEXT('TeddyBear','TOP_LEVEL_ASSEMBLY_PART')
);
#2345=UNCERTAINTY_MEASURE_WITH_UNIT(LENGTH_MEASURE(2.E-5),#2348,
'DISTANCE_ACCURACY_VALUE','Maximum Tolerance applied to model');
#2346=(
NAMED_UNIT(*)
SI_UNIT($,.STERADIAN.)
SOLID_ANGLE_UNIT()
);
#2347=(
NAMED_UNIT(*)
PLANE_ANGLE_UNIT()
SI_UNIT($,.RADIAN.)
);
#2348=(
LENGTH_UNIT()
NAMED_UNIT(*)
SI_UNIT($,.METRE.)
);
#2349=PRODUCT_DEFINITION_SHAPE('','',#2350);
#2350=PRODUCT_DEFINITION('','',#2352,#2351);
#2351=PRODUCT_DEFINITION_CONTEXT('',#2358,'design');
#2352=PRODUCT_DEFINITION_FORMATION_WITH_SPECIFIED_SOURCE('','',#2354,
 .NOT_KNOWN.);
#2353=PRODUCT_RELATED_PRODUCT_CATEGORY('','',(#2354));
#2354=PRODUCT('TeddyBear','TeddyBear','TeddyBear',(#2356));
#2355=PRODUCT_CATEGORY('','');
#2356=PRODUCT_CONTEXT('',#2358,'mechanical');
#2357=APPLICATION_PROTOCOL_DEFINITION('international standard',
'ap242_managed_model_based_3d_engineering',2020,#2358);
#2358=APPLICATION_CONTEXT('managed model based 3d engineering');
ENDSEC;
END-ISO-10303-21;
