ISO-10303-21;
HEADER;
/* Generated by software containing ST-Developer
 * from STEP Tools, Inc. (www.steptools.com) 
 */
/* OPTION: using custom renumber hook */

FILE_DESCRIPTION(
/* description */ ('STEP AP242 Edition 2',
'CAx-IF Rec.Pracs.---Representation and Presentation of Product Manufa
cturing Information (PMI)---4.0---2014-10-13',
'CAx-IF Rec.Pracs.---3D Tessellated Geometry---0.4---2014-09-14','2;1',
'CAx-IF Rec.Pracs.---User Defined Attributes---1.5---2016-08-15'),
/* implementation_level */ '2;1');

FILE_NAME(
/* name */ 'Assembly 1 - PlantTop1',
/* time_stamp */ '2026-09-04T01:58:22Z',
/* author */ (''),
/* organization */ (''),
/* preprocessor_version */ 'ST-DEVELOPER v20',
/* originating_system */ 'ONSHAPE BY PTC INC, 1.220',
/* authorisation */ '  ');

FILE_SCHEMA (('AP242_MANAGED_MODEL_BASED_3D_ENGINEERING_MIM_LF { 1 0 10303 442 3 1 4 }'));
ENDSEC;

DATA;
#10=SHAPE_REPRESENTATION_RELATIONSHIP('','',#4068,#11);
#11=ADVANCED_BREP_SHAPE_REPRESENTATION('',(#4066),#6731);
#12=CYLINDRICAL_SURFACE('',#4090,0.002);
#13=CYLINDRICAL_SURFACE('',#4151,0.00159338095116625);
#14=CYLINDRICAL_SURFACE('',#4153,0.00159338095116625);
#15=CYLINDRICAL_SURFACE('',#4175,0.00159338095116625);
#16=CYLINDRICAL_SURFACE('',#4178,0.00159338095116625);
#17=CYLINDRICAL_SURFACE('',#4183,0.00159338095116625);
#18=CYLINDRICAL_SURFACE('',#4185,0.00159338095116625);
#19=CYLINDRICAL_SURFACE('',#4190,0.00159338095116625);
#20=CYLINDRICAL_SURFACE('',#4192,0.00159338095116625);
#21=CYLINDRICAL_SURFACE('',#4197,0.00159338095116625);
#22=CYLINDRICAL_SURFACE('',#4199,0.00159338095116625);
#23=CYLINDRICAL_SURFACE('',#4204,0.00159338095116625);
#24=CYLINDRICAL_SURFACE('',#4206,0.00159338095116625);
#25=CYLINDRICAL_SURFACE('',#4211,0.00159338095116625);
#26=CYLINDRICAL_SURFACE('',#4213,0.00159338095116625);
#27=CYLINDRICAL_SURFACE('',#4218,0.00159338095116625);
#28=CYLINDRICAL_SURFACE('',#4220,0.00159338095116625);
#29=CYLINDRICAL_SURFACE('',#4225,0.00159338095116625);
#30=CYLINDRICAL_SURFACE('',#4227,0.00159338095116625);
#31=CYLINDRICAL_SURFACE('',#4232,0.00159338095116625);
#32=CYLINDRICAL_SURFACE('',#4234,0.00159338095116625);
#33=CYLINDRICAL_SURFACE('',#4239,0.00159338095116625);
#34=CYLINDRICAL_SURFACE('',#4241,0.00159338095116625);
#35=CYLINDRICAL_SURFACE('',#4246,0.00159338095116625);
#36=CYLINDRICAL_SURFACE('',#4281,0.00159338095116625);
#37=CYLINDRICAL_SURFACE('',#4288,0.00159338095116625);
#38=CYLINDRICAL_SURFACE('',#4291,0.00159338095116625);
#39=CYLINDRICAL_SURFACE('',#4300,0.00159338095116625);
#40=CYLINDRICAL_SURFACE('',#4303,0.00159338095116625);
#41=CYLINDRICAL_SURFACE('',#4312,0.00159338095116625);
#42=CYLINDRICAL_SURFACE('',#4315,0.00159338095116625);
#43=CYLINDRICAL_SURFACE('',#4324,0.00159338095116625);
#44=CYLINDRICAL_SURFACE('',#4327,0.00159338095116625);
#45=CYLINDRICAL_SURFACE('',#4336,0.00159338095116625);
#46=CYLINDRICAL_SURFACE('',#4339,0.00159338095116625);
#47=CYLINDRICAL_SURFACE('',#4348,0.00159338095116625);
#48=CYLINDRICAL_SURFACE('',#4351,0.00159338095116625);
#49=CYLINDRICAL_SURFACE('',#4360,0.00159338095116625);
#50=CYLINDRICAL_SURFACE('',#4363,0.00159338095116625);
#51=CYLINDRICAL_SURFACE('',#4372,0.00159338095116625);
#52=CYLINDRICAL_SURFACE('',#4375,0.00159338095116625);
#53=CYLINDRICAL_SURFACE('',#4384,0.00159338095116625);
#54=CYLINDRICAL_SURFACE('',#4387,0.00159338095116625);
#55=CYLINDRICAL_SURFACE('',#4396,0.00159338095116625);
#56=CYLINDRICAL_SURFACE('',#4400,0.00159338095116625);
#57=CIRCLE('',#4071,0.002);
#58=CIRCLE('',#4073,0.002);
#59=CIRCLE('',#4075,0.002);
#60=CIRCLE('',#4077,0.002);
#61=CIRCLE('',#4079,0.002);
#62=CIRCLE('',#4081,0.002);
#63=CIRCLE('',#4083,0.002);
#64=CIRCLE('',#4085,0.002);
#65=CIRCLE('',#4087,0.002);
#66=CIRCLE('',#4089,0.002);
#67=CIRCLE('',#4091,0.002);
#68=CIRCLE('',#4092,0.002);
#69=CIRCLE('',#4093,0.002);
#70=CIRCLE('',#4094,0.002);
#71=CIRCLE('',#4095,0.002);
#72=CIRCLE('',#4096,0.002);
#73=CIRCLE('',#4097,0.002);
#74=CIRCLE('',#4098,0.002);
#75=CIRCLE('',#4099,0.002);
#76=CIRCLE('',#4100,0.002);
#77=CIRCLE('',#4101,0.002);
#78=CIRCLE('',#4102,0.002);
#79=CIRCLE('',#4103,0.002);
#80=CIRCLE('',#4104,0.002);
#81=CIRCLE('',#4105,0.002);
#82=CIRCLE('',#4106,0.002);
#83=CIRCLE('',#4107,0.002);
#84=CIRCLE('',#4108,0.002);
#85=CIRCLE('',#4109,0.002);
#86=CIRCLE('',#4110,0.002);
#87=CIRCLE('',#4111,0.002);
#88=CIRCLE('',#4112,0.002);
#89=CIRCLE('',#4113,0.002);
#90=CIRCLE('',#4114,0.002);
#91=CIRCLE('',#4115,0.002);
#92=CIRCLE('',#4116,0.002);
#93=CIRCLE('',#4117,0.002);
#94=CIRCLE('',#4118,0.002);
#95=CIRCLE('',#4119,0.002);
#96=CIRCLE('',#4120,0.002);
#97=CIRCLE('',#4121,0.002);
#98=CIRCLE('',#4122,0.002);
#99=CIRCLE('',#4123,0.002);
#100=CIRCLE('',#4124,0.002);
#101=CIRCLE('',#4125,0.002);
#102=CIRCLE('',#4137,0.00159338095116625);
#103=CIRCLE('',#4143,0.00159338095116625);
#104=CIRCLE('',#4145,0.00159338095116625);
#105=CIRCLE('',#4146,0.00159338095116625);
#106=CIRCLE('',#4152,0.00159338095116625);
#107=CIRCLE('',#4176,0.00159338095116625);
#108=CIRCLE('',#4177,0.00159338095116625);
#109=CIRCLE('',#4179,0.00159338095116625);
#110=CIRCLE('',#4180,0.00159338095116625);
#111=CIRCLE('',#4182,0.00159338095116625);
#112=CIRCLE('',#4184,0.00159338095116625);
#113=CIRCLE('',#4186,0.00159338095116625);
#114=CIRCLE('',#4187,0.00159338095116625);
#115=CIRCLE('',#4189,0.00159338095116625);
#116=CIRCLE('',#4191,0.00159338095116625);
#117=CIRCLE('',#4193,0.00159338095116625);
#118=CIRCLE('',#4194,0.00159338095116625);
#119=CIRCLE('',#4196,0.00159338095116625);
#120=CIRCLE('',#4198,0.00159338095116625);
#121=CIRCLE('',#4200,0.00159338095116625);
#122=CIRCLE('',#4201,0.00159338095116625);
#123=CIRCLE('',#4203,0.00159338095116625);
#124=CIRCLE('',#4205,0.00159338095116625);
#125=CIRCLE('',#4207,0.00159338095116625);
#126=CIRCLE('',#4208,0.00159338095116625);
#127=CIRCLE('',#4210,0.00159338095116625);
#128=CIRCLE('',#4212,0.00159338095116625);
#129=CIRCLE('',#4214,0.00159338095116625);
#130=CIRCLE('',#4215,0.00159338095116625);
#131=CIRCLE('',#4217,0.00159338095116625);
#132=CIRCLE('',#4219,0.00159338095116625);
#133=CIRCLE('',#4221,0.00159338095116625);
#134=CIRCLE('',#4222,0.00159338095116625);
#135=CIRCLE('',#4224,0.00159338095116625);
#136=CIRCLE('',#4226,0.00159338095116625);
#137=CIRCLE('',#4228,0.00159338095116625);
#138=CIRCLE('',#4229,0.00159338095116625);
#139=CIRCLE('',#4231,0.00159338095116625);
#140=CIRCLE('',#4233,0.00159338095116625);
#141=CIRCLE('',#4235,0.00159338095116625);
#142=CIRCLE('',#4236,0.00159338095116625);
#143=CIRCLE('',#4238,0.00159338095116625);
#144=CIRCLE('',#4240,0.00159338095116625);
#145=CIRCLE('',#4242,0.00159338095116625);
#146=CIRCLE('',#4243,0.00159338095116625);
#147=CIRCLE('',#4245,0.00159338095116625);
#148=CIRCLE('',#4247,0.00159338095116625);
#149=CIRCLE('',#4249,0.00159338095116625);
#150=CIRCLE('',#4285,0.00159338095116625);
#151=CIRCLE('',#4289,0.00159338095116625);
#152=CIRCLE('',#4292,0.00159338095116625);
#153=CIRCLE('',#4293,0.00159338095116625);
#154=CIRCLE('',#4297,0.00159338095116625);
#155=CIRCLE('',#4301,0.00159338095116625);
#156=CIRCLE('',#4304,0.00159338095116625);
#157=CIRCLE('',#4305,0.00159338095116625);
#158=CIRCLE('',#4309,0.00159338095116625);
#159=CIRCLE('',#4313,0.00159338095116625);
#160=CIRCLE('',#4316,0.00159338095116625);
#161=CIRCLE('',#4317,0.00159338095116625);
#162=CIRCLE('',#4321,0.00159338095116625);
#163=CIRCLE('',#4325,0.00159338095116625);
#164=CIRCLE('',#4328,0.00159338095116625);
#165=CIRCLE('',#4329,0.00159338095116625);
#166=CIRCLE('',#4333,0.00159338095116625);
#167=CIRCLE('',#4337,0.00159338095116625);
#168=CIRCLE('',#4340,0.00159338095116625);
#169=CIRCLE('',#4341,0.00159338095116625);
#170=CIRCLE('',#4345,0.00159338095116625);
#171=CIRCLE('',#4349,0.00159338095116625);
#172=CIRCLE('',#4352,0.00159338095116625);
#173=CIRCLE('',#4353,0.00159338095116625);
#174=CIRCLE('',#4357,0.00159338095116625);
#175=CIRCLE('',#4361,0.00159338095116625);
#176=CIRCLE('',#4364,0.00159338095116625);
#177=CIRCLE('',#4365,0.00159338095116625);
#178=CIRCLE('',#4369,0.00159338095116625);
#179=CIRCLE('',#4373,0.00159338095116625);
#180=CIRCLE('',#4376,0.00159338095116625);
#181=CIRCLE('',#4377,0.00159338095116625);
#182=CIRCLE('',#4381,0.00159338095116625);
#183=CIRCLE('',#4385,0.00159338095116625);
#184=CIRCLE('',#4388,0.00159338095116625);
#185=CIRCLE('',#4389,0.00159338095116625);
#186=CIRCLE('',#4393,0.00159338095116625);
#187=CIRCLE('',#4397,0.00159338095116625);
#188=CIRCLE('',#4399,0.00159338095116625);
#189=CIRCLE('',#4401,0.00159338095116625);
#190=ORIENTED_EDGE('',*,*,#1380,.F.);
#191=ORIENTED_EDGE('',*,*,#1381,.F.);
#192=ORIENTED_EDGE('',*,*,#1382,.T.);
#193=ORIENTED_EDGE('',*,*,#1383,.F.);
#194=ORIENTED_EDGE('',*,*,#1384,.T.);
#195=ORIENTED_EDGE('',*,*,#1385,.F.);
#196=ORIENTED_EDGE('',*,*,#1386,.F.);
#197=ORIENTED_EDGE('',*,*,#1387,.F.);
#198=ORIENTED_EDGE('',*,*,#1388,.T.);
#199=ORIENTED_EDGE('',*,*,#1389,.F.);
#200=ORIENTED_EDGE('',*,*,#1390,.T.);
#201=ORIENTED_EDGE('',*,*,#1391,.F.);
#202=ORIENTED_EDGE('',*,*,#1392,.F.);
#203=ORIENTED_EDGE('',*,*,#1393,.F.);
#204=ORIENTED_EDGE('',*,*,#1394,.T.);
#205=ORIENTED_EDGE('',*,*,#1395,.F.);
#206=ORIENTED_EDGE('',*,*,#1396,.T.);
#207=ORIENTED_EDGE('',*,*,#1397,.F.);
#208=ORIENTED_EDGE('',*,*,#1398,.F.);
#209=ORIENTED_EDGE('',*,*,#1399,.F.);
#210=ORIENTED_EDGE('',*,*,#1400,.T.);
#211=ORIENTED_EDGE('',*,*,#1401,.F.);
#212=ORIENTED_EDGE('',*,*,#1402,.T.);
#213=ORIENTED_EDGE('',*,*,#1403,.F.);
#214=ORIENTED_EDGE('',*,*,#1404,.F.);
#215=ORIENTED_EDGE('',*,*,#1405,.F.);
#216=ORIENTED_EDGE('',*,*,#1406,.T.);
#217=ORIENTED_EDGE('',*,*,#1407,.F.);
#218=ORIENTED_EDGE('',*,*,#1408,.T.);
#219=ORIENTED_EDGE('',*,*,#1409,.F.);
#220=ORIENTED_EDGE('',*,*,#1410,.T.);
#221=ORIENTED_EDGE('',*,*,#1411,.F.);
#222=ORIENTED_EDGE('',*,*,#1412,.T.);
#223=ORIENTED_EDGE('',*,*,#1413,.F.);
#224=ORIENTED_EDGE('',*,*,#1414,.T.);
#225=ORIENTED_EDGE('',*,*,#1415,.F.);
#226=ORIENTED_EDGE('',*,*,#1416,.T.);
#227=ORIENTED_EDGE('',*,*,#1417,.F.);
#228=ORIENTED_EDGE('',*,*,#1418,.T.);
#229=ORIENTED_EDGE('',*,*,#1419,.F.);
#230=ORIENTED_EDGE('',*,*,#1420,.T.);
#231=ORIENTED_EDGE('',*,*,#1421,.F.);
#232=ORIENTED_EDGE('',*,*,#1422,.T.);
#233=ORIENTED_EDGE('',*,*,#1423,.F.);
#234=ORIENTED_EDGE('',*,*,#1424,.T.);
#235=ORIENTED_EDGE('',*,*,#1425,.F.);
#236=ORIENTED_EDGE('',*,*,#1426,.T.);
#237=ORIENTED_EDGE('',*,*,#1427,.F.);
#238=ORIENTED_EDGE('',*,*,#1428,.T.);
#239=ORIENTED_EDGE('',*,*,#1429,.F.);
#240=ORIENTED_EDGE('',*,*,#1430,.T.);
#241=ORIENTED_EDGE('',*,*,#1431,.F.);
#242=ORIENTED_EDGE('',*,*,#1432,.T.);
#243=ORIENTED_EDGE('',*,*,#1433,.F.);
#244=ORIENTED_EDGE('',*,*,#1434,.T.);
#245=ORIENTED_EDGE('',*,*,#1435,.F.);
#246=ORIENTED_EDGE('',*,*,#1436,.T.);
#247=ORIENTED_EDGE('',*,*,#1437,.F.);
#248=ORIENTED_EDGE('',*,*,#1438,.T.);
#249=ORIENTED_EDGE('',*,*,#1439,.F.);
#250=ORIENTED_EDGE('',*,*,#1440,.T.);
#251=ORIENTED_EDGE('',*,*,#1441,.F.);
#252=ORIENTED_EDGE('',*,*,#1442,.T.);
#253=ORIENTED_EDGE('',*,*,#1443,.F.);
#254=ORIENTED_EDGE('',*,*,#1444,.T.);
#255=ORIENTED_EDGE('',*,*,#1445,.F.);
#256=ORIENTED_EDGE('',*,*,#1446,.T.);
#257=ORIENTED_EDGE('',*,*,#1447,.F.);
#258=ORIENTED_EDGE('',*,*,#1448,.T.);
#259=ORIENTED_EDGE('',*,*,#1449,.F.);
#260=ORIENTED_EDGE('',*,*,#1450,.T.);
#261=ORIENTED_EDGE('',*,*,#1451,.F.);
#262=ORIENTED_EDGE('',*,*,#1452,.T.);
#263=ORIENTED_EDGE('',*,*,#1453,.F.);
#264=ORIENTED_EDGE('',*,*,#1454,.T.);
#265=ORIENTED_EDGE('',*,*,#1455,.F.);
#266=ORIENTED_EDGE('',*,*,#1456,.T.);
#267=ORIENTED_EDGE('',*,*,#1457,.F.);
#268=ORIENTED_EDGE('',*,*,#1458,.T.);
#269=ORIENTED_EDGE('',*,*,#1459,.F.);
#270=ORIENTED_EDGE('',*,*,#1460,.T.);
#271=ORIENTED_EDGE('',*,*,#1382,.F.);
#272=ORIENTED_EDGE('',*,*,#1461,.T.);
#273=ORIENTED_EDGE('',*,*,#1462,.F.);
#274=ORIENTED_EDGE('',*,*,#1463,.T.);
#275=ORIENTED_EDGE('',*,*,#1384,.F.);
#276=ORIENTED_EDGE('',*,*,#1464,.T.);
#277=ORIENTED_EDGE('',*,*,#1465,.F.);
#278=ORIENTED_EDGE('',*,*,#1466,.T.);
#279=ORIENTED_EDGE('',*,*,#1388,.F.);
#280=ORIENTED_EDGE('',*,*,#1467,.T.);
#281=ORIENTED_EDGE('',*,*,#1468,.F.);
#282=ORIENTED_EDGE('',*,*,#1469,.T.);
#283=ORIENTED_EDGE('',*,*,#1390,.F.);
#284=ORIENTED_EDGE('',*,*,#1470,.T.);
#285=ORIENTED_EDGE('',*,*,#1471,.F.);
#286=ORIENTED_EDGE('',*,*,#1472,.T.);
#287=ORIENTED_EDGE('',*,*,#1394,.F.);
#288=ORIENTED_EDGE('',*,*,#1473,.T.);
#289=ORIENTED_EDGE('',*,*,#1474,.F.);
#290=ORIENTED_EDGE('',*,*,#1475,.T.);
#291=ORIENTED_EDGE('',*,*,#1396,.F.);
#292=ORIENTED_EDGE('',*,*,#1476,.T.);
#293=ORIENTED_EDGE('',*,*,#1477,.F.);
#294=ORIENTED_EDGE('',*,*,#1478,.T.);
#295=ORIENTED_EDGE('',*,*,#1400,.F.);
#296=ORIENTED_EDGE('',*,*,#1479,.T.);
#297=ORIENTED_EDGE('',*,*,#1480,.F.);
#298=ORIENTED_EDGE('',*,*,#1481,.T.);
#299=ORIENTED_EDGE('',*,*,#1402,.F.);
#300=ORIENTED_EDGE('',*,*,#1482,.T.);
#301=ORIENTED_EDGE('',*,*,#1483,.F.);
#302=ORIENTED_EDGE('',*,*,#1484,.T.);
#303=ORIENTED_EDGE('',*,*,#1406,.F.);
#304=ORIENTED_EDGE('',*,*,#1485,.T.);
#305=ORIENTED_EDGE('',*,*,#1486,.F.);
#306=ORIENTED_EDGE('',*,*,#1487,.T.);
#307=ORIENTED_EDGE('',*,*,#1408,.F.);
#308=ORIENTED_EDGE('',*,*,#1488,.T.);
#309=ORIENTED_EDGE('',*,*,#1489,.F.);
#310=ORIENTED_EDGE('',*,*,#1490,.F.);
#311=ORIENTED_EDGE('',*,*,#1457,.T.);
#312=ORIENTED_EDGE('',*,*,#1491,.F.);
#313=ORIENTED_EDGE('',*,*,#1453,.T.);
#314=ORIENTED_EDGE('',*,*,#1492,.F.);
#315=ORIENTED_EDGE('',*,*,#1493,.F.);
#316=ORIENTED_EDGE('',*,*,#1449,.T.);
#317=ORIENTED_EDGE('',*,*,#1494,.F.);
#318=ORIENTED_EDGE('',*,*,#1495,.F.);
#319=ORIENTED_EDGE('',*,*,#1445,.T.);
#320=ORIENTED_EDGE('',*,*,#1496,.F.);
#321=ORIENTED_EDGE('',*,*,#1497,.F.);
#322=ORIENTED_EDGE('',*,*,#1441,.T.);
#323=ORIENTED_EDGE('',*,*,#1498,.F.);
#324=ORIENTED_EDGE('',*,*,#1499,.F.);
#325=ORIENTED_EDGE('',*,*,#1437,.T.);
#326=ORIENTED_EDGE('',*,*,#1500,.F.);
#327=ORIENTED_EDGE('',*,*,#1501,.F.);
#328=ORIENTED_EDGE('',*,*,#1433,.T.);
#329=ORIENTED_EDGE('',*,*,#1502,.F.);
#330=ORIENTED_EDGE('',*,*,#1503,.F.);
#331=ORIENTED_EDGE('',*,*,#1429,.T.);
#332=ORIENTED_EDGE('',*,*,#1504,.F.);
#333=ORIENTED_EDGE('',*,*,#1505,.F.);
#334=ORIENTED_EDGE('',*,*,#1425,.T.);
#335=ORIENTED_EDGE('',*,*,#1506,.F.);
#336=ORIENTED_EDGE('',*,*,#1507,.F.);
#337=ORIENTED_EDGE('',*,*,#1417,.T.);
#338=ORIENTED_EDGE('',*,*,#1508,.F.);
#339=ORIENTED_EDGE('',*,*,#1509,.F.);
#340=ORIENTED_EDGE('',*,*,#1510,.F.);
#341=ORIENTED_EDGE('',*,*,#1511,.T.);
#342=ORIENTED_EDGE('',*,*,#1512,.F.);
#343=ORIENTED_EDGE('',*,*,#1513,.T.);
#344=ORIENTED_EDGE('',*,*,#1458,.F.);
#345=ORIENTED_EDGE('',*,*,#1490,.T.);
#346=ORIENTED_EDGE('',*,*,#1514,.F.);
#347=ORIENTED_EDGE('',*,*,#1515,.F.);
#348=ORIENTED_EDGE('',*,*,#1413,.T.);
#349=ORIENTED_EDGE('',*,*,#1516,.F.);
#350=ORIENTED_EDGE('',*,*,#1421,.T.);
#351=ORIENTED_EDGE('',*,*,#1517,.F.);
#352=ORIENTED_EDGE('',*,*,#1410,.F.);
#353=ORIENTED_EDGE('',*,*,#1518,.T.);
#354=ORIENTED_EDGE('',*,*,#1519,.T.);
#355=ORIENTED_EDGE('',*,*,#1520,.F.);
#356=ORIENTED_EDGE('',*,*,#1521,.F.);
#357=ORIENTED_EDGE('',*,*,#1459,.T.);
#358=ORIENTED_EDGE('',*,*,#1513,.F.);
#359=ORIENTED_EDGE('',*,*,#1522,.F.);
#360=ORIENTED_EDGE('',*,*,#1508,.T.);
#361=ORIENTED_EDGE('',*,*,#1416,.F.);
#362=ORIENTED_EDGE('',*,*,#1523,.T.);
#363=ORIENTED_EDGE('',*,*,#1524,.T.);
#364=ORIENTED_EDGE('',*,*,#1525,.T.);
#365=ORIENTED_EDGE('',*,*,#1526,.F.);
#366=ORIENTED_EDGE('',*,*,#1527,.F.);
#367=ORIENTED_EDGE('',*,*,#1528,.T.);
#368=ORIENTED_EDGE('',*,*,#1529,.T.);
#369=ORIENTED_EDGE('',*,*,#1530,.T.);
#370=ORIENTED_EDGE('',*,*,#1531,.T.);
#371=ORIENTED_EDGE('',*,*,#1532,.F.);
#372=ORIENTED_EDGE('',*,*,#1512,.T.);
#373=ORIENTED_EDGE('',*,*,#1533,.T.);
#374=ORIENTED_EDGE('',*,*,#1534,.F.);
#375=ORIENTED_EDGE('',*,*,#1518,.F.);
#376=ORIENTED_EDGE('',*,*,#1523,.F.);
#377=ORIENTED_EDGE('',*,*,#1415,.T.);
#378=ORIENTED_EDGE('',*,*,#1535,.F.);
#379=ORIENTED_EDGE('',*,*,#1536,.T.);
#380=ORIENTED_EDGE('',*,*,#1527,.T.);
#381=ORIENTED_EDGE('',*,*,#1537,.F.);
#382=ORIENTED_EDGE('',*,*,#1532,.T.);
#383=ORIENTED_EDGE('',*,*,#1538,.T.);
#384=ORIENTED_EDGE('',*,*,#1524,.F.);
#385=ORIENTED_EDGE('',*,*,#1537,.T.);
#386=ORIENTED_EDGE('',*,*,#1530,.F.);
#387=ORIENTED_EDGE('',*,*,#1539,.T.);
#388=ORIENTED_EDGE('',*,*,#1540,.T.);
#389=ORIENTED_EDGE('',*,*,#1541,.T.);
#390=ORIENTED_EDGE('',*,*,#1542,.T.);
#391=ORIENTED_EDGE('',*,*,#1543,.F.);
#392=ORIENTED_EDGE('',*,*,#1544,.T.);
#393=ORIENTED_EDGE('',*,*,#1545,.T.);
#394=ORIENTED_EDGE('',*,*,#1546,.T.);
#395=ORIENTED_EDGE('',*,*,#1547,.T.);
#396=ORIENTED_EDGE('',*,*,#1548,.F.);
#397=ORIENTED_EDGE('',*,*,#1549,.T.);
#398=ORIENTED_EDGE('',*,*,#1550,.T.);
#399=ORIENTED_EDGE('',*,*,#1551,.T.);
#400=ORIENTED_EDGE('',*,*,#1552,.T.);
#401=ORIENTED_EDGE('',*,*,#1553,.F.);
#402=ORIENTED_EDGE('',*,*,#1554,.T.);
#403=ORIENTED_EDGE('',*,*,#1555,.T.);
#404=ORIENTED_EDGE('',*,*,#1556,.T.);
#405=ORIENTED_EDGE('',*,*,#1557,.T.);
#406=ORIENTED_EDGE('',*,*,#1558,.F.);
#407=ORIENTED_EDGE('',*,*,#1559,.T.);
#408=ORIENTED_EDGE('',*,*,#1560,.T.);
#409=ORIENTED_EDGE('',*,*,#1561,.T.);
#410=ORIENTED_EDGE('',*,*,#1562,.T.);
#411=ORIENTED_EDGE('',*,*,#1563,.F.);
#412=ORIENTED_EDGE('',*,*,#1564,.T.);
#413=ORIENTED_EDGE('',*,*,#1565,.T.);
#414=ORIENTED_EDGE('',*,*,#1566,.T.);
#415=ORIENTED_EDGE('',*,*,#1567,.T.);
#416=ORIENTED_EDGE('',*,*,#1568,.F.);
#417=ORIENTED_EDGE('',*,*,#1569,.T.);
#418=ORIENTED_EDGE('',*,*,#1570,.T.);
#419=ORIENTED_EDGE('',*,*,#1571,.T.);
#420=ORIENTED_EDGE('',*,*,#1572,.T.);
#421=ORIENTED_EDGE('',*,*,#1573,.F.);
#422=ORIENTED_EDGE('',*,*,#1574,.T.);
#423=ORIENTED_EDGE('',*,*,#1575,.T.);
#424=ORIENTED_EDGE('',*,*,#1576,.T.);
#425=ORIENTED_EDGE('',*,*,#1577,.T.);
#426=ORIENTED_EDGE('',*,*,#1578,.F.);
#427=ORIENTED_EDGE('',*,*,#1579,.T.);
#428=ORIENTED_EDGE('',*,*,#1580,.T.);
#429=ORIENTED_EDGE('',*,*,#1581,.T.);
#430=ORIENTED_EDGE('',*,*,#1582,.T.);
#431=ORIENTED_EDGE('',*,*,#1583,.F.);
#432=ORIENTED_EDGE('',*,*,#1584,.T.);
#433=ORIENTED_EDGE('',*,*,#1585,.T.);
#434=ORIENTED_EDGE('',*,*,#1586,.T.);
#435=ORIENTED_EDGE('',*,*,#1587,.T.);
#436=ORIENTED_EDGE('',*,*,#1588,.F.);
#437=ORIENTED_EDGE('',*,*,#1589,.T.);
#438=ORIENTED_EDGE('',*,*,#1590,.T.);
#439=ORIENTED_EDGE('',*,*,#1591,.T.);
#440=ORIENTED_EDGE('',*,*,#1592,.T.);
#441=ORIENTED_EDGE('',*,*,#1593,.F.);
#442=ORIENTED_EDGE('',*,*,#1594,.T.);
#443=ORIENTED_EDGE('',*,*,#1510,.T.);
#444=ORIENTED_EDGE('',*,*,#1595,.T.);
#445=ORIENTED_EDGE('',*,*,#1596,.T.);
#446=ORIENTED_EDGE('',*,*,#1597,.F.);
#447=ORIENTED_EDGE('',*,*,#1598,.T.);
#448=ORIENTED_EDGE('',*,*,#1599,.T.);
#449=ORIENTED_EDGE('',*,*,#1600,.T.);
#450=ORIENTED_EDGE('',*,*,#1601,.T.);
#451=ORIENTED_EDGE('',*,*,#1602,.F.);
#452=ORIENTED_EDGE('',*,*,#1603,.T.);
#453=ORIENTED_EDGE('',*,*,#1604,.T.);
#454=ORIENTED_EDGE('',*,*,#1605,.T.);
#455=ORIENTED_EDGE('',*,*,#1606,.T.);
#456=ORIENTED_EDGE('',*,*,#1607,.F.);
#457=ORIENTED_EDGE('',*,*,#1608,.T.);
#458=ORIENTED_EDGE('',*,*,#1609,.T.);
#459=ORIENTED_EDGE('',*,*,#1610,.T.);
#460=ORIENTED_EDGE('',*,*,#1611,.T.);
#461=ORIENTED_EDGE('',*,*,#1612,.F.);
#462=ORIENTED_EDGE('',*,*,#1613,.T.);
#463=ORIENTED_EDGE('',*,*,#1614,.T.);
#464=ORIENTED_EDGE('',*,*,#1615,.T.);
#465=ORIENTED_EDGE('',*,*,#1616,.T.);
#466=ORIENTED_EDGE('',*,*,#1617,.F.);
#467=ORIENTED_EDGE('',*,*,#1618,.T.);
#468=ORIENTED_EDGE('',*,*,#1619,.T.);
#469=ORIENTED_EDGE('',*,*,#1620,.T.);
#470=ORIENTED_EDGE('',*,*,#1621,.T.);
#471=ORIENTED_EDGE('',*,*,#1622,.F.);
#472=ORIENTED_EDGE('',*,*,#1623,.T.);
#473=ORIENTED_EDGE('',*,*,#1624,.T.);
#474=ORIENTED_EDGE('',*,*,#1625,.T.);
#475=ORIENTED_EDGE('',*,*,#1626,.T.);
#476=ORIENTED_EDGE('',*,*,#1627,.F.);
#477=ORIENTED_EDGE('',*,*,#1628,.T.);
#478=ORIENTED_EDGE('',*,*,#1629,.T.);
#479=ORIENTED_EDGE('',*,*,#1630,.T.);
#480=ORIENTED_EDGE('',*,*,#1631,.T.);
#481=ORIENTED_EDGE('',*,*,#1632,.F.);
#482=ORIENTED_EDGE('',*,*,#1633,.T.);
#483=ORIENTED_EDGE('',*,*,#1634,.T.);
#484=ORIENTED_EDGE('',*,*,#1635,.T.);
#485=ORIENTED_EDGE('',*,*,#1636,.T.);
#486=ORIENTED_EDGE('',*,*,#1637,.F.);
#487=ORIENTED_EDGE('',*,*,#1638,.T.);
#488=ORIENTED_EDGE('',*,*,#1639,.T.);
#489=ORIENTED_EDGE('',*,*,#1640,.T.);
#490=ORIENTED_EDGE('',*,*,#1641,.T.);
#491=ORIENTED_EDGE('',*,*,#1642,.F.);
#492=ORIENTED_EDGE('',*,*,#1643,.T.);
#493=ORIENTED_EDGE('',*,*,#1644,.T.);
#494=ORIENTED_EDGE('',*,*,#1526,.T.);
#495=ORIENTED_EDGE('',*,*,#1645,.T.);
#496=ORIENTED_EDGE('',*,*,#1511,.F.);
#497=ORIENTED_EDGE('',*,*,#1594,.F.);
#498=ORIENTED_EDGE('',*,*,#1646,.F.);
#499=ORIENTED_EDGE('',*,*,#1533,.F.);
#500=ORIENTED_EDGE('',*,*,#1525,.F.);
#501=ORIENTED_EDGE('',*,*,#1538,.F.);
#502=ORIENTED_EDGE('',*,*,#1531,.F.);
#503=ORIENTED_EDGE('',*,*,#1645,.F.);
#504=ORIENTED_EDGE('',*,*,#1647,.T.);
#505=ORIENTED_EDGE('',*,*,#1648,.T.);
#506=ORIENTED_EDGE('',*,*,#1649,.F.);
#507=ORIENTED_EDGE('',*,*,#1650,.T.);
#508=ORIENTED_EDGE('',*,*,#1651,.T.);
#509=ORIENTED_EDGE('',*,*,#1652,.T.);
#510=ORIENTED_EDGE('',*,*,#1653,.F.);
#511=ORIENTED_EDGE('',*,*,#1654,.F.);
#512=ORIENTED_EDGE('',*,*,#1655,.T.);
#513=ORIENTED_EDGE('',*,*,#1656,.T.);
#514=ORIENTED_EDGE('',*,*,#1657,.F.);
#515=ORIENTED_EDGE('',*,*,#1658,.T.);
#516=ORIENTED_EDGE('',*,*,#1659,.T.);
#517=ORIENTED_EDGE('',*,*,#1660,.T.);
#518=ORIENTED_EDGE('',*,*,#1661,.F.);
#519=ORIENTED_EDGE('',*,*,#1662,.F.);
#520=ORIENTED_EDGE('',*,*,#1663,.T.);
#521=ORIENTED_EDGE('',*,*,#1664,.T.);
#522=ORIENTED_EDGE('',*,*,#1665,.F.);
#523=ORIENTED_EDGE('',*,*,#1666,.T.);
#524=ORIENTED_EDGE('',*,*,#1667,.T.);
#525=ORIENTED_EDGE('',*,*,#1668,.T.);
#526=ORIENTED_EDGE('',*,*,#1669,.F.);
#527=ORIENTED_EDGE('',*,*,#1670,.F.);
#528=ORIENTED_EDGE('',*,*,#1671,.T.);
#529=ORIENTED_EDGE('',*,*,#1672,.T.);
#530=ORIENTED_EDGE('',*,*,#1673,.F.);
#531=ORIENTED_EDGE('',*,*,#1674,.T.);
#532=ORIENTED_EDGE('',*,*,#1675,.T.);
#533=ORIENTED_EDGE('',*,*,#1676,.T.);
#534=ORIENTED_EDGE('',*,*,#1677,.F.);
#535=ORIENTED_EDGE('',*,*,#1678,.F.);
#536=ORIENTED_EDGE('',*,*,#1679,.T.);
#537=ORIENTED_EDGE('',*,*,#1680,.T.);
#538=ORIENTED_EDGE('',*,*,#1681,.F.);
#539=ORIENTED_EDGE('',*,*,#1682,.T.);
#540=ORIENTED_EDGE('',*,*,#1683,.T.);
#541=ORIENTED_EDGE('',*,*,#1684,.T.);
#542=ORIENTED_EDGE('',*,*,#1685,.F.);
#543=ORIENTED_EDGE('',*,*,#1686,.F.);
#544=ORIENTED_EDGE('',*,*,#1687,.T.);
#545=ORIENTED_EDGE('',*,*,#1688,.T.);
#546=ORIENTED_EDGE('',*,*,#1689,.F.);
#547=ORIENTED_EDGE('',*,*,#1520,.T.);
#548=ORIENTED_EDGE('',*,*,#1690,.T.);
#549=ORIENTED_EDGE('',*,*,#1691,.T.);
#550=ORIENTED_EDGE('',*,*,#1692,.F.);
#551=ORIENTED_EDGE('',*,*,#1693,.F.);
#552=ORIENTED_EDGE('',*,*,#1694,.T.);
#553=ORIENTED_EDGE('',*,*,#1695,.T.);
#554=ORIENTED_EDGE('',*,*,#1696,.F.);
#555=ORIENTED_EDGE('',*,*,#1697,.T.);
#556=ORIENTED_EDGE('',*,*,#1698,.T.);
#557=ORIENTED_EDGE('',*,*,#1699,.T.);
#558=ORIENTED_EDGE('',*,*,#1700,.F.);
#559=ORIENTED_EDGE('',*,*,#1701,.F.);
#560=ORIENTED_EDGE('',*,*,#1702,.T.);
#561=ORIENTED_EDGE('',*,*,#1703,.T.);
#562=ORIENTED_EDGE('',*,*,#1704,.F.);
#563=ORIENTED_EDGE('',*,*,#1705,.T.);
#564=ORIENTED_EDGE('',*,*,#1706,.T.);
#565=ORIENTED_EDGE('',*,*,#1707,.T.);
#566=ORIENTED_EDGE('',*,*,#1708,.F.);
#567=ORIENTED_EDGE('',*,*,#1709,.F.);
#568=ORIENTED_EDGE('',*,*,#1710,.T.);
#569=ORIENTED_EDGE('',*,*,#1711,.T.);
#570=ORIENTED_EDGE('',*,*,#1712,.F.);
#571=ORIENTED_EDGE('',*,*,#1713,.T.);
#572=ORIENTED_EDGE('',*,*,#1714,.T.);
#573=ORIENTED_EDGE('',*,*,#1715,.T.);
#574=ORIENTED_EDGE('',*,*,#1716,.F.);
#575=ORIENTED_EDGE('',*,*,#1717,.F.);
#576=ORIENTED_EDGE('',*,*,#1718,.T.);
#577=ORIENTED_EDGE('',*,*,#1719,.T.);
#578=ORIENTED_EDGE('',*,*,#1720,.F.);
#579=ORIENTED_EDGE('',*,*,#1721,.T.);
#580=ORIENTED_EDGE('',*,*,#1722,.T.);
#581=ORIENTED_EDGE('',*,*,#1723,.T.);
#582=ORIENTED_EDGE('',*,*,#1724,.F.);
#583=ORIENTED_EDGE('',*,*,#1725,.F.);
#584=ORIENTED_EDGE('',*,*,#1726,.T.);
#585=ORIENTED_EDGE('',*,*,#1727,.T.);
#586=ORIENTED_EDGE('',*,*,#1728,.F.);
#587=ORIENTED_EDGE('',*,*,#1729,.T.);
#588=ORIENTED_EDGE('',*,*,#1730,.F.);
#589=ORIENTED_EDGE('',*,*,#1688,.F.);
#590=ORIENTED_EDGE('',*,*,#1731,.F.);
#591=ORIENTED_EDGE('',*,*,#1592,.F.);
#592=ORIENTED_EDGE('',*,*,#1732,.F.);
#593=ORIENTED_EDGE('',*,*,#1589,.F.);
#594=ORIENTED_EDGE('',*,*,#1733,.F.);
#595=ORIENTED_EDGE('',*,*,#1691,.F.);
#596=ORIENTED_EDGE('',*,*,#1734,.F.);
#597=ORIENTED_EDGE('',*,*,#1692,.T.);
#598=ORIENTED_EDGE('',*,*,#1733,.T.);
#599=ORIENTED_EDGE('',*,*,#1588,.T.);
#600=ORIENTED_EDGE('',*,*,#1735,.T.);
#601=ORIENTED_EDGE('',*,*,#1694,.F.);
#602=ORIENTED_EDGE('',*,*,#1736,.F.);
#603=ORIENTED_EDGE('',*,*,#1695,.F.);
#604=ORIENTED_EDGE('',*,*,#1735,.F.);
#605=ORIENTED_EDGE('',*,*,#1587,.F.);
#606=ORIENTED_EDGE('',*,*,#1737,.F.);
#607=ORIENTED_EDGE('',*,*,#1584,.F.);
#608=ORIENTED_EDGE('',*,*,#1738,.F.);
#609=ORIENTED_EDGE('',*,*,#1684,.F.);
#610=ORIENTED_EDGE('',*,*,#1739,.F.);
#611=ORIENTED_EDGE('',*,*,#1685,.T.);
#612=ORIENTED_EDGE('',*,*,#1738,.T.);
#613=ORIENTED_EDGE('',*,*,#1583,.T.);
#614=ORIENTED_EDGE('',*,*,#1740,.T.);
#615=ORIENTED_EDGE('',*,*,#1679,.F.);
#616=ORIENTED_EDGE('',*,*,#1741,.F.);
#617=ORIENTED_EDGE('',*,*,#1680,.F.);
#618=ORIENTED_EDGE('',*,*,#1740,.F.);
#619=ORIENTED_EDGE('',*,*,#1582,.F.);
#620=ORIENTED_EDGE('',*,*,#1742,.F.);
#621=ORIENTED_EDGE('',*,*,#1579,.F.);
#622=ORIENTED_EDGE('',*,*,#1743,.F.);
#623=ORIENTED_EDGE('',*,*,#1699,.F.);
#624=ORIENTED_EDGE('',*,*,#1744,.F.);
#625=ORIENTED_EDGE('',*,*,#1700,.T.);
#626=ORIENTED_EDGE('',*,*,#1743,.T.);
#627=ORIENTED_EDGE('',*,*,#1578,.T.);
#628=ORIENTED_EDGE('',*,*,#1745,.T.);
#629=ORIENTED_EDGE('',*,*,#1702,.F.);
#630=ORIENTED_EDGE('',*,*,#1746,.F.);
#631=ORIENTED_EDGE('',*,*,#1703,.F.);
#632=ORIENTED_EDGE('',*,*,#1745,.F.);
#633=ORIENTED_EDGE('',*,*,#1577,.F.);
#634=ORIENTED_EDGE('',*,*,#1747,.F.);
#635=ORIENTED_EDGE('',*,*,#1574,.F.);
#636=ORIENTED_EDGE('',*,*,#1748,.F.);
#637=ORIENTED_EDGE('',*,*,#1676,.F.);
#638=ORIENTED_EDGE('',*,*,#1749,.F.);
#639=ORIENTED_EDGE('',*,*,#1677,.T.);
#640=ORIENTED_EDGE('',*,*,#1748,.T.);
#641=ORIENTED_EDGE('',*,*,#1573,.T.);
#642=ORIENTED_EDGE('',*,*,#1750,.T.);
#643=ORIENTED_EDGE('',*,*,#1671,.F.);
#644=ORIENTED_EDGE('',*,*,#1751,.F.);
#645=ORIENTED_EDGE('',*,*,#1672,.F.);
#646=ORIENTED_EDGE('',*,*,#1750,.F.);
#647=ORIENTED_EDGE('',*,*,#1572,.F.);
#648=ORIENTED_EDGE('',*,*,#1752,.F.);
#649=ORIENTED_EDGE('',*,*,#1569,.F.);
#650=ORIENTED_EDGE('',*,*,#1753,.F.);
#651=ORIENTED_EDGE('',*,*,#1707,.F.);
#652=ORIENTED_EDGE('',*,*,#1754,.F.);
#653=ORIENTED_EDGE('',*,*,#1708,.T.);
#654=ORIENTED_EDGE('',*,*,#1753,.T.);
#655=ORIENTED_EDGE('',*,*,#1568,.T.);
#656=ORIENTED_EDGE('',*,*,#1755,.T.);
#657=ORIENTED_EDGE('',*,*,#1710,.F.);
#658=ORIENTED_EDGE('',*,*,#1756,.F.);
#659=ORIENTED_EDGE('',*,*,#1711,.F.);
#660=ORIENTED_EDGE('',*,*,#1755,.F.);
#661=ORIENTED_EDGE('',*,*,#1567,.F.);
#662=ORIENTED_EDGE('',*,*,#1757,.F.);
#663=ORIENTED_EDGE('',*,*,#1564,.F.);
#664=ORIENTED_EDGE('',*,*,#1758,.F.);
#665=ORIENTED_EDGE('',*,*,#1668,.F.);
#666=ORIENTED_EDGE('',*,*,#1759,.F.);
#667=ORIENTED_EDGE('',*,*,#1669,.T.);
#668=ORIENTED_EDGE('',*,*,#1758,.T.);
#669=ORIENTED_EDGE('',*,*,#1563,.T.);
#670=ORIENTED_EDGE('',*,*,#1760,.T.);
#671=ORIENTED_EDGE('',*,*,#1663,.F.);
#672=ORIENTED_EDGE('',*,*,#1761,.F.);
#673=ORIENTED_EDGE('',*,*,#1664,.F.);
#674=ORIENTED_EDGE('',*,*,#1760,.F.);
#675=ORIENTED_EDGE('',*,*,#1562,.F.);
#676=ORIENTED_EDGE('',*,*,#1762,.F.);
#677=ORIENTED_EDGE('',*,*,#1559,.F.);
#678=ORIENTED_EDGE('',*,*,#1763,.F.);
#679=ORIENTED_EDGE('',*,*,#1715,.F.);
#680=ORIENTED_EDGE('',*,*,#1764,.F.);
#681=ORIENTED_EDGE('',*,*,#1716,.T.);
#682=ORIENTED_EDGE('',*,*,#1763,.T.);
#683=ORIENTED_EDGE('',*,*,#1558,.T.);
#684=ORIENTED_EDGE('',*,*,#1765,.T.);
#685=ORIENTED_EDGE('',*,*,#1718,.F.);
#686=ORIENTED_EDGE('',*,*,#1766,.F.);
#687=ORIENTED_EDGE('',*,*,#1719,.F.);
#688=ORIENTED_EDGE('',*,*,#1765,.F.);
#689=ORIENTED_EDGE('',*,*,#1557,.F.);
#690=ORIENTED_EDGE('',*,*,#1767,.F.);
#691=ORIENTED_EDGE('',*,*,#1554,.F.);
#692=ORIENTED_EDGE('',*,*,#1768,.F.);
#693=ORIENTED_EDGE('',*,*,#1660,.F.);
#694=ORIENTED_EDGE('',*,*,#1769,.F.);
#695=ORIENTED_EDGE('',*,*,#1661,.T.);
#696=ORIENTED_EDGE('',*,*,#1768,.T.);
#697=ORIENTED_EDGE('',*,*,#1553,.T.);
#698=ORIENTED_EDGE('',*,*,#1770,.T.);
#699=ORIENTED_EDGE('',*,*,#1655,.F.);
#700=ORIENTED_EDGE('',*,*,#1771,.F.);
#701=ORIENTED_EDGE('',*,*,#1656,.F.);
#702=ORIENTED_EDGE('',*,*,#1770,.F.);
#703=ORIENTED_EDGE('',*,*,#1552,.F.);
#704=ORIENTED_EDGE('',*,*,#1772,.F.);
#705=ORIENTED_EDGE('',*,*,#1549,.F.);
#706=ORIENTED_EDGE('',*,*,#1773,.F.);
#707=ORIENTED_EDGE('',*,*,#1723,.F.);
#708=ORIENTED_EDGE('',*,*,#1774,.F.);
#709=ORIENTED_EDGE('',*,*,#1724,.T.);
#710=ORIENTED_EDGE('',*,*,#1773,.T.);
#711=ORIENTED_EDGE('',*,*,#1548,.T.);
#712=ORIENTED_EDGE('',*,*,#1775,.T.);
#713=ORIENTED_EDGE('',*,*,#1726,.F.);
#714=ORIENTED_EDGE('',*,*,#1776,.F.);
#715=ORIENTED_EDGE('',*,*,#1727,.F.);
#716=ORIENTED_EDGE('',*,*,#1775,.F.);
#717=ORIENTED_EDGE('',*,*,#1547,.F.);
#718=ORIENTED_EDGE('',*,*,#1777,.F.);
#719=ORIENTED_EDGE('',*,*,#1544,.F.);
#720=ORIENTED_EDGE('',*,*,#1778,.F.);
#721=ORIENTED_EDGE('',*,*,#1652,.F.);
#722=ORIENTED_EDGE('',*,*,#1779,.F.);
#723=ORIENTED_EDGE('',*,*,#1653,.T.);
#724=ORIENTED_EDGE('',*,*,#1778,.T.);
#725=ORIENTED_EDGE('',*,*,#1543,.T.);
#726=ORIENTED_EDGE('',*,*,#1780,.T.);
#727=ORIENTED_EDGE('',*,*,#1647,.F.);
#728=ORIENTED_EDGE('',*,*,#1781,.F.);
#729=ORIENTED_EDGE('',*,*,#1648,.F.);
#730=ORIENTED_EDGE('',*,*,#1780,.F.);
#731=ORIENTED_EDGE('',*,*,#1542,.F.);
#732=ORIENTED_EDGE('',*,*,#1515,.T.);
#733=ORIENTED_EDGE('',*,*,#1782,.T.);
#734=ORIENTED_EDGE('',*,*,#1540,.F.);
#735=ORIENTED_EDGE('',*,*,#1783,.T.);
#736=ORIENTED_EDGE('',*,*,#1784,.F.);
#737=ORIENTED_EDGE('',*,*,#1535,.T.);
#738=ORIENTED_EDGE('',*,*,#1414,.F.);
#739=ORIENTED_EDGE('',*,*,#1785,.F.);
#740=ORIENTED_EDGE('',*,*,#1409,.T.);
#741=ORIENTED_EDGE('',*,*,#1487,.F.);
#742=ORIENTED_EDGE('',*,*,#1786,.T.);
#743=ORIENTED_EDGE('',*,*,#1728,.T.);
#744=ORIENTED_EDGE('',*,*,#1776,.T.);
#745=ORIENTED_EDGE('',*,*,#1546,.F.);
#746=ORIENTED_EDGE('',*,*,#1786,.F.);
#747=ORIENTED_EDGE('',*,*,#1486,.T.);
#748=ORIENTED_EDGE('',*,*,#1787,.F.);
#749=ORIENTED_EDGE('',*,*,#1725,.T.);
#750=ORIENTED_EDGE('',*,*,#1774,.T.);
#751=ORIENTED_EDGE('',*,*,#1729,.F.);
#752=ORIENTED_EDGE('',*,*,#1405,.T.);
#753=ORIENTED_EDGE('',*,*,#1788,.T.);
#754=ORIENTED_EDGE('',*,*,#1550,.F.);
#755=ORIENTED_EDGE('',*,*,#1772,.T.);
#756=ORIENTED_EDGE('',*,*,#1722,.F.);
#757=ORIENTED_EDGE('',*,*,#1787,.T.);
#758=ORIENTED_EDGE('',*,*,#1485,.F.);
#759=ORIENTED_EDGE('',*,*,#1789,.F.);
#760=ORIENTED_EDGE('',*,*,#1403,.T.);
#761=ORIENTED_EDGE('',*,*,#1481,.F.);
#762=ORIENTED_EDGE('',*,*,#1790,.T.);
#763=ORIENTED_EDGE('',*,*,#1720,.T.);
#764=ORIENTED_EDGE('',*,*,#1766,.T.);
#765=ORIENTED_EDGE('',*,*,#1556,.F.);
#766=ORIENTED_EDGE('',*,*,#1790,.F.);
#767=ORIENTED_EDGE('',*,*,#1480,.T.);
#768=ORIENTED_EDGE('',*,*,#1791,.F.);
#769=ORIENTED_EDGE('',*,*,#1717,.T.);
#770=ORIENTED_EDGE('',*,*,#1764,.T.);
#771=ORIENTED_EDGE('',*,*,#1721,.F.);
#772=ORIENTED_EDGE('',*,*,#1399,.T.);
#773=ORIENTED_EDGE('',*,*,#1792,.T.);
#774=ORIENTED_EDGE('',*,*,#1560,.F.);
#775=ORIENTED_EDGE('',*,*,#1762,.T.);
#776=ORIENTED_EDGE('',*,*,#1714,.F.);
#777=ORIENTED_EDGE('',*,*,#1791,.T.);
#778=ORIENTED_EDGE('',*,*,#1479,.F.);
#779=ORIENTED_EDGE('',*,*,#1793,.F.);
#780=ORIENTED_EDGE('',*,*,#1397,.T.);
#781=ORIENTED_EDGE('',*,*,#1475,.F.);
#782=ORIENTED_EDGE('',*,*,#1794,.T.);
#783=ORIENTED_EDGE('',*,*,#1712,.T.);
#784=ORIENTED_EDGE('',*,*,#1756,.T.);
#785=ORIENTED_EDGE('',*,*,#1566,.F.);
#786=ORIENTED_EDGE('',*,*,#1794,.F.);
#787=ORIENTED_EDGE('',*,*,#1474,.T.);
#788=ORIENTED_EDGE('',*,*,#1795,.F.);
#789=ORIENTED_EDGE('',*,*,#1709,.T.);
#790=ORIENTED_EDGE('',*,*,#1754,.T.);
#791=ORIENTED_EDGE('',*,*,#1713,.F.);
#792=ORIENTED_EDGE('',*,*,#1393,.T.);
#793=ORIENTED_EDGE('',*,*,#1796,.T.);
#794=ORIENTED_EDGE('',*,*,#1570,.F.);
#795=ORIENTED_EDGE('',*,*,#1752,.T.);
#796=ORIENTED_EDGE('',*,*,#1706,.F.);
#797=ORIENTED_EDGE('',*,*,#1795,.T.);
#798=ORIENTED_EDGE('',*,*,#1473,.F.);
#799=ORIENTED_EDGE('',*,*,#1797,.F.);
#800=ORIENTED_EDGE('',*,*,#1391,.T.);
#801=ORIENTED_EDGE('',*,*,#1469,.F.);
#802=ORIENTED_EDGE('',*,*,#1798,.T.);
#803=ORIENTED_EDGE('',*,*,#1704,.T.);
#804=ORIENTED_EDGE('',*,*,#1746,.T.);
#805=ORIENTED_EDGE('',*,*,#1576,.F.);
#806=ORIENTED_EDGE('',*,*,#1798,.F.);
#807=ORIENTED_EDGE('',*,*,#1468,.T.);
#808=ORIENTED_EDGE('',*,*,#1799,.F.);
#809=ORIENTED_EDGE('',*,*,#1701,.T.);
#810=ORIENTED_EDGE('',*,*,#1744,.T.);
#811=ORIENTED_EDGE('',*,*,#1705,.F.);
#812=ORIENTED_EDGE('',*,*,#1387,.T.);
#813=ORIENTED_EDGE('',*,*,#1800,.T.);
#814=ORIENTED_EDGE('',*,*,#1580,.F.);
#815=ORIENTED_EDGE('',*,*,#1742,.T.);
#816=ORIENTED_EDGE('',*,*,#1698,.F.);
#817=ORIENTED_EDGE('',*,*,#1799,.T.);
#818=ORIENTED_EDGE('',*,*,#1467,.F.);
#819=ORIENTED_EDGE('',*,*,#1801,.F.);
#820=ORIENTED_EDGE('',*,*,#1385,.T.);
#821=ORIENTED_EDGE('',*,*,#1463,.F.);
#822=ORIENTED_EDGE('',*,*,#1802,.T.);
#823=ORIENTED_EDGE('',*,*,#1696,.T.);
#824=ORIENTED_EDGE('',*,*,#1736,.T.);
#825=ORIENTED_EDGE('',*,*,#1586,.F.);
#826=ORIENTED_EDGE('',*,*,#1802,.F.);
#827=ORIENTED_EDGE('',*,*,#1462,.T.);
#828=ORIENTED_EDGE('',*,*,#1803,.F.);
#829=ORIENTED_EDGE('',*,*,#1693,.T.);
#830=ORIENTED_EDGE('',*,*,#1734,.T.);
#831=ORIENTED_EDGE('',*,*,#1697,.F.);
#832=ORIENTED_EDGE('',*,*,#1381,.T.);
#833=ORIENTED_EDGE('',*,*,#1804,.T.);
#834=ORIENTED_EDGE('',*,*,#1590,.F.);
#835=ORIENTED_EDGE('',*,*,#1732,.T.);
#836=ORIENTED_EDGE('',*,*,#1690,.F.);
#837=ORIENTED_EDGE('',*,*,#1803,.T.);
#838=ORIENTED_EDGE('',*,*,#1461,.F.);
#839=ORIENTED_EDGE('',*,*,#1804,.F.);
#840=ORIENTED_EDGE('',*,*,#1380,.T.);
#841=ORIENTED_EDGE('',*,*,#1460,.F.);
#842=ORIENTED_EDGE('',*,*,#1521,.T.);
#843=ORIENTED_EDGE('',*,*,#1689,.T.);
#844=ORIENTED_EDGE('',*,*,#1730,.T.);
#845=ORIENTED_EDGE('',*,*,#1591,.F.);
#846=ORIENTED_EDGE('',*,*,#1383,.T.);
#847=ORIENTED_EDGE('',*,*,#1801,.T.);
#848=ORIENTED_EDGE('',*,*,#1585,.F.);
#849=ORIENTED_EDGE('',*,*,#1737,.T.);
#850=ORIENTED_EDGE('',*,*,#1683,.F.);
#851=ORIENTED_EDGE('',*,*,#1805,.T.);
#852=ORIENTED_EDGE('',*,*,#1464,.F.);
#853=ORIENTED_EDGE('',*,*,#1806,.F.);
#854=ORIENTED_EDGE('',*,*,#1465,.T.);
#855=ORIENTED_EDGE('',*,*,#1805,.F.);
#856=ORIENTED_EDGE('',*,*,#1686,.T.);
#857=ORIENTED_EDGE('',*,*,#1739,.T.);
#858=ORIENTED_EDGE('',*,*,#1682,.F.);
#859=ORIENTED_EDGE('',*,*,#1800,.F.);
#860=ORIENTED_EDGE('',*,*,#1386,.T.);
#861=ORIENTED_EDGE('',*,*,#1466,.F.);
#862=ORIENTED_EDGE('',*,*,#1806,.T.);
#863=ORIENTED_EDGE('',*,*,#1681,.T.);
#864=ORIENTED_EDGE('',*,*,#1741,.T.);
#865=ORIENTED_EDGE('',*,*,#1581,.F.);
#866=ORIENTED_EDGE('',*,*,#1389,.T.);
#867=ORIENTED_EDGE('',*,*,#1797,.T.);
#868=ORIENTED_EDGE('',*,*,#1575,.F.);
#869=ORIENTED_EDGE('',*,*,#1747,.T.);
#870=ORIENTED_EDGE('',*,*,#1675,.F.);
#871=ORIENTED_EDGE('',*,*,#1807,.T.);
#872=ORIENTED_EDGE('',*,*,#1470,.F.);
#873=ORIENTED_EDGE('',*,*,#1808,.F.);
#874=ORIENTED_EDGE('',*,*,#1471,.T.);
#875=ORIENTED_EDGE('',*,*,#1807,.F.);
#876=ORIENTED_EDGE('',*,*,#1678,.T.);
#877=ORIENTED_EDGE('',*,*,#1749,.T.);
#878=ORIENTED_EDGE('',*,*,#1674,.F.);
#879=ORIENTED_EDGE('',*,*,#1796,.F.);
#880=ORIENTED_EDGE('',*,*,#1392,.T.);
#881=ORIENTED_EDGE('',*,*,#1472,.F.);
#882=ORIENTED_EDGE('',*,*,#1808,.T.);
#883=ORIENTED_EDGE('',*,*,#1673,.T.);
#884=ORIENTED_EDGE('',*,*,#1751,.T.);
#885=ORIENTED_EDGE('',*,*,#1571,.F.);
#886=ORIENTED_EDGE('',*,*,#1395,.T.);
#887=ORIENTED_EDGE('',*,*,#1793,.T.);
#888=ORIENTED_EDGE('',*,*,#1565,.F.);
#889=ORIENTED_EDGE('',*,*,#1757,.T.);
#890=ORIENTED_EDGE('',*,*,#1667,.F.);
#891=ORIENTED_EDGE('',*,*,#1809,.T.);
#892=ORIENTED_EDGE('',*,*,#1476,.F.);
#893=ORIENTED_EDGE('',*,*,#1810,.F.);
#894=ORIENTED_EDGE('',*,*,#1477,.T.);
#895=ORIENTED_EDGE('',*,*,#1809,.F.);
#896=ORIENTED_EDGE('',*,*,#1670,.T.);
#897=ORIENTED_EDGE('',*,*,#1759,.T.);
#898=ORIENTED_EDGE('',*,*,#1666,.F.);
#899=ORIENTED_EDGE('',*,*,#1792,.F.);
#900=ORIENTED_EDGE('',*,*,#1398,.T.);
#901=ORIENTED_EDGE('',*,*,#1478,.F.);
#902=ORIENTED_EDGE('',*,*,#1810,.T.);
#903=ORIENTED_EDGE('',*,*,#1665,.T.);
#904=ORIENTED_EDGE('',*,*,#1761,.T.);
#905=ORIENTED_EDGE('',*,*,#1561,.F.);
#906=ORIENTED_EDGE('',*,*,#1401,.T.);
#907=ORIENTED_EDGE('',*,*,#1789,.T.);
#908=ORIENTED_EDGE('',*,*,#1555,.F.);
#909=ORIENTED_EDGE('',*,*,#1767,.T.);
#910=ORIENTED_EDGE('',*,*,#1659,.F.);
#911=ORIENTED_EDGE('',*,*,#1811,.T.);
#912=ORIENTED_EDGE('',*,*,#1482,.F.);
#913=ORIENTED_EDGE('',*,*,#1812,.F.);
#914=ORIENTED_EDGE('',*,*,#1483,.T.);
#915=ORIENTED_EDGE('',*,*,#1811,.F.);
#916=ORIENTED_EDGE('',*,*,#1662,.T.);
#917=ORIENTED_EDGE('',*,*,#1769,.T.);
#918=ORIENTED_EDGE('',*,*,#1658,.F.);
#919=ORIENTED_EDGE('',*,*,#1788,.F.);
#920=ORIENTED_EDGE('',*,*,#1404,.T.);
#921=ORIENTED_EDGE('',*,*,#1484,.F.);
#922=ORIENTED_EDGE('',*,*,#1812,.T.);
#923=ORIENTED_EDGE('',*,*,#1657,.T.);
#924=ORIENTED_EDGE('',*,*,#1771,.T.);
#925=ORIENTED_EDGE('',*,*,#1551,.F.);
#926=ORIENTED_EDGE('',*,*,#1407,.T.);
#927=ORIENTED_EDGE('',*,*,#1785,.T.);
#928=ORIENTED_EDGE('',*,*,#1545,.F.);
#929=ORIENTED_EDGE('',*,*,#1777,.T.);
#930=ORIENTED_EDGE('',*,*,#1651,.F.);
#931=ORIENTED_EDGE('',*,*,#1813,.T.);
#932=ORIENTED_EDGE('',*,*,#1488,.F.);
#933=ORIENTED_EDGE('',*,*,#1814,.F.);
#934=ORIENTED_EDGE('',*,*,#1411,.T.);
#935=ORIENTED_EDGE('',*,*,#1813,.F.);
#936=ORIENTED_EDGE('',*,*,#1654,.T.);
#937=ORIENTED_EDGE('',*,*,#1779,.T.);
#938=ORIENTED_EDGE('',*,*,#1650,.F.);
#939=ORIENTED_EDGE('',*,*,#1782,.F.);
#940=ORIENTED_EDGE('',*,*,#1514,.T.);
#941=ORIENTED_EDGE('',*,*,#1412,.F.);
#942=ORIENTED_EDGE('',*,*,#1814,.T.);
#943=ORIENTED_EDGE('',*,*,#1649,.T.);
#944=ORIENTED_EDGE('',*,*,#1781,.T.);
#945=ORIENTED_EDGE('',*,*,#1541,.F.);
#946=ORIENTED_EDGE('',*,*,#1783,.F.);
#947=ORIENTED_EDGE('',*,*,#1539,.F.);
#948=ORIENTED_EDGE('',*,*,#1529,.F.);
#949=ORIENTED_EDGE('',*,*,#1815,.F.);
#950=ORIENTED_EDGE('',*,*,#1784,.T.);
#951=ORIENTED_EDGE('',*,*,#1815,.T.);
#952=ORIENTED_EDGE('',*,*,#1528,.F.);
#953=ORIENTED_EDGE('',*,*,#1536,.F.);
#954=ORIENTED_EDGE('',*,*,#1519,.F.);
#955=ORIENTED_EDGE('',*,*,#1534,.T.);
#956=ORIENTED_EDGE('',*,*,#1646,.T.);
#957=ORIENTED_EDGE('',*,*,#1593,.T.);
#958=ORIENTED_EDGE('',*,*,#1731,.T.);
#959=ORIENTED_EDGE('',*,*,#1687,.F.);
#960=ORIENTED_EDGE('',*,*,#1816,.F.);
#961=ORIENTED_EDGE('',*,*,#1599,.F.);
#962=ORIENTED_EDGE('',*,*,#1817,.T.);
#963=ORIENTED_EDGE('',*,*,#1818,.F.);
#964=ORIENTED_EDGE('',*,*,#1819,.T.);
#965=ORIENTED_EDGE('',*,*,#1454,.F.);
#966=ORIENTED_EDGE('',*,*,#1491,.T.);
#967=ORIENTED_EDGE('',*,*,#1820,.T.);
#968=ORIENTED_EDGE('',*,*,#1821,.T.);
#969=ORIENTED_EDGE('',*,*,#1822,.F.);
#970=ORIENTED_EDGE('',*,*,#1823,.F.);
#971=ORIENTED_EDGE('',*,*,#1455,.T.);
#972=ORIENTED_EDGE('',*,*,#1819,.F.);
#973=ORIENTED_EDGE('',*,*,#1818,.T.);
#974=ORIENTED_EDGE('',*,*,#1824,.T.);
#975=ORIENTED_EDGE('',*,*,#1825,.F.);
#976=ORIENTED_EDGE('',*,*,#1820,.F.);
#977=ORIENTED_EDGE('',*,*,#1817,.F.);
#978=ORIENTED_EDGE('',*,*,#1598,.F.);
#979=ORIENTED_EDGE('',*,*,#1826,.F.);
#980=ORIENTED_EDGE('',*,*,#1824,.F.);
#981=ORIENTED_EDGE('',*,*,#1827,.T.);
#982=ORIENTED_EDGE('',*,*,#1828,.T.);
#983=ORIENTED_EDGE('',*,*,#1829,.F.);
#984=ORIENTED_EDGE('',*,*,#1822,.T.);
#985=ORIENTED_EDGE('',*,*,#1830,.F.);
#986=ORIENTED_EDGE('',*,*,#1828,.F.);
#987=ORIENTED_EDGE('',*,*,#1831,.F.);
#988=ORIENTED_EDGE('',*,*,#1596,.F.);
#989=ORIENTED_EDGE('',*,*,#1595,.F.);
#990=ORIENTED_EDGE('',*,*,#1509,.T.);
#991=ORIENTED_EDGE('',*,*,#1489,.T.);
#992=ORIENTED_EDGE('',*,*,#1456,.F.);
#993=ORIENTED_EDGE('',*,*,#1823,.T.);
#994=ORIENTED_EDGE('',*,*,#1829,.T.);
#995=ORIENTED_EDGE('',*,*,#1830,.T.);
#996=ORIENTED_EDGE('',*,*,#1821,.F.);
#997=ORIENTED_EDGE('',*,*,#1825,.T.);
#998=ORIENTED_EDGE('',*,*,#1826,.T.);
#999=ORIENTED_EDGE('',*,*,#1597,.T.);
#1000=ORIENTED_EDGE('',*,*,#1831,.T.);
#1001=ORIENTED_EDGE('',*,*,#1827,.F.);
#1002=ORIENTED_EDGE('',*,*,#1832,.F.);
#1003=ORIENTED_EDGE('',*,*,#1604,.F.);
#1004=ORIENTED_EDGE('',*,*,#1833,.T.);
#1005=ORIENTED_EDGE('',*,*,#1834,.F.);
#1006=ORIENTED_EDGE('',*,*,#1835,.T.);
#1007=ORIENTED_EDGE('',*,*,#1450,.F.);
#1008=ORIENTED_EDGE('',*,*,#1493,.T.);
#1009=ORIENTED_EDGE('',*,*,#1836,.T.);
#1010=ORIENTED_EDGE('',*,*,#1837,.T.);
#1011=ORIENTED_EDGE('',*,*,#1838,.F.);
#1012=ORIENTED_EDGE('',*,*,#1839,.F.);
#1013=ORIENTED_EDGE('',*,*,#1451,.T.);
#1014=ORIENTED_EDGE('',*,*,#1835,.F.);
#1015=ORIENTED_EDGE('',*,*,#1834,.T.);
#1016=ORIENTED_EDGE('',*,*,#1840,.T.);
#1017=ORIENTED_EDGE('',*,*,#1841,.F.);
#1018=ORIENTED_EDGE('',*,*,#1836,.F.);
#1019=ORIENTED_EDGE('',*,*,#1833,.F.);
#1020=ORIENTED_EDGE('',*,*,#1603,.F.);
#1021=ORIENTED_EDGE('',*,*,#1842,.F.);
#1022=ORIENTED_EDGE('',*,*,#1840,.F.);
#1023=ORIENTED_EDGE('',*,*,#1843,.T.);
#1024=ORIENTED_EDGE('',*,*,#1844,.T.);
#1025=ORIENTED_EDGE('',*,*,#1845,.F.);
#1026=ORIENTED_EDGE('',*,*,#1838,.T.);
#1027=ORIENTED_EDGE('',*,*,#1846,.F.);
#1028=ORIENTED_EDGE('',*,*,#1844,.F.);
#1029=ORIENTED_EDGE('',*,*,#1847,.F.);
#1030=ORIENTED_EDGE('',*,*,#1601,.F.);
#1031=ORIENTED_EDGE('',*,*,#1600,.F.);
#1032=ORIENTED_EDGE('',*,*,#1816,.T.);
#1033=ORIENTED_EDGE('',*,*,#1492,.T.);
#1034=ORIENTED_EDGE('',*,*,#1452,.F.);
#1035=ORIENTED_EDGE('',*,*,#1839,.T.);
#1036=ORIENTED_EDGE('',*,*,#1845,.T.);
#1037=ORIENTED_EDGE('',*,*,#1846,.T.);
#1038=ORIENTED_EDGE('',*,*,#1837,.F.);
#1039=ORIENTED_EDGE('',*,*,#1841,.T.);
#1040=ORIENTED_EDGE('',*,*,#1842,.T.);
#1041=ORIENTED_EDGE('',*,*,#1602,.T.);
#1042=ORIENTED_EDGE('',*,*,#1847,.T.);
#1043=ORIENTED_EDGE('',*,*,#1843,.F.);
#1044=ORIENTED_EDGE('',*,*,#1848,.F.);
#1045=ORIENTED_EDGE('',*,*,#1609,.F.);
#1046=ORIENTED_EDGE('',*,*,#1849,.T.);
#1047=ORIENTED_EDGE('',*,*,#1850,.F.);
#1048=ORIENTED_EDGE('',*,*,#1851,.T.);
#1049=ORIENTED_EDGE('',*,*,#1446,.F.);
#1050=ORIENTED_EDGE('',*,*,#1495,.T.);
#1051=ORIENTED_EDGE('',*,*,#1852,.T.);
#1052=ORIENTED_EDGE('',*,*,#1853,.T.);
#1053=ORIENTED_EDGE('',*,*,#1854,.F.);
#1054=ORIENTED_EDGE('',*,*,#1855,.F.);
#1055=ORIENTED_EDGE('',*,*,#1447,.T.);
#1056=ORIENTED_EDGE('',*,*,#1851,.F.);
#1057=ORIENTED_EDGE('',*,*,#1850,.T.);
#1058=ORIENTED_EDGE('',*,*,#1856,.T.);
#1059=ORIENTED_EDGE('',*,*,#1857,.F.);
#1060=ORIENTED_EDGE('',*,*,#1852,.F.);
#1061=ORIENTED_EDGE('',*,*,#1849,.F.);
#1062=ORIENTED_EDGE('',*,*,#1608,.F.);
#1063=ORIENTED_EDGE('',*,*,#1858,.F.);
#1064=ORIENTED_EDGE('',*,*,#1856,.F.);
#1065=ORIENTED_EDGE('',*,*,#1859,.T.);
#1066=ORIENTED_EDGE('',*,*,#1860,.T.);
#1067=ORIENTED_EDGE('',*,*,#1861,.F.);
#1068=ORIENTED_EDGE('',*,*,#1854,.T.);
#1069=ORIENTED_EDGE('',*,*,#1862,.F.);
#1070=ORIENTED_EDGE('',*,*,#1860,.F.);
#1071=ORIENTED_EDGE('',*,*,#1863,.F.);
#1072=ORIENTED_EDGE('',*,*,#1606,.F.);
#1073=ORIENTED_EDGE('',*,*,#1605,.F.);
#1074=ORIENTED_EDGE('',*,*,#1832,.T.);
#1075=ORIENTED_EDGE('',*,*,#1494,.T.);
#1076=ORIENTED_EDGE('',*,*,#1448,.F.);
#1077=ORIENTED_EDGE('',*,*,#1855,.T.);
#1078=ORIENTED_EDGE('',*,*,#1861,.T.);
#1079=ORIENTED_EDGE('',*,*,#1862,.T.);
#1080=ORIENTED_EDGE('',*,*,#1853,.F.);
#1081=ORIENTED_EDGE('',*,*,#1857,.T.);
#1082=ORIENTED_EDGE('',*,*,#1858,.T.);
#1083=ORIENTED_EDGE('',*,*,#1607,.T.);
#1084=ORIENTED_EDGE('',*,*,#1863,.T.);
#1085=ORIENTED_EDGE('',*,*,#1859,.F.);
#1086=ORIENTED_EDGE('',*,*,#1864,.F.);
#1087=ORIENTED_EDGE('',*,*,#1614,.F.);
#1088=ORIENTED_EDGE('',*,*,#1865,.T.);
#1089=ORIENTED_EDGE('',*,*,#1866,.F.);
#1090=ORIENTED_EDGE('',*,*,#1867,.T.);
#1091=ORIENTED_EDGE('',*,*,#1442,.F.);
#1092=ORIENTED_EDGE('',*,*,#1497,.T.);
#1093=ORIENTED_EDGE('',*,*,#1868,.T.);
#1094=ORIENTED_EDGE('',*,*,#1869,.T.);
#1095=ORIENTED_EDGE('',*,*,#1870,.F.);
#1096=ORIENTED_EDGE('',*,*,#1871,.F.);
#1097=ORIENTED_EDGE('',*,*,#1443,.T.);
#1098=ORIENTED_EDGE('',*,*,#1867,.F.);
#1099=ORIENTED_EDGE('',*,*,#1866,.T.);
#1100=ORIENTED_EDGE('',*,*,#1872,.T.);
#1101=ORIENTED_EDGE('',*,*,#1873,.F.);
#1102=ORIENTED_EDGE('',*,*,#1868,.F.);
#1103=ORIENTED_EDGE('',*,*,#1865,.F.);
#1104=ORIENTED_EDGE('',*,*,#1613,.F.);
#1105=ORIENTED_EDGE('',*,*,#1874,.F.);
#1106=ORIENTED_EDGE('',*,*,#1872,.F.);
#1107=ORIENTED_EDGE('',*,*,#1875,.T.);
#1108=ORIENTED_EDGE('',*,*,#1876,.T.);
#1109=ORIENTED_EDGE('',*,*,#1877,.F.);
#1110=ORIENTED_EDGE('',*,*,#1870,.T.);
#1111=ORIENTED_EDGE('',*,*,#1878,.F.);
#1112=ORIENTED_EDGE('',*,*,#1876,.F.);
#1113=ORIENTED_EDGE('',*,*,#1879,.F.);
#1114=ORIENTED_EDGE('',*,*,#1611,.F.);
#1115=ORIENTED_EDGE('',*,*,#1610,.F.);
#1116=ORIENTED_EDGE('',*,*,#1848,.T.);
#1117=ORIENTED_EDGE('',*,*,#1496,.T.);
#1118=ORIENTED_EDGE('',*,*,#1444,.F.);
#1119=ORIENTED_EDGE('',*,*,#1871,.T.);
#1120=ORIENTED_EDGE('',*,*,#1877,.T.);
#1121=ORIENTED_EDGE('',*,*,#1878,.T.);
#1122=ORIENTED_EDGE('',*,*,#1869,.F.);
#1123=ORIENTED_EDGE('',*,*,#1873,.T.);
#1124=ORIENTED_EDGE('',*,*,#1874,.T.);
#1125=ORIENTED_EDGE('',*,*,#1612,.T.);
#1126=ORIENTED_EDGE('',*,*,#1879,.T.);
#1127=ORIENTED_EDGE('',*,*,#1875,.F.);
#1128=ORIENTED_EDGE('',*,*,#1880,.F.);
#1129=ORIENTED_EDGE('',*,*,#1619,.F.);
#1130=ORIENTED_EDGE('',*,*,#1881,.T.);
#1131=ORIENTED_EDGE('',*,*,#1882,.F.);
#1132=ORIENTED_EDGE('',*,*,#1883,.T.);
#1133=ORIENTED_EDGE('',*,*,#1438,.F.);
#1134=ORIENTED_EDGE('',*,*,#1499,.T.);
#1135=ORIENTED_EDGE('',*,*,#1884,.T.);
#1136=ORIENTED_EDGE('',*,*,#1885,.T.);
#1137=ORIENTED_EDGE('',*,*,#1886,.F.);
#1138=ORIENTED_EDGE('',*,*,#1887,.F.);
#1139=ORIENTED_EDGE('',*,*,#1439,.T.);
#1140=ORIENTED_EDGE('',*,*,#1883,.F.);
#1141=ORIENTED_EDGE('',*,*,#1882,.T.);
#1142=ORIENTED_EDGE('',*,*,#1888,.T.);
#1143=ORIENTED_EDGE('',*,*,#1889,.F.);
#1144=ORIENTED_EDGE('',*,*,#1884,.F.);
#1145=ORIENTED_EDGE('',*,*,#1881,.F.);
#1146=ORIENTED_EDGE('',*,*,#1618,.F.);
#1147=ORIENTED_EDGE('',*,*,#1890,.F.);
#1148=ORIENTED_EDGE('',*,*,#1888,.F.);
#1149=ORIENTED_EDGE('',*,*,#1891,.T.);
#1150=ORIENTED_EDGE('',*,*,#1892,.T.);
#1151=ORIENTED_EDGE('',*,*,#1893,.F.);
#1152=ORIENTED_EDGE('',*,*,#1886,.T.);
#1153=ORIENTED_EDGE('',*,*,#1894,.F.);
#1154=ORIENTED_EDGE('',*,*,#1892,.F.);
#1155=ORIENTED_EDGE('',*,*,#1895,.F.);
#1156=ORIENTED_EDGE('',*,*,#1616,.F.);
#1157=ORIENTED_EDGE('',*,*,#1615,.F.);
#1158=ORIENTED_EDGE('',*,*,#1864,.T.);
#1159=ORIENTED_EDGE('',*,*,#1498,.T.);
#1160=ORIENTED_EDGE('',*,*,#1440,.F.);
#1161=ORIENTED_EDGE('',*,*,#1887,.T.);
#1162=ORIENTED_EDGE('',*,*,#1893,.T.);
#1163=ORIENTED_EDGE('',*,*,#1894,.T.);
#1164=ORIENTED_EDGE('',*,*,#1885,.F.);
#1165=ORIENTED_EDGE('',*,*,#1889,.T.);
#1166=ORIENTED_EDGE('',*,*,#1890,.T.);
#1167=ORIENTED_EDGE('',*,*,#1617,.T.);
#1168=ORIENTED_EDGE('',*,*,#1895,.T.);
#1169=ORIENTED_EDGE('',*,*,#1891,.F.);
#1170=ORIENTED_EDGE('',*,*,#1896,.F.);
#1171=ORIENTED_EDGE('',*,*,#1624,.F.);
#1172=ORIENTED_EDGE('',*,*,#1897,.T.);
#1173=ORIENTED_EDGE('',*,*,#1898,.F.);
#1174=ORIENTED_EDGE('',*,*,#1899,.T.);
#1175=ORIENTED_EDGE('',*,*,#1434,.F.);
#1176=ORIENTED_EDGE('',*,*,#1501,.T.);
#1177=ORIENTED_EDGE('',*,*,#1900,.T.);
#1178=ORIENTED_EDGE('',*,*,#1901,.T.);
#1179=ORIENTED_EDGE('',*,*,#1902,.F.);
#1180=ORIENTED_EDGE('',*,*,#1903,.F.);
#1181=ORIENTED_EDGE('',*,*,#1435,.T.);
#1182=ORIENTED_EDGE('',*,*,#1899,.F.);
#1183=ORIENTED_EDGE('',*,*,#1898,.T.);
#1184=ORIENTED_EDGE('',*,*,#1904,.T.);
#1185=ORIENTED_EDGE('',*,*,#1905,.F.);
#1186=ORIENTED_EDGE('',*,*,#1900,.F.);
#1187=ORIENTED_EDGE('',*,*,#1897,.F.);
#1188=ORIENTED_EDGE('',*,*,#1623,.F.);
#1189=ORIENTED_EDGE('',*,*,#1906,.F.);
#1190=ORIENTED_EDGE('',*,*,#1904,.F.);
#1191=ORIENTED_EDGE('',*,*,#1907,.T.);
#1192=ORIENTED_EDGE('',*,*,#1908,.T.);
#1193=ORIENTED_EDGE('',*,*,#1909,.F.);
#1194=ORIENTED_EDGE('',*,*,#1902,.T.);
#1195=ORIENTED_EDGE('',*,*,#1910,.F.);
#1196=ORIENTED_EDGE('',*,*,#1908,.F.);
#1197=ORIENTED_EDGE('',*,*,#1911,.F.);
#1198=ORIENTED_EDGE('',*,*,#1621,.F.);
#1199=ORIENTED_EDGE('',*,*,#1620,.F.);
#1200=ORIENTED_EDGE('',*,*,#1880,.T.);
#1201=ORIENTED_EDGE('',*,*,#1500,.T.);
#1202=ORIENTED_EDGE('',*,*,#1436,.F.);
#1203=ORIENTED_EDGE('',*,*,#1903,.T.);
#1204=ORIENTED_EDGE('',*,*,#1909,.T.);
#1205=ORIENTED_EDGE('',*,*,#1910,.T.);
#1206=ORIENTED_EDGE('',*,*,#1901,.F.);
#1207=ORIENTED_EDGE('',*,*,#1905,.T.);
#1208=ORIENTED_EDGE('',*,*,#1906,.T.);
#1209=ORIENTED_EDGE('',*,*,#1622,.T.);
#1210=ORIENTED_EDGE('',*,*,#1911,.T.);
#1211=ORIENTED_EDGE('',*,*,#1907,.F.);
#1212=ORIENTED_EDGE('',*,*,#1912,.F.);
#1213=ORIENTED_EDGE('',*,*,#1629,.F.);
#1214=ORIENTED_EDGE('',*,*,#1913,.T.);
#1215=ORIENTED_EDGE('',*,*,#1914,.F.);
#1216=ORIENTED_EDGE('',*,*,#1915,.T.);
#1217=ORIENTED_EDGE('',*,*,#1430,.F.);
#1218=ORIENTED_EDGE('',*,*,#1503,.T.);
#1219=ORIENTED_EDGE('',*,*,#1916,.T.);
#1220=ORIENTED_EDGE('',*,*,#1917,.T.);
#1221=ORIENTED_EDGE('',*,*,#1918,.F.);
#1222=ORIENTED_EDGE('',*,*,#1919,.F.);
#1223=ORIENTED_EDGE('',*,*,#1431,.T.);
#1224=ORIENTED_EDGE('',*,*,#1915,.F.);
#1225=ORIENTED_EDGE('',*,*,#1914,.T.);
#1226=ORIENTED_EDGE('',*,*,#1920,.T.);
#1227=ORIENTED_EDGE('',*,*,#1921,.F.);
#1228=ORIENTED_EDGE('',*,*,#1916,.F.);
#1229=ORIENTED_EDGE('',*,*,#1913,.F.);
#1230=ORIENTED_EDGE('',*,*,#1628,.F.);
#1231=ORIENTED_EDGE('',*,*,#1922,.F.);
#1232=ORIENTED_EDGE('',*,*,#1920,.F.);
#1233=ORIENTED_EDGE('',*,*,#1923,.T.);
#1234=ORIENTED_EDGE('',*,*,#1924,.T.);
#1235=ORIENTED_EDGE('',*,*,#1925,.F.);
#1236=ORIENTED_EDGE('',*,*,#1918,.T.);
#1237=ORIENTED_EDGE('',*,*,#1926,.F.);
#1238=ORIENTED_EDGE('',*,*,#1924,.F.);
#1239=ORIENTED_EDGE('',*,*,#1927,.F.);
#1240=ORIENTED_EDGE('',*,*,#1626,.F.);
#1241=ORIENTED_EDGE('',*,*,#1625,.F.);
#1242=ORIENTED_EDGE('',*,*,#1896,.T.);
#1243=ORIENTED_EDGE('',*,*,#1502,.T.);
#1244=ORIENTED_EDGE('',*,*,#1432,.F.);
#1245=ORIENTED_EDGE('',*,*,#1919,.T.);
#1246=ORIENTED_EDGE('',*,*,#1925,.T.);
#1247=ORIENTED_EDGE('',*,*,#1926,.T.);
#1248=ORIENTED_EDGE('',*,*,#1917,.F.);
#1249=ORIENTED_EDGE('',*,*,#1921,.T.);
#1250=ORIENTED_EDGE('',*,*,#1922,.T.);
#1251=ORIENTED_EDGE('',*,*,#1627,.T.);
#1252=ORIENTED_EDGE('',*,*,#1927,.T.);
#1253=ORIENTED_EDGE('',*,*,#1923,.F.);
#1254=ORIENTED_EDGE('',*,*,#1928,.F.);
#1255=ORIENTED_EDGE('',*,*,#1634,.F.);
#1256=ORIENTED_EDGE('',*,*,#1929,.T.);
#1257=ORIENTED_EDGE('',*,*,#1930,.F.);
#1258=ORIENTED_EDGE('',*,*,#1931,.T.);
#1259=ORIENTED_EDGE('',*,*,#1426,.F.);
#1260=ORIENTED_EDGE('',*,*,#1505,.T.);
#1261=ORIENTED_EDGE('',*,*,#1932,.T.);
#1262=ORIENTED_EDGE('',*,*,#1933,.T.);
#1263=ORIENTED_EDGE('',*,*,#1934,.F.);
#1264=ORIENTED_EDGE('',*,*,#1935,.F.);
#1265=ORIENTED_EDGE('',*,*,#1427,.T.);
#1266=ORIENTED_EDGE('',*,*,#1931,.F.);
#1267=ORIENTED_EDGE('',*,*,#1930,.T.);
#1268=ORIENTED_EDGE('',*,*,#1936,.T.);
#1269=ORIENTED_EDGE('',*,*,#1937,.F.);
#1270=ORIENTED_EDGE('',*,*,#1932,.F.);
#1271=ORIENTED_EDGE('',*,*,#1929,.F.);
#1272=ORIENTED_EDGE('',*,*,#1633,.F.);
#1273=ORIENTED_EDGE('',*,*,#1938,.F.);
#1274=ORIENTED_EDGE('',*,*,#1936,.F.);
#1275=ORIENTED_EDGE('',*,*,#1939,.T.);
#1276=ORIENTED_EDGE('',*,*,#1940,.T.);
#1277=ORIENTED_EDGE('',*,*,#1941,.F.);
#1278=ORIENTED_EDGE('',*,*,#1934,.T.);
#1279=ORIENTED_EDGE('',*,*,#1942,.F.);
#1280=ORIENTED_EDGE('',*,*,#1940,.F.);
#1281=ORIENTED_EDGE('',*,*,#1943,.F.);
#1282=ORIENTED_EDGE('',*,*,#1631,.F.);
#1283=ORIENTED_EDGE('',*,*,#1630,.F.);
#1284=ORIENTED_EDGE('',*,*,#1912,.T.);
#1285=ORIENTED_EDGE('',*,*,#1504,.T.);
#1286=ORIENTED_EDGE('',*,*,#1428,.F.);
#1287=ORIENTED_EDGE('',*,*,#1935,.T.);
#1288=ORIENTED_EDGE('',*,*,#1941,.T.);
#1289=ORIENTED_EDGE('',*,*,#1942,.T.);
#1290=ORIENTED_EDGE('',*,*,#1933,.F.);
#1291=ORIENTED_EDGE('',*,*,#1937,.T.);
#1292=ORIENTED_EDGE('',*,*,#1938,.T.);
#1293=ORIENTED_EDGE('',*,*,#1632,.T.);
#1294=ORIENTED_EDGE('',*,*,#1943,.T.);
#1295=ORIENTED_EDGE('',*,*,#1939,.F.);
#1296=ORIENTED_EDGE('',*,*,#1944,.F.);
#1297=ORIENTED_EDGE('',*,*,#1639,.F.);
#1298=ORIENTED_EDGE('',*,*,#1945,.T.);
#1299=ORIENTED_EDGE('',*,*,#1946,.F.);
#1300=ORIENTED_EDGE('',*,*,#1947,.T.);
#1301=ORIENTED_EDGE('',*,*,#1422,.F.);
#1302=ORIENTED_EDGE('',*,*,#1516,.T.);
#1303=ORIENTED_EDGE('',*,*,#1948,.T.);
#1304=ORIENTED_EDGE('',*,*,#1949,.T.);
#1305=ORIENTED_EDGE('',*,*,#1950,.F.);
#1306=ORIENTED_EDGE('',*,*,#1951,.F.);
#1307=ORIENTED_EDGE('',*,*,#1423,.T.);
#1308=ORIENTED_EDGE('',*,*,#1947,.F.);
#1309=ORIENTED_EDGE('',*,*,#1946,.T.);
#1310=ORIENTED_EDGE('',*,*,#1952,.T.);
#1311=ORIENTED_EDGE('',*,*,#1953,.F.);
#1312=ORIENTED_EDGE('',*,*,#1948,.F.);
#1313=ORIENTED_EDGE('',*,*,#1945,.F.);
#1314=ORIENTED_EDGE('',*,*,#1638,.F.);
#1315=ORIENTED_EDGE('',*,*,#1954,.F.);
#1316=ORIENTED_EDGE('',*,*,#1952,.F.);
#1317=ORIENTED_EDGE('',*,*,#1955,.T.);
#1318=ORIENTED_EDGE('',*,*,#1956,.T.);
#1319=ORIENTED_EDGE('',*,*,#1957,.F.);
#1320=ORIENTED_EDGE('',*,*,#1950,.T.);
#1321=ORIENTED_EDGE('',*,*,#1958,.F.);
#1322=ORIENTED_EDGE('',*,*,#1956,.F.);
#1323=ORIENTED_EDGE('',*,*,#1959,.F.);
#1324=ORIENTED_EDGE('',*,*,#1636,.F.);
#1325=ORIENTED_EDGE('',*,*,#1635,.F.);
#1326=ORIENTED_EDGE('',*,*,#1928,.T.);
#1327=ORIENTED_EDGE('',*,*,#1506,.T.);
#1328=ORIENTED_EDGE('',*,*,#1424,.F.);
#1329=ORIENTED_EDGE('',*,*,#1951,.T.);
#1330=ORIENTED_EDGE('',*,*,#1957,.T.);
#1331=ORIENTED_EDGE('',*,*,#1958,.T.);
#1332=ORIENTED_EDGE('',*,*,#1949,.F.);
#1333=ORIENTED_EDGE('',*,*,#1953,.T.);
#1334=ORIENTED_EDGE('',*,*,#1954,.T.);
#1335=ORIENTED_EDGE('',*,*,#1637,.T.);
#1336=ORIENTED_EDGE('',*,*,#1959,.T.);
#1337=ORIENTED_EDGE('',*,*,#1955,.F.);
#1338=ORIENTED_EDGE('',*,*,#1507,.T.);
#1339=ORIENTED_EDGE('',*,*,#1522,.T.);
#1340=ORIENTED_EDGE('',*,*,#1644,.F.);
#1341=ORIENTED_EDGE('',*,*,#1960,.T.);
#1342=ORIENTED_EDGE('',*,*,#1961,.F.);
#1343=ORIENTED_EDGE('',*,*,#1962,.T.);
#1344=ORIENTED_EDGE('',*,*,#1418,.F.);
#1345=ORIENTED_EDGE('',*,*,#1963,.T.);
#1346=ORIENTED_EDGE('',*,*,#1964,.T.);
#1347=ORIENTED_EDGE('',*,*,#1965,.F.);
#1348=ORIENTED_EDGE('',*,*,#1966,.F.);
#1349=ORIENTED_EDGE('',*,*,#1419,.T.);
#1350=ORIENTED_EDGE('',*,*,#1962,.F.);
#1351=ORIENTED_EDGE('',*,*,#1961,.T.);
#1352=ORIENTED_EDGE('',*,*,#1967,.T.);
#1353=ORIENTED_EDGE('',*,*,#1968,.F.);
#1354=ORIENTED_EDGE('',*,*,#1963,.F.);
#1355=ORIENTED_EDGE('',*,*,#1960,.F.);
#1356=ORIENTED_EDGE('',*,*,#1643,.F.);
#1357=ORIENTED_EDGE('',*,*,#1969,.F.);
#1358=ORIENTED_EDGE('',*,*,#1967,.F.);
#1359=ORIENTED_EDGE('',*,*,#1640,.F.);
#1360=ORIENTED_EDGE('',*,*,#1944,.T.);
#1361=ORIENTED_EDGE('',*,*,#1517,.T.);
#1362=ORIENTED_EDGE('',*,*,#1420,.F.);
#1363=ORIENTED_EDGE('',*,*,#1966,.T.);
#1364=ORIENTED_EDGE('',*,*,#1970,.T.);
#1365=ORIENTED_EDGE('',*,*,#1971,.T.);
#1366=ORIENTED_EDGE('',*,*,#1971,.F.);
#1367=ORIENTED_EDGE('',*,*,#1972,.F.);
#1368=ORIENTED_EDGE('',*,*,#1973,.F.);
#1369=ORIENTED_EDGE('',*,*,#1641,.F.);
#1370=ORIENTED_EDGE('',*,*,#1974,.T.);
#1371=ORIENTED_EDGE('',*,*,#1972,.T.);
#1372=ORIENTED_EDGE('',*,*,#1970,.F.);
#1373=ORIENTED_EDGE('',*,*,#1965,.T.);
#1374=ORIENTED_EDGE('',*,*,#1964,.F.);
#1375=ORIENTED_EDGE('',*,*,#1968,.T.);
#1376=ORIENTED_EDGE('',*,*,#1969,.T.);
#1377=ORIENTED_EDGE('',*,*,#1642,.T.);
#1378=ORIENTED_EDGE('',*,*,#1973,.T.);
#1379=ORIENTED_EDGE('',*,*,#1974,.F.);
#1380=EDGE_CURVE('',#1975,#1976,#2372,.T.);
#1381=EDGE_CURVE('',#1977,#1975,#2373,.T.);
#1382=EDGE_CURVE('',#1977,#1976,#57,.T.);
#1383=EDGE_CURVE('',#1978,#1979,#2374,.T.);
#1384=EDGE_CURVE('',#1978,#1980,#58,.T.);
#1385=EDGE_CURVE('',#1979,#1980,#2375,.T.);
#1386=EDGE_CURVE('',#1981,#1982,#2376,.T.);
#1387=EDGE_CURVE('',#1983,#1981,#2377,.T.);
#1388=EDGE_CURVE('',#1983,#1982,#59,.T.);
#1389=EDGE_CURVE('',#1984,#1985,#2378,.T.);
#1390=EDGE_CURVE('',#1984,#1986,#60,.T.);
#1391=EDGE_CURVE('',#1985,#1986,#2379,.T.);
#1392=EDGE_CURVE('',#1987,#1988,#2380,.T.);
#1393=EDGE_CURVE('',#1989,#1987,#2381,.T.);
#1394=EDGE_CURVE('',#1989,#1988,#61,.T.);
#1395=EDGE_CURVE('',#1990,#1991,#2382,.T.);
#1396=EDGE_CURVE('',#1990,#1992,#62,.T.);
#1397=EDGE_CURVE('',#1991,#1992,#2383,.T.);
#1398=EDGE_CURVE('',#1993,#1994,#2384,.T.);
#1399=EDGE_CURVE('',#1995,#1993,#2385,.T.);
#1400=EDGE_CURVE('',#1995,#1994,#63,.T.);
#1401=EDGE_CURVE('',#1996,#1997,#2386,.T.);
#1402=EDGE_CURVE('',#1996,#1998,#64,.T.);
#1403=EDGE_CURVE('',#1997,#1998,#2387,.T.);
#1404=EDGE_CURVE('',#1999,#2000,#2388,.T.);
#1405=EDGE_CURVE('',#2001,#1999,#2389,.T.);
#1406=EDGE_CURVE('',#2001,#2000,#65,.T.);
#1407=EDGE_CURVE('',#2002,#2003,#2390,.T.);
#1408=EDGE_CURVE('',#2002,#2004,#66,.T.);
#1409=EDGE_CURVE('',#2003,#2004,#2391,.T.);
#1410=EDGE_CURVE('',#2005,#2005,#67,.T.);
#1411=EDGE_CURVE('',#2006,#2007,#68,.T.);
#1412=EDGE_CURVE('',#2006,#2008,#2392,.F.);
#1413=EDGE_CURVE('',#2009,#2008,#69,.T.);
#1414=EDGE_CURVE('',#2009,#2010,#2393,.T.);
#1415=EDGE_CURVE('',#2011,#2010,#70,.T.);
#1416=EDGE_CURVE('',#2011,#2012,#2394,.F.);
#1417=EDGE_CURVE('',#2013,#2012,#71,.T.);
#1418=EDGE_CURVE('',#2013,#2014,#2395,.T.);
#1419=EDGE_CURVE('',#2015,#2014,#72,.T.);
#1420=EDGE_CURVE('',#2015,#2016,#2396,.F.);
#1421=EDGE_CURVE('',#2017,#2016,#73,.T.);
#1422=EDGE_CURVE('',#2017,#2018,#2397,.T.);
#1423=EDGE_CURVE('',#2019,#2018,#74,.T.);
#1424=EDGE_CURVE('',#2019,#2020,#2398,.F.);
#1425=EDGE_CURVE('',#2021,#2020,#75,.T.);
#1426=EDGE_CURVE('',#2021,#2022,#2399,.T.);
#1427=EDGE_CURVE('',#2023,#2022,#76,.T.);
#1428=EDGE_CURVE('',#2023,#2024,#2400,.F.);
#1429=EDGE_CURVE('',#2025,#2024,#77,.T.);
#1430=EDGE_CURVE('',#2025,#2026,#2401,.T.);
#1431=EDGE_CURVE('',#2027,#2026,#78,.T.);
#1432=EDGE_CURVE('',#2027,#2028,#2402,.F.);
#1433=EDGE_CURVE('',#2029,#2028,#79,.T.);
#1434=EDGE_CURVE('',#2029,#2030,#2403,.T.);
#1435=EDGE_CURVE('',#2031,#2030,#80,.T.);
#1436=EDGE_CURVE('',#2031,#2032,#2404,.F.);
#1437=EDGE_CURVE('',#2033,#2032,#81,.T.);
#1438=EDGE_CURVE('',#2033,#2034,#2405,.T.);
#1439=EDGE_CURVE('',#2035,#2034,#82,.T.);
#1440=EDGE_CURVE('',#2035,#2036,#2406,.F.);
#1441=EDGE_CURVE('',#2037,#2036,#83,.T.);
#1442=EDGE_CURVE('',#2037,#2038,#2407,.T.);
#1443=EDGE_CURVE('',#2039,#2038,#84,.T.);
#1444=EDGE_CURVE('',#2039,#2040,#2408,.F.);
#1445=EDGE_CURVE('',#2041,#2040,#85,.T.);
#1446=EDGE_CURVE('',#2041,#2042,#2409,.T.);
#1447=EDGE_CURVE('',#2043,#2042,#86,.T.);
#1448=EDGE_CURVE('',#2043,#2044,#2410,.F.);
#1449=EDGE_CURVE('',#2045,#2044,#87,.T.);
#1450=EDGE_CURVE('',#2045,#2046,#2411,.T.);
#1451=EDGE_CURVE('',#2047,#2046,#88,.T.);
#1452=EDGE_CURVE('',#2047,#2048,#2412,.F.);
#1453=EDGE_CURVE('',#2049,#2048,#89,.T.);
#1454=EDGE_CURVE('',#2049,#2050,#2413,.T.);
#1455=EDGE_CURVE('',#2051,#2050,#90,.T.);
#1456=EDGE_CURVE('',#2051,#2052,#2414,.F.);
#1457=EDGE_CURVE('',#2053,#2052,#91,.T.);
#1458=EDGE_CURVE('',#2053,#2054,#2415,.T.);
#1459=EDGE_CURVE('',#2055,#2054,#92,.T.);
#1460=EDGE_CURVE('',#2055,#1976,#2416,.F.);
#1461=EDGE_CURVE('',#1977,#2056,#2417,.T.);
#1462=EDGE_CURVE('',#2057,#2056,#93,.T.);
#1463=EDGE_CURVE('',#2057,#1980,#2418,.F.);
#1464=EDGE_CURVE('',#1978,#2058,#2419,.T.);
#1465=EDGE_CURVE('',#2059,#2058,#94,.T.);
#1466=EDGE_CURVE('',#2059,#1982,#2420,.F.);
#1467=EDGE_CURVE('',#1983,#2060,#2421,.T.);
#1468=EDGE_CURVE('',#2061,#2060,#95,.T.);
#1469=EDGE_CURVE('',#2061,#1986,#2422,.F.);
#1470=EDGE_CURVE('',#1984,#2062,#2423,.T.);
#1471=EDGE_CURVE('',#2063,#2062,#96,.T.);
#1472=EDGE_CURVE('',#2063,#1988,#2424,.F.);
#1473=EDGE_CURVE('',#1989,#2064,#2425,.T.);
#1474=EDGE_CURVE('',#2065,#2064,#97,.T.);
#1475=EDGE_CURVE('',#2065,#1992,#2426,.F.);
#1476=EDGE_CURVE('',#1990,#2066,#2427,.T.);
#1477=EDGE_CURVE('',#2067,#2066,#98,.T.);
#1478=EDGE_CURVE('',#2067,#1994,#2428,.F.);
#1479=EDGE_CURVE('',#1995,#2068,#2429,.T.);
#1480=EDGE_CURVE('',#2069,#2068,#99,.T.);
#1481=EDGE_CURVE('',#2069,#1998,#2430,.F.);
#1482=EDGE_CURVE('',#1996,#2070,#2431,.T.);
#1483=EDGE_CURVE('',#2071,#2070,#100,.T.);
#1484=EDGE_CURVE('',#2071,#2000,#2432,.F.);
#1485=EDGE_CURVE('',#2001,#2072,#2433,.T.);
#1486=EDGE_CURVE('',#2073,#2072,#101,.T.);
#1487=EDGE_CURVE('',#2073,#2004,#2434,.F.);
#1488=EDGE_CURVE('',#2002,#2007,#2435,.T.);
#1489=EDGE_CURVE('',#2074,#2052,#2436,.T.);
#1490=EDGE_CURVE('',#2053,#2074,#2437,.T.);
#1491=EDGE_CURVE('',#2049,#2075,#2438,.T.);
#1492=EDGE_CURVE('',#2075,#2048,#2439,.T.);
#1493=EDGE_CURVE('',#2045,#2076,#2440,.T.);
#1494=EDGE_CURVE('',#2076,#2044,#2441,.T.);
#1495=EDGE_CURVE('',#2041,#2077,#2442,.T.);
#1496=EDGE_CURVE('',#2077,#2040,#2443,.T.);
#1497=EDGE_CURVE('',#2037,#2078,#2444,.T.);
#1498=EDGE_CURVE('',#2078,#2036,#2445,.T.);
#1499=EDGE_CURVE('',#2033,#2079,#2446,.T.);
#1500=EDGE_CURVE('',#2079,#2032,#2447,.T.);
#1501=EDGE_CURVE('',#2029,#2080,#2448,.T.);
#1502=EDGE_CURVE('',#2080,#2028,#2449,.T.);
#1503=EDGE_CURVE('',#2025,#2081,#2450,.T.);
#1504=EDGE_CURVE('',#2081,#2024,#2451,.T.);
#1505=EDGE_CURVE('',#2021,#2082,#2452,.T.);
#1506=EDGE_CURVE('',#2082,#2020,#2453,.T.);
#1507=EDGE_CURVE('',#2013,#2083,#2454,.T.);
#1508=EDGE_CURVE('',#2083,#2012,#2455,.T.);
#1509=EDGE_CURVE('',#2084,#2074,#2456,.T.);
#1510=EDGE_CURVE('',#2085,#2084,#2457,.T.);
#1511=EDGE_CURVE('',#2085,#2086,#102,.T.);
#1512=EDGE_CURVE('',#2087,#2086,#2458,.T.);
#1513=EDGE_CURVE('',#2087,#2054,#2459,.T.);
#1514=EDGE_CURVE('',#2088,#2008,#2460,.T.);
#1515=EDGE_CURVE('',#2009,#2088,#2461,.T.);
#1516=EDGE_CURVE('',#2017,#2089,#2462,.T.);
#1517=EDGE_CURVE('',#2089,#2016,#2463,.T.);
#1518=EDGE_CURVE('',#2087,#2090,#2464,.T.);
#1519=EDGE_CURVE('',#2090,#2091,#2465,.T.);
#1520=EDGE_CURVE('',#2092,#2091,#2466,.T.);
#1521=EDGE_CURVE('',#2055,#2092,#2467,.T.);
#1522=EDGE_CURVE('',#2083,#2093,#2468,.T.);
#1523=EDGE_CURVE('',#2011,#2094,#2469,.T.);
#1524=EDGE_CURVE('',#2094,#2095,#2470,.T.);
#1525=EDGE_CURVE('',#2095,#2096,#103,.T.);
#1526=EDGE_CURVE('',#2093,#2096,#2471,.T.);
#1527=EDGE_CURVE('',#2097,#2098,#2472,.T.);
#1528=EDGE_CURVE('',#2097,#2099,#2473,.T.);
#1529=EDGE_CURVE('',#2099,#2100,#104,.F.);
#1530=EDGE_CURVE('',#2100,#2101,#2474,.T.);
#1531=EDGE_CURVE('',#2101,#2102,#105,.F.);
#1532=EDGE_CURVE('',#2098,#2102,#2475,.T.);
#1533=EDGE_CURVE('',#2086,#2103,#2476,.T.);
#1534=EDGE_CURVE('',#2090,#2103,#2477,.T.);
#1535=EDGE_CURVE('',#2104,#2010,#2478,.T.);
#1536=EDGE_CURVE('',#2104,#2097,#2479,.T.);
#1537=EDGE_CURVE('',#2094,#2098,#2480,.T.);
#1538=EDGE_CURVE('',#2102,#2095,#2481,.F.);
#1539=EDGE_CURVE('',#2100,#2105,#2482,.F.);
#1540=EDGE_CURVE('',#2105,#2106,#2483,.T.);
#1541=EDGE_CURVE('',#2106,#2107,#2484,.T.);
#1542=EDGE_CURVE('',#2107,#2108,#2485,.T.);
#1543=EDGE_CURVE('',#2109,#2108,#2486,.T.);
#1544=EDGE_CURVE('',#2109,#2110,#2487,.F.);
#1545=EDGE_CURVE('',#2110,#2111,#2488,.T.);
#1546=EDGE_CURVE('',#2111,#2112,#2489,.T.);
#1547=EDGE_CURVE('',#2112,#2113,#2490,.T.);
#1548=EDGE_CURVE('',#2114,#2113,#2491,.T.);
#1549=EDGE_CURVE('',#2114,#2115,#2492,.F.);
#1550=EDGE_CURVE('',#2115,#2116,#2493,.T.);
#1551=EDGE_CURVE('',#2116,#2117,#2494,.T.);
#1552=EDGE_CURVE('',#2117,#2118,#2495,.T.);
#1553=EDGE_CURVE('',#2119,#2118,#2496,.T.);
#1554=EDGE_CURVE('',#2119,#2120,#2497,.F.);
#1555=EDGE_CURVE('',#2120,#2121,#2498,.T.);
#1556=EDGE_CURVE('',#2121,#2122,#2499,.T.);
#1557=EDGE_CURVE('',#2122,#2123,#2500,.T.);
#1558=EDGE_CURVE('',#2124,#2123,#2501,.T.);
#1559=EDGE_CURVE('',#2124,#2125,#2502,.F.);
#1560=EDGE_CURVE('',#2125,#2126,#2503,.T.);
#1561=EDGE_CURVE('',#2126,#2127,#2504,.T.);
#1562=EDGE_CURVE('',#2127,#2128,#2505,.T.);
#1563=EDGE_CURVE('',#2129,#2128,#2506,.T.);
#1564=EDGE_CURVE('',#2129,#2130,#2507,.F.);
#1565=EDGE_CURVE('',#2130,#2131,#2508,.T.);
#1566=EDGE_CURVE('',#2131,#2132,#2509,.T.);
#1567=EDGE_CURVE('',#2132,#2133,#2510,.T.);
#1568=EDGE_CURVE('',#2134,#2133,#2511,.T.);
#1569=EDGE_CURVE('',#2134,#2135,#2512,.F.);
#1570=EDGE_CURVE('',#2135,#2136,#2513,.T.);
#1571=EDGE_CURVE('',#2136,#2137,#2514,.T.);
#1572=EDGE_CURVE('',#2137,#2138,#2515,.T.);
#1573=EDGE_CURVE('',#2139,#2138,#2516,.T.);
#1574=EDGE_CURVE('',#2139,#2140,#2517,.F.);
#1575=EDGE_CURVE('',#2140,#2141,#2518,.T.);
#1576=EDGE_CURVE('',#2141,#2142,#2519,.T.);
#1577=EDGE_CURVE('',#2142,#2143,#2520,.T.);
#1578=EDGE_CURVE('',#2144,#2143,#2521,.T.);
#1579=EDGE_CURVE('',#2144,#2145,#2522,.F.);
#1580=EDGE_CURVE('',#2145,#2146,#2523,.T.);
#1581=EDGE_CURVE('',#2146,#2147,#2524,.T.);
#1582=EDGE_CURVE('',#2147,#2148,#2525,.T.);
#1583=EDGE_CURVE('',#2149,#2148,#2526,.T.);
#1584=EDGE_CURVE('',#2149,#2150,#2527,.F.);
#1585=EDGE_CURVE('',#2150,#2151,#2528,.T.);
#1586=EDGE_CURVE('',#2151,#2152,#2529,.T.);
#1587=EDGE_CURVE('',#2152,#2153,#2530,.T.);
#1588=EDGE_CURVE('',#2154,#2153,#2531,.T.);
#1589=EDGE_CURVE('',#2154,#2155,#2532,.F.);
#1590=EDGE_CURVE('',#2155,#2156,#2533,.T.);
#1591=EDGE_CURVE('',#2156,#2157,#2534,.T.);
#1592=EDGE_CURVE('',#2157,#2158,#2535,.T.);
#1593=EDGE_CURVE('',#2159,#2158,#2536,.T.);
#1594=EDGE_CURVE('',#2159,#2085,#2537,.F.);
#1595=EDGE_CURVE('',#2084,#2160,#2538,.T.);
#1596=EDGE_CURVE('',#2160,#2161,#2539,.T.);
#1597=EDGE_CURVE('',#2162,#2161,#2540,.T.);
#1598=EDGE_CURVE('',#2162,#2163,#2541,.F.);
#1599=EDGE_CURVE('',#2163,#2164,#2542,.T.);
#1600=EDGE_CURVE('',#2164,#2165,#2543,.T.);
#1601=EDGE_CURVE('',#2165,#2166,#2544,.T.);
#1602=EDGE_CURVE('',#2167,#2166,#2545,.T.);
#1603=EDGE_CURVE('',#2167,#2168,#2546,.F.);
#1604=EDGE_CURVE('',#2168,#2169,#2547,.T.);
#1605=EDGE_CURVE('',#2169,#2170,#2548,.T.);
#1606=EDGE_CURVE('',#2170,#2171,#2549,.T.);
#1607=EDGE_CURVE('',#2172,#2171,#2550,.T.);
#1608=EDGE_CURVE('',#2172,#2173,#2551,.F.);
#1609=EDGE_CURVE('',#2173,#2174,#2552,.T.);
#1610=EDGE_CURVE('',#2174,#2175,#2553,.T.);
#1611=EDGE_CURVE('',#2175,#2176,#2554,.T.);
#1612=EDGE_CURVE('',#2177,#2176,#2555,.T.);
#1613=EDGE_CURVE('',#2177,#2178,#2556,.F.);
#1614=EDGE_CURVE('',#2178,#2179,#2557,.T.);
#1615=EDGE_CURVE('',#2179,#2180,#2558,.T.);
#1616=EDGE_CURVE('',#2180,#2181,#2559,.T.);
#1617=EDGE_CURVE('',#2182,#2181,#2560,.T.);
#1618=EDGE_CURVE('',#2182,#2183,#2561,.F.);
#1619=EDGE_CURVE('',#2183,#2184,#2562,.T.);
#1620=EDGE_CURVE('',#2184,#2185,#2563,.T.);
#1621=EDGE_CURVE('',#2185,#2186,#2564,.T.);
#1622=EDGE_CURVE('',#2187,#2186,#2565,.T.);
#1623=EDGE_CURVE('',#2187,#2188,#2566,.F.);
#1624=EDGE_CURVE('',#2188,#2189,#2567,.T.);
#1625=EDGE_CURVE('',#2189,#2190,#2568,.T.);
#1626=EDGE_CURVE('',#2190,#2191,#2569,.T.);
#1627=EDGE_CURVE('',#2192,#2191,#2570,.T.);
#1628=EDGE_CURVE('',#2192,#2193,#2571,.F.);
#1629=EDGE_CURVE('',#2193,#2194,#2572,.T.);
#1630=EDGE_CURVE('',#2194,#2195,#2573,.T.);
#1631=EDGE_CURVE('',#2195,#2196,#2574,.T.);
#1632=EDGE_CURVE('',#2197,#2196,#2575,.T.);
#1633=EDGE_CURVE('',#2197,#2198,#2576,.F.);
#1634=EDGE_CURVE('',#2198,#2199,#2577,.T.);
#1635=EDGE_CURVE('',#2199,#2200,#2578,.T.);
#1636=EDGE_CURVE('',#2200,#2201,#2579,.T.);
#1637=EDGE_CURVE('',#2202,#2201,#2580,.T.);
#1638=EDGE_CURVE('',#2202,#2203,#2581,.F.);
#1639=EDGE_CURVE('',#2203,#2204,#2582,.T.);
#1640=EDGE_CURVE('',#2204,#2205,#2583,.T.);
#1641=EDGE_CURVE('',#2205,#2206,#2584,.T.);
#1642=EDGE_CURVE('',#2207,#2206,#2585,.T.);
#1643=EDGE_CURVE('',#2207,#2208,#2586,.F.);
#1644=EDGE_CURVE('',#2208,#2093,#2587,.T.);
#1645=EDGE_CURVE('',#2096,#2101,#2588,.T.);
#1646=EDGE_CURVE('',#2103,#2159,#106,.F.);
#1647=EDGE_CURVE('',#2209,#2210,#2589,.T.);
#1648=EDGE_CURVE('',#2210,#2211,#2590,.F.);
#1649=EDGE_CURVE('',#2212,#2211,#2591,.T.);
#1650=EDGE_CURVE('',#2212,#2209,#2592,.T.);
#1651=EDGE_CURVE('',#2213,#2214,#2593,.T.);
#1652=EDGE_CURVE('',#2214,#2215,#2594,.T.);
#1653=EDGE_CURVE('',#2216,#2215,#2595,.T.);
#1654=EDGE_CURVE('',#2213,#2216,#2596,.T.);
#1655=EDGE_CURVE('',#2217,#2218,#2597,.T.);
#1656=EDGE_CURVE('',#2218,#2219,#2598,.F.);
#1657=EDGE_CURVE('',#2220,#2219,#2599,.T.);
#1658=EDGE_CURVE('',#2220,#2217,#2600,.T.);
#1659=EDGE_CURVE('',#2221,#2222,#2601,.T.);
#1660=EDGE_CURVE('',#2222,#2223,#2602,.T.);
#1661=EDGE_CURVE('',#2224,#2223,#2603,.T.);
#1662=EDGE_CURVE('',#2221,#2224,#2604,.T.);
#1663=EDGE_CURVE('',#2225,#2226,#2605,.T.);
#1664=EDGE_CURVE('',#2226,#2227,#2606,.F.);
#1665=EDGE_CURVE('',#2228,#2227,#2607,.T.);
#1666=EDGE_CURVE('',#2228,#2225,#2608,.T.);
#1667=EDGE_CURVE('',#2229,#2230,#2609,.T.);
#1668=EDGE_CURVE('',#2230,#2231,#2610,.T.);
#1669=EDGE_CURVE('',#2232,#2231,#2611,.T.);
#1670=EDGE_CURVE('',#2229,#2232,#2612,.T.);
#1671=EDGE_CURVE('',#2233,#2234,#2613,.T.);
#1672=EDGE_CURVE('',#2234,#2235,#2614,.F.);
#1673=EDGE_CURVE('',#2236,#2235,#2615,.T.);
#1674=EDGE_CURVE('',#2236,#2233,#2616,.T.);
#1675=EDGE_CURVE('',#2237,#2238,#2617,.T.);
#1676=EDGE_CURVE('',#2238,#2239,#2618,.T.);
#1677=EDGE_CURVE('',#2240,#2239,#2619,.T.);
#1678=EDGE_CURVE('',#2237,#2240,#2620,.T.);
#1679=EDGE_CURVE('',#2241,#2242,#2621,.T.);
#1680=EDGE_CURVE('',#2242,#2243,#2622,.F.);
#1681=EDGE_CURVE('',#2244,#2243,#2623,.T.);
#1682=EDGE_CURVE('',#2244,#2241,#2624,.T.);
#1683=EDGE_CURVE('',#2245,#2246,#2625,.T.);
#1684=EDGE_CURVE('',#2246,#2247,#2626,.T.);
#1685=EDGE_CURVE('',#2248,#2247,#2627,.T.);
#1686=EDGE_CURVE('',#2245,#2248,#2628,.T.);
#1687=EDGE_CURVE('',#2091,#2249,#2629,.T.);
#1688=EDGE_CURVE('',#2249,#2250,#2630,.F.);
#1689=EDGE_CURVE('',#2092,#2250,#2631,.T.);
#1690=EDGE_CURVE('',#2251,#2252,#2632,.T.);
#1691=EDGE_CURVE('',#2252,#2253,#2633,.T.);
#1692=EDGE_CURVE('',#2254,#2253,#2634,.T.);
#1693=EDGE_CURVE('',#2251,#2254,#2635,.T.);
#1694=EDGE_CURVE('',#2255,#2256,#2636,.T.);
#1695=EDGE_CURVE('',#2256,#2257,#2637,.F.);
#1696=EDGE_CURVE('',#2258,#2257,#2638,.T.);
#1697=EDGE_CURVE('',#2258,#2255,#2639,.T.);
#1698=EDGE_CURVE('',#2259,#2260,#2640,.T.);
#1699=EDGE_CURVE('',#2260,#2261,#2641,.T.);
#1700=EDGE_CURVE('',#2262,#2261,#2642,.T.);
#1701=EDGE_CURVE('',#2259,#2262,#2643,.T.);
#1702=EDGE_CURVE('',#2263,#2264,#2644,.T.);
#1703=EDGE_CURVE('',#2264,#2265,#2645,.F.);
#1704=EDGE_CURVE('',#2266,#2265,#2646,.T.);
#1705=EDGE_CURVE('',#2266,#2263,#2647,.T.);
#1706=EDGE_CURVE('',#2267,#2268,#2648,.T.);
#1707=EDGE_CURVE('',#2268,#2269,#2649,.T.);
#1708=EDGE_CURVE('',#2270,#2269,#2650,.T.);
#1709=EDGE_CURVE('',#2267,#2270,#2651,.T.);
#1710=EDGE_CURVE('',#2271,#2272,#2652,.T.);
#1711=EDGE_CURVE('',#2272,#2273,#2653,.F.);
#1712=EDGE_CURVE('',#2274,#2273,#2654,.T.);
#1713=EDGE_CURVE('',#2274,#2271,#2655,.T.);
#1714=EDGE_CURVE('',#2275,#2276,#2656,.T.);
#1715=EDGE_CURVE('',#2276,#2277,#2657,.T.);
#1716=EDGE_CURVE('',#2278,#2277,#2658,.T.);
#1717=EDGE_CURVE('',#2275,#2278,#2659,.T.);
#1718=EDGE_CURVE('',#2279,#2280,#2660,.T.);
#1719=EDGE_CURVE('',#2280,#2281,#2661,.F.);
#1720=EDGE_CURVE('',#2282,#2281,#2662,.T.);
#1721=EDGE_CURVE('',#2282,#2279,#2663,.T.);
#1722=EDGE_CURVE('',#2283,#2284,#2664,.T.);
#1723=EDGE_CURVE('',#2284,#2285,#2665,.T.);
#1724=EDGE_CURVE('',#2286,#2285,#2666,.T.);
#1725=EDGE_CURVE('',#2283,#2286,#2667,.T.);
#1726=EDGE_CURVE('',#2287,#2288,#2668,.T.);
#1727=EDGE_CURVE('',#2288,#2289,#2669,.F.);
#1728=EDGE_CURVE('',#2290,#2289,#2670,.T.);
#1729=EDGE_CURVE('',#2290,#2287,#2671,.T.);
#1730=EDGE_CURVE('',#2250,#2157,#107,.T.);
#1731=EDGE_CURVE('',#2158,#2249,#108,.F.);
#1732=EDGE_CURVE('',#2155,#2252,#109,.T.);
#1733=EDGE_CURVE('',#2253,#2154,#110,.F.);
#1734=EDGE_CURVE('',#2254,#2255,#2672,.T.);
#1735=EDGE_CURVE('',#2153,#2256,#111,.F.);
#1736=EDGE_CURVE('',#2257,#2152,#112,.T.);
#1737=EDGE_CURVE('',#2150,#2246,#113,.T.);
#1738=EDGE_CURVE('',#2247,#2149,#114,.F.);
#1739=EDGE_CURVE('',#2248,#2241,#2673,.T.);
#1740=EDGE_CURVE('',#2148,#2242,#115,.F.);
#1741=EDGE_CURVE('',#2243,#2147,#116,.T.);
#1742=EDGE_CURVE('',#2145,#2260,#117,.T.);
#1743=EDGE_CURVE('',#2261,#2144,#118,.F.);
#1744=EDGE_CURVE('',#2262,#2263,#2674,.T.);
#1745=EDGE_CURVE('',#2143,#2264,#119,.F.);
#1746=EDGE_CURVE('',#2265,#2142,#120,.T.);
#1747=EDGE_CURVE('',#2140,#2238,#121,.T.);
#1748=EDGE_CURVE('',#2239,#2139,#122,.F.);
#1749=EDGE_CURVE('',#2240,#2233,#2675,.T.);
#1750=EDGE_CURVE('',#2138,#2234,#123,.F.);
#1751=EDGE_CURVE('',#2235,#2137,#124,.T.);
#1752=EDGE_CURVE('',#2135,#2268,#125,.T.);
#1753=EDGE_CURVE('',#2269,#2134,#126,.F.);
#1754=EDGE_CURVE('',#2270,#2271,#2676,.T.);
#1755=EDGE_CURVE('',#2133,#2272,#127,.F.);
#1756=EDGE_CURVE('',#2273,#2132,#128,.T.);
#1757=EDGE_CURVE('',#2130,#2230,#129,.T.);
#1758=EDGE_CURVE('',#2231,#2129,#130,.F.);
#1759=EDGE_CURVE('',#2232,#2225,#2677,.T.);
#1760=EDGE_CURVE('',#2128,#2226,#131,.F.);
#1761=EDGE_CURVE('',#2227,#2127,#132,.T.);
#1762=EDGE_CURVE('',#2125,#2276,#133,.T.);
#1763=EDGE_CURVE('',#2277,#2124,#134,.F.);
#1764=EDGE_CURVE('',#2278,#2279,#2678,.T.);
#1765=EDGE_CURVE('',#2123,#2280,#135,.F.);
#1766=EDGE_CURVE('',#2281,#2122,#136,.T.);
#1767=EDGE_CURVE('',#2120,#2222,#137,.T.);
#1768=EDGE_CURVE('',#2223,#2119,#138,.F.);
#1769=EDGE_CURVE('',#2224,#2217,#2679,.T.);
#1770=EDGE_CURVE('',#2118,#2218,#139,.F.);
#1771=EDGE_CURVE('',#2219,#2117,#140,.T.);
#1772=EDGE_CURVE('',#2115,#2284,#141,.T.);
#1773=EDGE_CURVE('',#2285,#2114,#142,.F.);
#1774=EDGE_CURVE('',#2286,#2287,#2680,.T.);
#1775=EDGE_CURVE('',#2113,#2288,#143,.F.);
#1776=EDGE_CURVE('',#2289,#2112,#144,.T.);
#1777=EDGE_CURVE('',#2110,#2214,#145,.T.);
#1778=EDGE_CURVE('',#2215,#2109,#146,.F.);
#1779=EDGE_CURVE('',#2216,#2209,#2681,.T.);
#1780=EDGE_CURVE('',#2108,#2210,#147,.F.);
#1781=EDGE_CURVE('',#2211,#2107,#148,.T.);
#1782=EDGE_CURVE('',#2088,#2106,#2682,.T.);
#1783=EDGE_CURVE('',#2105,#2291,#149,.T.);
#1784=EDGE_CURVE('',#2104,#2291,#2683,.T.);
#1785=EDGE_CURVE('',#2003,#2111,#2684,.T.);
#1786=EDGE_CURVE('',#2073,#2290,#2685,.T.);
#1787=EDGE_CURVE('',#2283,#2072,#2686,.T.);
#1788=EDGE_CURVE('',#1999,#2116,#2687,.T.);
#1789=EDGE_CURVE('',#1997,#2121,#2688,.T.);
#1790=EDGE_CURVE('',#2069,#2282,#2689,.T.);
#1791=EDGE_CURVE('',#2275,#2068,#2690,.T.);
#1792=EDGE_CURVE('',#1993,#2126,#2691,.T.);
#1793=EDGE_CURVE('',#1991,#2131,#2692,.T.);
#1794=EDGE_CURVE('',#2065,#2274,#2693,.T.);
#1795=EDGE_CURVE('',#2267,#2064,#2694,.T.);
#1796=EDGE_CURVE('',#1987,#2136,#2695,.T.);
#1797=EDGE_CURVE('',#1985,#2141,#2696,.T.);
#1798=EDGE_CURVE('',#2061,#2266,#2697,.T.);
#1799=EDGE_CURVE('',#2259,#2060,#2698,.T.);
#1800=EDGE_CURVE('',#1981,#2146,#2699,.T.);
#1801=EDGE_CURVE('',#1979,#2151,#2700,.T.);
#1802=EDGE_CURVE('',#2057,#2258,#2701,.T.);
#1803=EDGE_CURVE('',#2251,#2056,#2702,.T.);
#1804=EDGE_CURVE('',#1975,#2156,#2703,.T.);
#1805=EDGE_CURVE('',#2245,#2058,#2704,.T.);
#1806=EDGE_CURVE('',#2059,#2244,#2705,.T.);
#1807=EDGE_CURVE('',#2237,#2062,#2706,.T.);
#1808=EDGE_CURVE('',#2063,#2236,#2707,.T.);
#1809=EDGE_CURVE('',#2229,#2066,#2708,.T.);
#1810=EDGE_CURVE('',#2067,#2228,#2709,.T.);
#1811=EDGE_CURVE('',#2221,#2070,#2710,.T.);
#1812=EDGE_CURVE('',#2071,#2220,#2711,.T.);
#1813=EDGE_CURVE('',#2213,#2007,#2712,.T.);
#1814=EDGE_CURVE('',#2006,#2212,#2713,.T.);
#1815=EDGE_CURVE('',#2291,#2099,#2714,.T.);
#1816=EDGE_CURVE('',#2164,#2075,#2715,.T.);
#1817=EDGE_CURVE('',#2163,#2292,#150,.T.);
#1818=EDGE_CURVE('',#2293,#2292,#2716,.T.);
#1819=EDGE_CURVE('',#2293,#2050,#2717,.T.);
#1820=EDGE_CURVE('',#2293,#2294,#2718,.T.);
#1821=EDGE_CURVE('',#2294,#2295,#2719,.T.);
#1822=EDGE_CURVE('',#2296,#2295,#2720,.T.);
#1823=EDGE_CURVE('',#2051,#2296,#2721,.T.);
#1824=EDGE_CURVE('',#2292,#2297,#2722,.T.);
#1825=EDGE_CURVE('',#2294,#2297,#2723,.T.);
#1826=EDGE_CURVE('',#2297,#2162,#151,.F.);
#1827=EDGE_CURVE('',#2295,#2298,#2724,.T.);
#1828=EDGE_CURVE('',#2298,#2299,#2725,.F.);
#1829=EDGE_CURVE('',#2296,#2299,#2726,.T.);
#1830=EDGE_CURVE('',#2299,#2160,#152,.T.);
#1831=EDGE_CURVE('',#2161,#2298,#153,.F.);
#1832=EDGE_CURVE('',#2169,#2076,#2727,.T.);
#1833=EDGE_CURVE('',#2168,#2300,#154,.T.);
#1834=EDGE_CURVE('',#2301,#2300,#2728,.T.);
#1835=EDGE_CURVE('',#2301,#2046,#2729,.T.);
#1836=EDGE_CURVE('',#2301,#2302,#2730,.T.);
#1837=EDGE_CURVE('',#2302,#2303,#2731,.T.);
#1838=EDGE_CURVE('',#2304,#2303,#2732,.T.);
#1839=EDGE_CURVE('',#2047,#2304,#2733,.T.);
#1840=EDGE_CURVE('',#2300,#2305,#2734,.T.);
#1841=EDGE_CURVE('',#2302,#2305,#2735,.T.);
#1842=EDGE_CURVE('',#2305,#2167,#155,.F.);
#1843=EDGE_CURVE('',#2303,#2306,#2736,.T.);
#1844=EDGE_CURVE('',#2306,#2307,#2737,.F.);
#1845=EDGE_CURVE('',#2304,#2307,#2738,.T.);
#1846=EDGE_CURVE('',#2307,#2165,#156,.T.);
#1847=EDGE_CURVE('',#2166,#2306,#157,.F.);
#1848=EDGE_CURVE('',#2174,#2077,#2739,.T.);
#1849=EDGE_CURVE('',#2173,#2308,#158,.T.);
#1850=EDGE_CURVE('',#2309,#2308,#2740,.T.);
#1851=EDGE_CURVE('',#2309,#2042,#2741,.T.);
#1852=EDGE_CURVE('',#2309,#2310,#2742,.T.);
#1853=EDGE_CURVE('',#2310,#2311,#2743,.T.);
#1854=EDGE_CURVE('',#2312,#2311,#2744,.T.);
#1855=EDGE_CURVE('',#2043,#2312,#2745,.T.);
#1856=EDGE_CURVE('',#2308,#2313,#2746,.T.);
#1857=EDGE_CURVE('',#2310,#2313,#2747,.T.);
#1858=EDGE_CURVE('',#2313,#2172,#159,.F.);
#1859=EDGE_CURVE('',#2311,#2314,#2748,.T.);
#1860=EDGE_CURVE('',#2314,#2315,#2749,.F.);
#1861=EDGE_CURVE('',#2312,#2315,#2750,.T.);
#1862=EDGE_CURVE('',#2315,#2170,#160,.T.);
#1863=EDGE_CURVE('',#2171,#2314,#161,.F.);
#1864=EDGE_CURVE('',#2179,#2078,#2751,.T.);
#1865=EDGE_CURVE('',#2178,#2316,#162,.T.);
#1866=EDGE_CURVE('',#2317,#2316,#2752,.T.);
#1867=EDGE_CURVE('',#2317,#2038,#2753,.T.);
#1868=EDGE_CURVE('',#2317,#2318,#2754,.T.);
#1869=EDGE_CURVE('',#2318,#2319,#2755,.T.);
#1870=EDGE_CURVE('',#2320,#2319,#2756,.T.);
#1871=EDGE_CURVE('',#2039,#2320,#2757,.T.);
#1872=EDGE_CURVE('',#2316,#2321,#2758,.T.);
#1873=EDGE_CURVE('',#2318,#2321,#2759,.T.);
#1874=EDGE_CURVE('',#2321,#2177,#163,.F.);
#1875=EDGE_CURVE('',#2319,#2322,#2760,.T.);
#1876=EDGE_CURVE('',#2322,#2323,#2761,.F.);
#1877=EDGE_CURVE('',#2320,#2323,#2762,.T.);
#1878=EDGE_CURVE('',#2323,#2175,#164,.T.);
#1879=EDGE_CURVE('',#2176,#2322,#165,.F.);
#1880=EDGE_CURVE('',#2184,#2079,#2763,.T.);
#1881=EDGE_CURVE('',#2183,#2324,#166,.T.);
#1882=EDGE_CURVE('',#2325,#2324,#2764,.T.);
#1883=EDGE_CURVE('',#2325,#2034,#2765,.T.);
#1884=EDGE_CURVE('',#2325,#2326,#2766,.T.);
#1885=EDGE_CURVE('',#2326,#2327,#2767,.T.);
#1886=EDGE_CURVE('',#2328,#2327,#2768,.T.);
#1887=EDGE_CURVE('',#2035,#2328,#2769,.T.);
#1888=EDGE_CURVE('',#2324,#2329,#2770,.T.);
#1889=EDGE_CURVE('',#2326,#2329,#2771,.T.);
#1890=EDGE_CURVE('',#2329,#2182,#167,.F.);
#1891=EDGE_CURVE('',#2327,#2330,#2772,.T.);
#1892=EDGE_CURVE('',#2330,#2331,#2773,.F.);
#1893=EDGE_CURVE('',#2328,#2331,#2774,.T.);
#1894=EDGE_CURVE('',#2331,#2180,#168,.T.);
#1895=EDGE_CURVE('',#2181,#2330,#169,.F.);
#1896=EDGE_CURVE('',#2189,#2080,#2775,.T.);
#1897=EDGE_CURVE('',#2188,#2332,#170,.T.);
#1898=EDGE_CURVE('',#2333,#2332,#2776,.T.);
#1899=EDGE_CURVE('',#2333,#2030,#2777,.T.);
#1900=EDGE_CURVE('',#2333,#2334,#2778,.T.);
#1901=EDGE_CURVE('',#2334,#2335,#2779,.T.);
#1902=EDGE_CURVE('',#2336,#2335,#2780,.T.);
#1903=EDGE_CURVE('',#2031,#2336,#2781,.T.);
#1904=EDGE_CURVE('',#2332,#2337,#2782,.T.);
#1905=EDGE_CURVE('',#2334,#2337,#2783,.T.);
#1906=EDGE_CURVE('',#2337,#2187,#171,.F.);
#1907=EDGE_CURVE('',#2335,#2338,#2784,.T.);
#1908=EDGE_CURVE('',#2338,#2339,#2785,.F.);
#1909=EDGE_CURVE('',#2336,#2339,#2786,.T.);
#1910=EDGE_CURVE('',#2339,#2185,#172,.T.);
#1911=EDGE_CURVE('',#2186,#2338,#173,.F.);
#1912=EDGE_CURVE('',#2194,#2081,#2787,.T.);
#1913=EDGE_CURVE('',#2193,#2340,#174,.T.);
#1914=EDGE_CURVE('',#2341,#2340,#2788,.T.);
#1915=EDGE_CURVE('',#2341,#2026,#2789,.T.);
#1916=EDGE_CURVE('',#2341,#2342,#2790,.T.);
#1917=EDGE_CURVE('',#2342,#2343,#2791,.T.);
#1918=EDGE_CURVE('',#2344,#2343,#2792,.T.);
#1919=EDGE_CURVE('',#2027,#2344,#2793,.T.);
#1920=EDGE_CURVE('',#2340,#2345,#2794,.T.);
#1921=EDGE_CURVE('',#2342,#2345,#2795,.T.);
#1922=EDGE_CURVE('',#2345,#2192,#175,.F.);
#1923=EDGE_CURVE('',#2343,#2346,#2796,.T.);
#1924=EDGE_CURVE('',#2346,#2347,#2797,.F.);
#1925=EDGE_CURVE('',#2344,#2347,#2798,.T.);
#1926=EDGE_CURVE('',#2347,#2190,#176,.T.);
#1927=EDGE_CURVE('',#2191,#2346,#177,.F.);
#1928=EDGE_CURVE('',#2199,#2082,#2799,.T.);
#1929=EDGE_CURVE('',#2198,#2348,#178,.T.);
#1930=EDGE_CURVE('',#2349,#2348,#2800,.T.);
#1931=EDGE_CURVE('',#2349,#2022,#2801,.T.);
#1932=EDGE_CURVE('',#2349,#2350,#2802,.T.);
#1933=EDGE_CURVE('',#2350,#2351,#2803,.T.);
#1934=EDGE_CURVE('',#2352,#2351,#2804,.T.);
#1935=EDGE_CURVE('',#2023,#2352,#2805,.T.);
#1936=EDGE_CURVE('',#2348,#2353,#2806,.T.);
#1937=EDGE_CURVE('',#2350,#2353,#2807,.T.);
#1938=EDGE_CURVE('',#2353,#2197,#179,.F.);
#1939=EDGE_CURVE('',#2351,#2354,#2808,.T.);
#1940=EDGE_CURVE('',#2354,#2355,#2809,.F.);
#1941=EDGE_CURVE('',#2352,#2355,#2810,.T.);
#1942=EDGE_CURVE('',#2355,#2195,#180,.T.);
#1943=EDGE_CURVE('',#2196,#2354,#181,.F.);
#1944=EDGE_CURVE('',#2204,#2089,#2811,.T.);
#1945=EDGE_CURVE('',#2203,#2356,#182,.T.);
#1946=EDGE_CURVE('',#2357,#2356,#2812,.T.);
#1947=EDGE_CURVE('',#2357,#2018,#2813,.T.);
#1948=EDGE_CURVE('',#2357,#2358,#2814,.T.);
#1949=EDGE_CURVE('',#2358,#2359,#2815,.T.);
#1950=EDGE_CURVE('',#2360,#2359,#2816,.T.);
#1951=EDGE_CURVE('',#2019,#2360,#2817,.T.);
#1952=EDGE_CURVE('',#2356,#2361,#2818,.T.);
#1953=EDGE_CURVE('',#2358,#2361,#2819,.T.);
#1954=EDGE_CURVE('',#2361,#2202,#183,.F.);
#1955=EDGE_CURVE('',#2359,#2362,#2820,.T.);
#1956=EDGE_CURVE('',#2362,#2363,#2821,.F.);
#1957=EDGE_CURVE('',#2360,#2363,#2822,.T.);
#1958=EDGE_CURVE('',#2363,#2200,#184,.T.);
#1959=EDGE_CURVE('',#2201,#2362,#185,.F.);
#1960=EDGE_CURVE('',#2208,#2364,#186,.T.);
#1961=EDGE_CURVE('',#2365,#2364,#2823,.T.);
#1962=EDGE_CURVE('',#2365,#2014,#2824,.T.);
#1963=EDGE_CURVE('',#2365,#2366,#2825,.T.);
#1964=EDGE_CURVE('',#2366,#2367,#2826,.T.);
#1965=EDGE_CURVE('',#2368,#2367,#2827,.T.);
#1966=EDGE_CURVE('',#2015,#2368,#2828,.T.);
#1967=EDGE_CURVE('',#2364,#2369,#2829,.T.);
#1968=EDGE_CURVE('',#2366,#2369,#2830,.T.);
#1969=EDGE_CURVE('',#2369,#2207,#187,.F.);
#1970=EDGE_CURVE('',#2368,#2370,#2831,.T.);
#1971=EDGE_CURVE('',#2370,#2205,#188,.T.);
#1972=EDGE_CURVE('',#2371,#2370,#2832,.F.);
#1973=EDGE_CURVE('',#2206,#2371,#189,.F.);
#1974=EDGE_CURVE('',#2367,#2371,#2833,.T.);
#1975=VERTEX_POINT('',#5539);
#1976=VERTEX_POINT('',#5540);
#1977=VERTEX_POINT('',#5542);
#1978=VERTEX_POINT('',#5546);
#1979=VERTEX_POINT('',#5547);
#1980=VERTEX_POINT('',#5549);
#1981=VERTEX_POINT('',#5553);
#1982=VERTEX_POINT('',#5554);
#1983=VERTEX_POINT('',#5556);
#1984=VERTEX_POINT('',#5560);
#1985=VERTEX_POINT('',#5561);
#1986=VERTEX_POINT('',#5563);
#1987=VERTEX_POINT('',#5567);
#1988=VERTEX_POINT('',#5568);
#1989=VERTEX_POINT('',#5570);
#1990=VERTEX_POINT('',#5574);
#1991=VERTEX_POINT('',#5575);
#1992=VERTEX_POINT('',#5577);
#1993=VERTEX_POINT('',#5581);
#1994=VERTEX_POINT('',#5582);
#1995=VERTEX_POINT('',#5584);
#1996=VERTEX_POINT('',#5588);
#1997=VERTEX_POINT('',#5589);
#1998=VERTEX_POINT('',#5591);
#1999=VERTEX_POINT('',#5595);
#2000=VERTEX_POINT('',#5596);
#2001=VERTEX_POINT('',#5598);
#2002=VERTEX_POINT('',#5602);
#2003=VERTEX_POINT('',#5603);
#2004=VERTEX_POINT('',#5605);
#2005=VERTEX_POINT('',#5609);
#2006=VERTEX_POINT('',#5611);
#2007=VERTEX_POINT('',#5612);
#2008=VERTEX_POINT('',#5614);
#2009=VERTEX_POINT('',#5616);
#2010=VERTEX_POINT('',#5618);
#2011=VERTEX_POINT('',#5620);
#2012=VERTEX_POINT('',#5622);
#2013=VERTEX_POINT('',#5624);
#2014=VERTEX_POINT('',#5626);
#2015=VERTEX_POINT('',#5628);
#2016=VERTEX_POINT('',#5630);
#2017=VERTEX_POINT('',#5632);
#2018=VERTEX_POINT('',#5634);
#2019=VERTEX_POINT('',#5636);
#2020=VERTEX_POINT('',#5638);
#2021=VERTEX_POINT('',#5640);
#2022=VERTEX_POINT('',#5642);
#2023=VERTEX_POINT('',#5644);
#2024=VERTEX_POINT('',#5646);
#2025=VERTEX_POINT('',#5648);
#2026=VERTEX_POINT('',#5650);
#2027=VERTEX_POINT('',#5652);
#2028=VERTEX_POINT('',#5654);
#2029=VERTEX_POINT('',#5656);
#2030=VERTEX_POINT('',#5658);
#2031=VERTEX_POINT('',#5660);
#2032=VERTEX_POINT('',#5662);
#2033=VERTEX_POINT('',#5664);
#2034=VERTEX_POINT('',#5666);
#2035=VERTEX_POINT('',#5668);
#2036=VERTEX_POINT('',#5670);
#2037=VERTEX_POINT('',#5672);
#2038=VERTEX_POINT('',#5674);
#2039=VERTEX_POINT('',#5676);
#2040=VERTEX_POINT('',#5678);
#2041=VERTEX_POINT('',#5680);
#2042=VERTEX_POINT('',#5682);
#2043=VERTEX_POINT('',#5684);
#2044=VERTEX_POINT('',#5686);
#2045=VERTEX_POINT('',#5688);
#2046=VERTEX_POINT('',#5690);
#2047=VERTEX_POINT('',#5692);
#2048=VERTEX_POINT('',#5694);
#2049=VERTEX_POINT('',#5696);
#2050=VERTEX_POINT('',#5698);
#2051=VERTEX_POINT('',#5700);
#2052=VERTEX_POINT('',#5702);
#2053=VERTEX_POINT('',#5704);
#2054=VERTEX_POINT('',#5706);
#2055=VERTEX_POINT('',#5708);
#2056=VERTEX_POINT('',#5711);
#2057=VERTEX_POINT('',#5713);
#2058=VERTEX_POINT('',#5716);
#2059=VERTEX_POINT('',#5718);
#2060=VERTEX_POINT('',#5721);
#2061=VERTEX_POINT('',#5723);
#2062=VERTEX_POINT('',#5726);
#2063=VERTEX_POINT('',#5728);
#2064=VERTEX_POINT('',#5731);
#2065=VERTEX_POINT('',#5733);
#2066=VERTEX_POINT('',#5736);
#2067=VERTEX_POINT('',#5738);
#2068=VERTEX_POINT('',#5741);
#2069=VERTEX_POINT('',#5743);
#2070=VERTEX_POINT('',#5746);
#2071=VERTEX_POINT('',#5748);
#2072=VERTEX_POINT('',#5751);
#2073=VERTEX_POINT('',#5753);
#2074=VERTEX_POINT('',#5758);
#2075=VERTEX_POINT('',#5762);
#2076=VERTEX_POINT('',#5766);
#2077=VERTEX_POINT('',#5770);
#2078=VERTEX_POINT('',#5774);
#2079=VERTEX_POINT('',#5778);
#2080=VERTEX_POINT('',#5782);
#2081=VERTEX_POINT('',#5786);
#2082=VERTEX_POINT('',#5790);
#2083=VERTEX_POINT('',#5794);
#2084=VERTEX_POINT('',#5798);
#2085=VERTEX_POINT('',#5800);
#2086=VERTEX_POINT('',#5802);
#2087=VERTEX_POINT('',#5804);
#2088=VERTEX_POINT('',#5808);
#2089=VERTEX_POINT('',#5812);
#2090=VERTEX_POINT('',#5817);
#2091=VERTEX_POINT('',#5819);
#2092=VERTEX_POINT('',#5821);
#2093=VERTEX_POINT('',#5825);
#2094=VERTEX_POINT('',#5827);
#2095=VERTEX_POINT('',#5829);
#2096=VERTEX_POINT('',#5831);
#2097=VERTEX_POINT('',#5835);
#2098=VERTEX_POINT('',#5836);
#2099=VERTEX_POINT('',#5838);
#2100=VERTEX_POINT('',#5840);
#2101=VERTEX_POINT('',#5842);
#2102=VERTEX_POINT('',#5844);
#2103=VERTEX_POINT('',#5848);
#2104=VERTEX_POINT('',#5852);
#2105=VERTEX_POINT('',#5859);
#2106=VERTEX_POINT('',#5861);
#2107=VERTEX_POINT('',#5863);
#2108=VERTEX_POINT('',#5865);
#2109=VERTEX_POINT('',#5867);
#2110=VERTEX_POINT('',#5869);
#2111=VERTEX_POINT('',#5871);
#2112=VERTEX_POINT('',#5873);
#2113=VERTEX_POINT('',#5875);
#2114=VERTEX_POINT('',#5877);
#2115=VERTEX_POINT('',#5879);
#2116=VERTEX_POINT('',#5881);
#2117=VERTEX_POINT('',#5883);
#2118=VERTEX_POINT('',#5885);
#2119=VERTEX_POINT('',#5887);
#2120=VERTEX_POINT('',#5889);
#2121=VERTEX_POINT('',#5891);
#2122=VERTEX_POINT('',#5893);
#2123=VERTEX_POINT('',#5895);
#2124=VERTEX_POINT('',#5897);
#2125=VERTEX_POINT('',#5899);
#2126=VERTEX_POINT('',#5901);
#2127=VERTEX_POINT('',#5903);
#2128=VERTEX_POINT('',#5905);
#2129=VERTEX_POINT('',#5907);
#2130=VERTEX_POINT('',#5909);
#2131=VERTEX_POINT('',#5911);
#2132=VERTEX_POINT('',#5913);
#2133=VERTEX_POINT('',#5915);
#2134=VERTEX_POINT('',#5917);
#2135=VERTEX_POINT('',#5919);
#2136=VERTEX_POINT('',#5921);
#2137=VERTEX_POINT('',#5923);
#2138=VERTEX_POINT('',#5925);
#2139=VERTEX_POINT('',#5927);
#2140=VERTEX_POINT('',#5929);
#2141=VERTEX_POINT('',#5931);
#2142=VERTEX_POINT('',#5933);
#2143=VERTEX_POINT('',#5935);
#2144=VERTEX_POINT('',#5937);
#2145=VERTEX_POINT('',#5939);
#2146=VERTEX_POINT('',#5941);
#2147=VERTEX_POINT('',#5943);
#2148=VERTEX_POINT('',#5945);
#2149=VERTEX_POINT('',#5947);
#2150=VERTEX_POINT('',#5949);
#2151=VERTEX_POINT('',#5951);
#2152=VERTEX_POINT('',#5953);
#2153=VERTEX_POINT('',#5955);
#2154=VERTEX_POINT('',#5957);
#2155=VERTEX_POINT('',#5959);
#2156=VERTEX_POINT('',#5961);
#2157=VERTEX_POINT('',#5963);
#2158=VERTEX_POINT('',#5965);
#2159=VERTEX_POINT('',#5967);
#2160=VERTEX_POINT('',#5970);
#2161=VERTEX_POINT('',#5972);
#2162=VERTEX_POINT('',#5974);
#2163=VERTEX_POINT('',#5976);
#2164=VERTEX_POINT('',#5978);
#2165=VERTEX_POINT('',#5980);
#2166=VERTEX_POINT('',#5982);
#2167=VERTEX_POINT('',#5984);
#2168=VERTEX_POINT('',#5986);
#2169=VERTEX_POINT('',#5988);
#2170=VERTEX_POINT('',#5990);
#2171=VERTEX_POINT('',#5992);
#2172=VERTEX_POINT('',#5994);
#2173=VERTEX_POINT('',#5996);
#2174=VERTEX_POINT('',#5998);
#2175=VERTEX_POINT('',#6000);
#2176=VERTEX_POINT('',#6002);
#2177=VERTEX_POINT('',#6004);
#2178=VERTEX_POINT('',#6006);
#2179=VERTEX_POINT('',#6008);
#2180=VERTEX_POINT('',#6010);
#2181=VERTEX_POINT('',#6012);
#2182=VERTEX_POINT('',#6014);
#2183=VERTEX_POINT('',#6016);
#2184=VERTEX_POINT('',#6018);
#2185=VERTEX_POINT('',#6020);
#2186=VERTEX_POINT('',#6022);
#2187=VERTEX_POINT('',#6024);
#2188=VERTEX_POINT('',#6026);
#2189=VERTEX_POINT('',#6028);
#2190=VERTEX_POINT('',#6030);
#2191=VERTEX_POINT('',#6032);
#2192=VERTEX_POINT('',#6034);
#2193=VERTEX_POINT('',#6036);
#2194=VERTEX_POINT('',#6038);
#2195=VERTEX_POINT('',#6040);
#2196=VERTEX_POINT('',#6042);
#2197=VERTEX_POINT('',#6044);
#2198=VERTEX_POINT('',#6046);
#2199=VERTEX_POINT('',#6048);
#2200=VERTEX_POINT('',#6050);
#2201=VERTEX_POINT('',#6052);
#2202=VERTEX_POINT('',#6054);
#2203=VERTEX_POINT('',#6056);
#2204=VERTEX_POINT('',#6058);
#2205=VERTEX_POINT('',#6060);
#2206=VERTEX_POINT('',#6062);
#2207=VERTEX_POINT('',#6064);
#2208=VERTEX_POINT('',#6066);
#2209=VERTEX_POINT('',#6074);
#2210=VERTEX_POINT('',#6075);
#2211=VERTEX_POINT('',#6077);
#2212=VERTEX_POINT('',#6079);
#2213=VERTEX_POINT('',#6083);
#2214=VERTEX_POINT('',#6084);
#2215=VERTEX_POINT('',#6086);
#2216=VERTEX_POINT('',#6088);
#2217=VERTEX_POINT('',#6092);
#2218=VERTEX_POINT('',#6093);
#2219=VERTEX_POINT('',#6095);
#2220=VERTEX_POINT('',#6097);
#2221=VERTEX_POINT('',#6101);
#2222=VERTEX_POINT('',#6102);
#2223=VERTEX_POINT('',#6104);
#2224=VERTEX_POINT('',#6106);
#2225=VERTEX_POINT('',#6110);
#2226=VERTEX_POINT('',#6111);
#2227=VERTEX_POINT('',#6113);
#2228=VERTEX_POINT('',#6115);
#2229=VERTEX_POINT('',#6119);
#2230=VERTEX_POINT('',#6120);
#2231=VERTEX_POINT('',#6122);
#2232=VERTEX_POINT('',#6124);
#2233=VERTEX_POINT('',#6128);
#2234=VERTEX_POINT('',#6129);
#2235=VERTEX_POINT('',#6131);
#2236=VERTEX_POINT('',#6133);
#2237=VERTEX_POINT('',#6137);
#2238=VERTEX_POINT('',#6138);
#2239=VERTEX_POINT('',#6140);
#2240=VERTEX_POINT('',#6142);
#2241=VERTEX_POINT('',#6146);
#2242=VERTEX_POINT('',#6147);
#2243=VERTEX_POINT('',#6149);
#2244=VERTEX_POINT('',#6151);
#2245=VERTEX_POINT('',#6155);
#2246=VERTEX_POINT('',#6156);
#2247=VERTEX_POINT('',#6158);
#2248=VERTEX_POINT('',#6160);
#2249=VERTEX_POINT('',#6164);
#2250=VERTEX_POINT('',#6166);
#2251=VERTEX_POINT('',#6170);
#2252=VERTEX_POINT('',#6171);
#2253=VERTEX_POINT('',#6173);
#2254=VERTEX_POINT('',#6175);
#2255=VERTEX_POINT('',#6179);
#2256=VERTEX_POINT('',#6180);
#2257=VERTEX_POINT('',#6182);
#2258=VERTEX_POINT('',#6184);
#2259=VERTEX_POINT('',#6188);
#2260=VERTEX_POINT('',#6189);
#2261=VERTEX_POINT('',#6191);
#2262=VERTEX_POINT('',#6193);
#2263=VERTEX_POINT('',#6197);
#2264=VERTEX_POINT('',#6198);
#2265=VERTEX_POINT('',#6200);
#2266=VERTEX_POINT('',#6202);
#2267=VERTEX_POINT('',#6206);
#2268=VERTEX_POINT('',#6207);
#2269=VERTEX_POINT('',#6209);
#2270=VERTEX_POINT('',#6211);
#2271=VERTEX_POINT('',#6215);
#2272=VERTEX_POINT('',#6216);
#2273=VERTEX_POINT('',#6218);
#2274=VERTEX_POINT('',#6220);
#2275=VERTEX_POINT('',#6224);
#2276=VERTEX_POINT('',#6225);
#2277=VERTEX_POINT('',#6227);
#2278=VERTEX_POINT('',#6229);
#2279=VERTEX_POINT('',#6233);
#2280=VERTEX_POINT('',#6234);
#2281=VERTEX_POINT('',#6236);
#2282=VERTEX_POINT('',#6238);
#2283=VERTEX_POINT('',#6242);
#2284=VERTEX_POINT('',#6243);
#2285=VERTEX_POINT('',#6245);
#2286=VERTEX_POINT('',#6247);
#2287=VERTEX_POINT('',#6251);
#2288=VERTEX_POINT('',#6252);
#2289=VERTEX_POINT('',#6254);
#2290=VERTEX_POINT('',#6256);
#2291=VERTEX_POINT('',#6344);
#2292=VERTEX_POINT('',#6414);
#2293=VERTEX_POINT('',#6416);
#2294=VERTEX_POINT('',#6420);
#2295=VERTEX_POINT('',#6422);
#2296=VERTEX_POINT('',#6424);
#2297=VERTEX_POINT('',#6428);
#2298=VERTEX_POINT('',#6434);
#2299=VERTEX_POINT('',#6436);
#2300=VERTEX_POINT('',#6446);
#2301=VERTEX_POINT('',#6448);
#2302=VERTEX_POINT('',#6452);
#2303=VERTEX_POINT('',#6454);
#2304=VERTEX_POINT('',#6456);
#2305=VERTEX_POINT('',#6460);
#2306=VERTEX_POINT('',#6466);
#2307=VERTEX_POINT('',#6468);
#2308=VERTEX_POINT('',#6478);
#2309=VERTEX_POINT('',#6480);
#2310=VERTEX_POINT('',#6484);
#2311=VERTEX_POINT('',#6486);
#2312=VERTEX_POINT('',#6488);
#2313=VERTEX_POINT('',#6492);
#2314=VERTEX_POINT('',#6498);
#2315=VERTEX_POINT('',#6500);
#2316=VERTEX_POINT('',#6510);
#2317=VERTEX_POINT('',#6512);
#2318=VERTEX_POINT('',#6516);
#2319=VERTEX_POINT('',#6518);
#2320=VERTEX_POINT('',#6520);
#2321=VERTEX_POINT('',#6524);
#2322=VERTEX_POINT('',#6530);
#2323=VERTEX_POINT('',#6532);
#2324=VERTEX_POINT('',#6542);
#2325=VERTEX_POINT('',#6544);
#2326=VERTEX_POINT('',#6548);
#2327=VERTEX_POINT('',#6550);
#2328=VERTEX_POINT('',#6552);
#2329=VERTEX_POINT('',#6556);
#2330=VERTEX_POINT('',#6562);
#2331=VERTEX_POINT('',#6564);
#2332=VERTEX_POINT('',#6574);
#2333=VERTEX_POINT('',#6576);
#2334=VERTEX_POINT('',#6580);
#2335=VERTEX_POINT('',#6582);
#2336=VERTEX_POINT('',#6584);
#2337=VERTEX_POINT('',#6588);
#2338=VERTEX_POINT('',#6594);
#2339=VERTEX_POINT('',#6596);
#2340=VERTEX_POINT('',#6606);
#2341=VERTEX_POINT('',#6608);
#2342=VERTEX_POINT('',#6612);
#2343=VERTEX_POINT('',#6614);
#2344=VERTEX_POINT('',#6616);
#2345=VERTEX_POINT('',#6620);
#2346=VERTEX_POINT('',#6626);
#2347=VERTEX_POINT('',#6628);
#2348=VERTEX_POINT('',#6638);
#2349=VERTEX_POINT('',#6640);
#2350=VERTEX_POINT('',#6644);
#2351=VERTEX_POINT('',#6646);
#2352=VERTEX_POINT('',#6648);
#2353=VERTEX_POINT('',#6652);
#2354=VERTEX_POINT('',#6658);
#2355=VERTEX_POINT('',#6660);
#2356=VERTEX_POINT('',#6670);
#2357=VERTEX_POINT('',#6672);
#2358=VERTEX_POINT('',#6676);
#2359=VERTEX_POINT('',#6678);
#2360=VERTEX_POINT('',#6680);
#2361=VERTEX_POINT('',#6684);
#2362=VERTEX_POINT('',#6690);
#2363=VERTEX_POINT('',#6692);
#2364=VERTEX_POINT('',#6701);
#2365=VERTEX_POINT('',#6703);
#2366=VERTEX_POINT('',#6707);
#2367=VERTEX_POINT('',#6709);
#2368=VERTEX_POINT('',#6711);
#2369=VERTEX_POINT('',#6715);
#2370=VERTEX_POINT('',#6721);
#2371=VERTEX_POINT('',#6725);
#2372=LINE('',#5538,#2834);
#2373=LINE('',#5541,#2835);
#2374=LINE('',#5545,#2836);
#2375=LINE('',#5550,#2837);
#2376=LINE('',#5552,#2838);
#2377=LINE('',#5555,#2839);
#2378=LINE('',#5559,#2840);
#2379=LINE('',#5564,#2841);
#2380=LINE('',#5566,#2842);
#2381=LINE('',#5569,#2843);
#2382=LINE('',#5573,#2844);
#2383=LINE('',#5578,#2845);
#2384=LINE('',#5580,#2846);
#2385=LINE('',#5583,#2847);
#2386=LINE('',#5587,#2848);
#2387=LINE('',#5592,#2849);
#2388=LINE('',#5594,#2850);
#2389=LINE('',#5597,#2851);
#2390=LINE('',#5601,#2852);
#2391=LINE('',#5606,#2853);
#2392=LINE('',#5613,#2854);
#2393=LINE('',#5617,#2855);
#2394=LINE('',#5621,#2856);
#2395=LINE('',#5625,#2857);
#2396=LINE('',#5629,#2858);
#2397=LINE('',#5633,#2859);
#2398=LINE('',#5637,#2860);
#2399=LINE('',#5641,#2861);
#2400=LINE('',#5645,#2862);
#2401=LINE('',#5649,#2863);
#2402=LINE('',#5653,#2864);
#2403=LINE('',#5657,#2865);
#2404=LINE('',#5661,#2866);
#2405=LINE('',#5665,#2867);
#2406=LINE('',#5669,#2868);
#2407=LINE('',#5673,#2869);
#2408=LINE('',#5677,#2870);
#2409=LINE('',#5681,#2871);
#2410=LINE('',#5685,#2872);
#2411=LINE('',#5689,#2873);
#2412=LINE('',#5693,#2874);
#2413=LINE('',#5697,#2875);
#2414=LINE('',#5701,#2876);
#2415=LINE('',#5705,#2877);
#2416=LINE('',#5709,#2878);
#2417=LINE('',#5710,#2879);
#2418=LINE('',#5714,#2880);
#2419=LINE('',#5715,#2881);
#2420=LINE('',#5719,#2882);
#2421=LINE('',#5720,#2883);
#2422=LINE('',#5724,#2884);
#2423=LINE('',#5725,#2885);
#2424=LINE('',#5729,#2886);
#2425=LINE('',#5730,#2887);
#2426=LINE('',#5734,#2888);
#2427=LINE('',#5735,#2889);
#2428=LINE('',#5739,#2890);
#2429=LINE('',#5740,#2891);
#2430=LINE('',#5744,#2892);
#2431=LINE('',#5745,#2893);
#2432=LINE('',#5749,#2894);
#2433=LINE('',#5750,#2895);
#2434=LINE('',#5754,#2896);
#2435=LINE('',#5755,#2897);
#2436=LINE('',#5757,#2898);
#2437=LINE('',#5759,#2899);
#2438=LINE('',#5761,#2900);
#2439=LINE('',#5763,#2901);
#2440=LINE('',#5765,#2902);
#2441=LINE('',#5767,#2903);
#2442=LINE('',#5769,#2904);
#2443=LINE('',#5771,#2905);
#2444=LINE('',#5773,#2906);
#2445=LINE('',#5775,#2907);
#2446=LINE('',#5777,#2908);
#2447=LINE('',#5779,#2909);
#2448=LINE('',#5781,#2910);
#2449=LINE('',#5783,#2911);
#2450=LINE('',#5785,#2912);
#2451=LINE('',#5787,#2913);
#2452=LINE('',#5789,#2914);
#2453=LINE('',#5791,#2915);
#2454=LINE('',#5793,#2916);
#2455=LINE('',#5795,#2917);
#2456=LINE('',#5797,#2918);
#2457=LINE('',#5799,#2919);
#2458=LINE('',#5803,#2920);
#2459=LINE('',#5805,#2921);
#2460=LINE('',#5807,#2922);
#2461=LINE('',#5809,#2923);
#2462=LINE('',#5811,#2924);
#2463=LINE('',#5813,#2925);
#2464=LINE('',#5816,#2926);
#2465=LINE('',#5818,#2927);
#2466=LINE('',#5820,#2928);
#2467=LINE('',#5822,#2929);
#2468=LINE('',#5824,#2930);
#2469=LINE('',#5826,#2931);
#2470=LINE('',#5828,#2932);
#2471=LINE('',#5832,#2933);
#2472=LINE('',#5834,#2934);
#2473=LINE('',#5837,#2935);
#2474=LINE('',#5841,#2936);
#2475=LINE('',#5845,#2937);
#2476=LINE('',#5847,#2938);
#2477=LINE('',#5849,#2939);
#2478=LINE('',#5851,#2940);
#2479=LINE('',#5853,#2941);
#2480=LINE('',#5854,#2942);
#2481=LINE('',#5856,#2943);
#2482=LINE('',#5858,#2944);
#2483=LINE('',#5860,#2945);
#2484=LINE('',#5862,#2946);
#2485=LINE('',#5864,#2947);
#2486=LINE('',#5866,#2948);
#2487=LINE('',#5868,#2949);
#2488=LINE('',#5870,#2950);
#2489=LINE('',#5872,#2951);
#2490=LINE('',#5874,#2952);
#2491=LINE('',#5876,#2953);
#2492=LINE('',#5878,#2954);
#2493=LINE('',#5880,#2955);
#2494=LINE('',#5882,#2956);
#2495=LINE('',#5884,#2957);
#2496=LINE('',#5886,#2958);
#2497=LINE('',#5888,#2959);
#2498=LINE('',#5890,#2960);
#2499=LINE('',#5892,#2961);
#2500=LINE('',#5894,#2962);
#2501=LINE('',#5896,#2963);
#2502=LINE('',#5898,#2964);
#2503=LINE('',#5900,#2965);
#2504=LINE('',#5902,#2966);
#2505=LINE('',#5904,#2967);
#2506=LINE('',#5906,#2968);
#2507=LINE('',#5908,#2969);
#2508=LINE('',#5910,#2970);
#2509=LINE('',#5912,#2971);
#2510=LINE('',#5914,#2972);
#2511=LINE('',#5916,#2973);
#2512=LINE('',#5918,#2974);
#2513=LINE('',#5920,#2975);
#2514=LINE('',#5922,#2976);
#2515=LINE('',#5924,#2977);
#2516=LINE('',#5926,#2978);
#2517=LINE('',#5928,#2979);
#2518=LINE('',#5930,#2980);
#2519=LINE('',#5932,#2981);
#2520=LINE('',#5934,#2982);
#2521=LINE('',#5936,#2983);
#2522=LINE('',#5938,#2984);
#2523=LINE('',#5940,#2985);
#2524=LINE('',#5942,#2986);
#2525=LINE('',#5944,#2987);
#2526=LINE('',#5946,#2988);
#2527=LINE('',#5948,#2989);
#2528=LINE('',#5950,#2990);
#2529=LINE('',#5952,#2991);
#2530=LINE('',#5954,#2992);
#2531=LINE('',#5956,#2993);
#2532=LINE('',#5958,#2994);
#2533=LINE('',#5960,#2995);
#2534=LINE('',#5962,#2996);
#2535=LINE('',#5964,#2997);
#2536=LINE('',#5966,#2998);
#2537=LINE('',#5968,#2999);
#2538=LINE('',#5969,#3000);
#2539=LINE('',#5971,#3001);
#2540=LINE('',#5973,#3002);
#2541=LINE('',#5975,#3003);
#2542=LINE('',#5977,#3004);
#2543=LINE('',#5979,#3005);
#2544=LINE('',#5981,#3006);
#2545=LINE('',#5983,#3007);
#2546=LINE('',#5985,#3008);
#2547=LINE('',#5987,#3009);
#2548=LINE('',#5989,#3010);
#2549=LINE('',#5991,#3011);
#2550=LINE('',#5993,#3012);
#2551=LINE('',#5995,#3013);
#2552=LINE('',#5997,#3014);
#2553=LINE('',#5999,#3015);
#2554=LINE('',#6001,#3016);
#2555=LINE('',#6003,#3017);
#2556=LINE('',#6005,#3018);
#2557=LINE('',#6007,#3019);
#2558=LINE('',#6009,#3020);
#2559=LINE('',#6011,#3021);
#2560=LINE('',#6013,#3022);
#2561=LINE('',#6015,#3023);
#2562=LINE('',#6017,#3024);
#2563=LINE('',#6019,#3025);
#2564=LINE('',#6021,#3026);
#2565=LINE('',#6023,#3027);
#2566=LINE('',#6025,#3028);
#2567=LINE('',#6027,#3029);
#2568=LINE('',#6029,#3030);
#2569=LINE('',#6031,#3031);
#2570=LINE('',#6033,#3032);
#2571=LINE('',#6035,#3033);
#2572=LINE('',#6037,#3034);
#2573=LINE('',#6039,#3035);
#2574=LINE('',#6041,#3036);
#2575=LINE('',#6043,#3037);
#2576=LINE('',#6045,#3038);
#2577=LINE('',#6047,#3039);
#2578=LINE('',#6049,#3040);
#2579=LINE('',#6051,#3041);
#2580=LINE('',#6053,#3042);
#2581=LINE('',#6055,#3043);
#2582=LINE('',#6057,#3044);
#2583=LINE('',#6059,#3045);
#2584=LINE('',#6061,#3046);
#2585=LINE('',#6063,#3047);
#2586=LINE('',#6065,#3048);
#2587=LINE('',#6067,#3049);
#2588=LINE('',#6068,#3050);
#2589=LINE('',#6073,#3051);
#2590=LINE('',#6076,#3052);
#2591=LINE('',#6078,#3053);
#2592=LINE('',#6080,#3054);
#2593=LINE('',#6082,#3055);
#2594=LINE('',#6085,#3056);
#2595=LINE('',#6087,#3057);
#2596=LINE('',#6089,#3058);
#2597=LINE('',#6091,#3059);
#2598=LINE('',#6094,#3060);
#2599=LINE('',#6096,#3061);
#2600=LINE('',#6098,#3062);
#2601=LINE('',#6100,#3063);
#2602=LINE('',#6103,#3064);
#2603=LINE('',#6105,#3065);
#2604=LINE('',#6107,#3066);
#2605=LINE('',#6109,#3067);
#2606=LINE('',#6112,#3068);
#2607=LINE('',#6114,#3069);
#2608=LINE('',#6116,#3070);
#2609=LINE('',#6118,#3071);
#2610=LINE('',#6121,#3072);
#2611=LINE('',#6123,#3073);
#2612=LINE('',#6125,#3074);
#2613=LINE('',#6127,#3075);
#2614=LINE('',#6130,#3076);
#2615=LINE('',#6132,#3077);
#2616=LINE('',#6134,#3078);
#2617=LINE('',#6136,#3079);
#2618=LINE('',#6139,#3080);
#2619=LINE('',#6141,#3081);
#2620=LINE('',#6143,#3082);
#2621=LINE('',#6145,#3083);
#2622=LINE('',#6148,#3084);
#2623=LINE('',#6150,#3085);
#2624=LINE('',#6152,#3086);
#2625=LINE('',#6154,#3087);
#2626=LINE('',#6157,#3088);
#2627=LINE('',#6159,#3089);
#2628=LINE('',#6161,#3090);
#2629=LINE('',#6163,#3091);
#2630=LINE('',#6165,#3092);
#2631=LINE('',#6167,#3093);
#2632=LINE('',#6169,#3094);
#2633=LINE('',#6172,#3095);
#2634=LINE('',#6174,#3096);
#2635=LINE('',#6176,#3097);
#2636=LINE('',#6178,#3098);
#2637=LINE('',#6181,#3099);
#2638=LINE('',#6183,#3100);
#2639=LINE('',#6185,#3101);
#2640=LINE('',#6187,#3102);
#2641=LINE('',#6190,#3103);
#2642=LINE('',#6192,#3104);
#2643=LINE('',#6194,#3105);
#2644=LINE('',#6196,#3106);
#2645=LINE('',#6199,#3107);
#2646=LINE('',#6201,#3108);
#2647=LINE('',#6203,#3109);
#2648=LINE('',#6205,#3110);
#2649=LINE('',#6208,#3111);
#2650=LINE('',#6210,#3112);
#2651=LINE('',#6212,#3113);
#2652=LINE('',#6214,#3114);
#2653=LINE('',#6217,#3115);
#2654=LINE('',#6219,#3116);
#2655=LINE('',#6221,#3117);
#2656=LINE('',#6223,#3118);
#2657=LINE('',#6226,#3119);
#2658=LINE('',#6228,#3120);
#2659=LINE('',#6230,#3121);
#2660=LINE('',#6232,#3122);
#2661=LINE('',#6235,#3123);
#2662=LINE('',#6237,#3124);
#2663=LINE('',#6239,#3125);
#2664=LINE('',#6241,#3126);
#2665=LINE('',#6244,#3127);
#2666=LINE('',#6246,#3128);
#2667=LINE('',#6248,#3129);
#2668=LINE('',#6250,#3130);
#2669=LINE('',#6253,#3131);
#2670=LINE('',#6255,#3132);
#2671=LINE('',#6257,#3133);
#2672=LINE('',#6265,#3134);
#2673=LINE('',#6273,#3135);
#2674=LINE('',#6281,#3136);
#2675=LINE('',#6289,#3137);
#2676=LINE('',#6297,#3138);
#2677=LINE('',#6305,#3139);
#2678=LINE('',#6313,#3140);
#2679=LINE('',#6321,#3141);
#2680=LINE('',#6329,#3142);
#2681=LINE('',#6337,#3143);
#2682=LINE('',#6342,#3144);
#2683=LINE('',#6345,#3145);
#2684=LINE('',#6347,#3146);
#2685=LINE('',#6348,#3147);
#2686=LINE('',#6350,#3148);
#2687=LINE('',#6352,#3149);
#2688=LINE('',#6354,#3150);
#2689=LINE('',#6355,#3151);
#2690=LINE('',#6357,#3152);
#2691=LINE('',#6359,#3153);
#2692=LINE('',#6361,#3154);
#2693=LINE('',#6362,#3155);
#2694=LINE('',#6364,#3156);
#2695=LINE('',#6366,#3157);
#2696=LINE('',#6368,#3158);
#2697=LINE('',#6369,#3159);
#2698=LINE('',#6371,#3160);
#2699=LINE('',#6373,#3161);
#2700=LINE('',#6375,#3162);
#2701=LINE('',#6376,#3163);
#2702=LINE('',#6378,#3164);
#2703=LINE('',#6380,#3165);
#2704=LINE('',#6383,#3166);
#2705=LINE('',#6385,#3167);
#2706=LINE('',#6388,#3168);
#2707=LINE('',#6390,#3169);
#2708=LINE('',#6393,#3170);
#2709=LINE('',#6395,#3171);
#2710=LINE('',#6398,#3172);
#2711=LINE('',#6400,#3173);
#2712=LINE('',#6403,#3174);
#2713=LINE('',#6405,#3175);
#2714=LINE('',#6408,#3176);
#2715=LINE('',#6412,#3177);
#2716=LINE('',#6415,#3178);
#2717=LINE('',#6417,#3179);
#2718=LINE('',#6419,#3180);
#2719=LINE('',#6421,#3181);
#2720=LINE('',#6423,#3182);
#2721=LINE('',#6425,#3183);
#2722=LINE('',#6427,#3184);
#2723=LINE('',#6429,#3185);
#2724=LINE('',#6433,#3186);
#2725=LINE('',#6435,#3187);
#2726=LINE('',#6437,#3188);
#2727=LINE('',#6444,#3189);
#2728=LINE('',#6447,#3190);
#2729=LINE('',#6449,#3191);
#2730=LINE('',#6451,#3192);
#2731=LINE('',#6453,#3193);
#2732=LINE('',#6455,#3194);
#2733=LINE('',#6457,#3195);
#2734=LINE('',#6459,#3196);
#2735=LINE('',#6461,#3197);
#2736=LINE('',#6465,#3198);
#2737=LINE('',#6467,#3199);
#2738=LINE('',#6469,#3200);
#2739=LINE('',#6476,#3201);
#2740=LINE('',#6479,#3202);
#2741=LINE('',#6481,#3203);
#2742=LINE('',#6483,#3204);
#2743=LINE('',#6485,#3205);
#2744=LINE('',#6487,#3206);
#2745=LINE('',#6489,#3207);
#2746=LINE('',#6491,#3208);
#2747=LINE('',#6493,#3209);
#2748=LINE('',#6497,#3210);
#2749=LINE('',#6499,#3211);
#2750=LINE('',#6501,#3212);
#2751=LINE('',#6508,#3213);
#2752=LINE('',#6511,#3214);
#2753=LINE('',#6513,#3215);
#2754=LINE('',#6515,#3216);
#2755=LINE('',#6517,#3217);
#2756=LINE('',#6519,#3218);
#2757=LINE('',#6521,#3219);
#2758=LINE('',#6523,#3220);
#2759=LINE('',#6525,#3221);
#2760=LINE('',#6529,#3222);
#2761=LINE('',#6531,#3223);
#2762=LINE('',#6533,#3224);
#2763=LINE('',#6540,#3225);
#2764=LINE('',#6543,#3226);
#2765=LINE('',#6545,#3227);
#2766=LINE('',#6547,#3228);
#2767=LINE('',#6549,#3229);
#2768=LINE('',#6551,#3230);
#2769=LINE('',#6553,#3231);
#2770=LINE('',#6555,#3232);
#2771=LINE('',#6557,#3233);
#2772=LINE('',#6561,#3234);
#2773=LINE('',#6563,#3235);
#2774=LINE('',#6565,#3236);
#2775=LINE('',#6572,#3237);
#2776=LINE('',#6575,#3238);
#2777=LINE('',#6577,#3239);
#2778=LINE('',#6579,#3240);
#2779=LINE('',#6581,#3241);
#2780=LINE('',#6583,#3242);
#2781=LINE('',#6585,#3243);
#2782=LINE('',#6587,#3244);
#2783=LINE('',#6589,#3245);
#2784=LINE('',#6593,#3246);
#2785=LINE('',#6595,#3247);
#2786=LINE('',#6597,#3248);
#2787=LINE('',#6604,#3249);
#2788=LINE('',#6607,#3250);
#2789=LINE('',#6609,#3251);
#2790=LINE('',#6611,#3252);
#2791=LINE('',#6613,#3253);
#2792=LINE('',#6615,#3254);
#2793=LINE('',#6617,#3255);
#2794=LINE('',#6619,#3256);
#2795=LINE('',#6621,#3257);
#2796=LINE('',#6625,#3258);
#2797=LINE('',#6627,#3259);
#2798=LINE('',#6629,#3260);
#2799=LINE('',#6636,#3261);
#2800=LINE('',#6639,#3262);
#2801=LINE('',#6641,#3263);
#2802=LINE('',#6643,#3264);
#2803=LINE('',#6645,#3265);
#2804=LINE('',#6647,#3266);
#2805=LINE('',#6649,#3267);
#2806=LINE('',#6651,#3268);
#2807=LINE('',#6653,#3269);
#2808=LINE('',#6657,#3270);
#2809=LINE('',#6659,#3271);
#2810=LINE('',#6661,#3272);
#2811=LINE('',#6668,#3273);
#2812=LINE('',#6671,#3274);
#2813=LINE('',#6673,#3275);
#2814=LINE('',#6675,#3276);
#2815=LINE('',#6677,#3277);
#2816=LINE('',#6679,#3278);
#2817=LINE('',#6681,#3279);
#2818=LINE('',#6683,#3280);
#2819=LINE('',#6685,#3281);
#2820=LINE('',#6689,#3282);
#2821=LINE('',#6691,#3283);
#2822=LINE('',#6693,#3284);
#2823=LINE('',#6702,#3285);
#2824=LINE('',#6704,#3286);
#2825=LINE('',#6706,#3287);
#2826=LINE('',#6708,#3288);
#2827=LINE('',#6710,#3289);
#2828=LINE('',#6712,#3290);
#2829=LINE('',#6714,#3291);
#2830=LINE('',#6716,#3292);
#2831=LINE('',#6720,#3293);
#2832=LINE('',#6724,#3294);
#2833=LINE('',#6728,#3295);
#2834=VECTOR('',#4408,1.);
#2835=VECTOR('',#4409,1.);
#2836=VECTOR('',#4414,1.);
#2837=VECTOR('',#4417,1.);
#2838=VECTOR('',#4420,1.);
#2839=VECTOR('',#4421,1.);
#2840=VECTOR('',#4426,1.);
#2841=VECTOR('',#4429,1.);
#2842=VECTOR('',#4432,1.);
#2843=VECTOR('',#4433,1.);
#2844=VECTOR('',#4438,1.);
#2845=VECTOR('',#4441,1.);
#2846=VECTOR('',#4444,1.);
#2847=VECTOR('',#4445,1.);
#2848=VECTOR('',#4450,1.);
#2849=VECTOR('',#4453,1.);
#2850=VECTOR('',#4456,1.);
#2851=VECTOR('',#4457,1.);
#2852=VECTOR('',#4462,1.);
#2853=VECTOR('',#4465,1.);
#2854=VECTOR('',#4472,1.);
#2855=VECTOR('',#4475,1.);
#2856=VECTOR('',#4478,1.);
#2857=VECTOR('',#4481,1.);
#2858=VECTOR('',#4484,1.);
#2859=VECTOR('',#4487,1.);
#2860=VECTOR('',#4490,1.);
#2861=VECTOR('',#4493,1.);
#2862=VECTOR('',#4496,1.);
#2863=VECTOR('',#4499,1.);
#2864=VECTOR('',#4502,1.);
#2865=VECTOR('',#4505,1.);
#2866=VECTOR('',#4508,1.);
#2867=VECTOR('',#4511,1.);
#2868=VECTOR('',#4514,1.);
#2869=VECTOR('',#4517,1.);
#2870=VECTOR('',#4520,1.);
#2871=VECTOR('',#4523,1.);
#2872=VECTOR('',#4526,1.);
#2873=VECTOR('',#4529,1.);
#2874=VECTOR('',#4532,1.);
#2875=VECTOR('',#4535,1.);
#2876=VECTOR('',#4538,1.);
#2877=VECTOR('',#4541,1.);
#2878=VECTOR('',#4544,1.);
#2879=VECTOR('',#4545,1.);
#2880=VECTOR('',#4548,1.);
#2881=VECTOR('',#4549,1.);
#2882=VECTOR('',#4552,1.);
#2883=VECTOR('',#4553,1.);
#2884=VECTOR('',#4556,1.);
#2885=VECTOR('',#4557,1.);
#2886=VECTOR('',#4560,1.);
#2887=VECTOR('',#4561,1.);
#2888=VECTOR('',#4564,1.);
#2889=VECTOR('',#4565,1.);
#2890=VECTOR('',#4568,1.);
#2891=VECTOR('',#4569,1.);
#2892=VECTOR('',#4572,1.);
#2893=VECTOR('',#4573,1.);
#2894=VECTOR('',#4576,1.);
#2895=VECTOR('',#4577,1.);
#2896=VECTOR('',#4580,1.);
#2897=VECTOR('',#4581,1.);
#2898=VECTOR('',#4584,1.);
#2899=VECTOR('',#4585,1.);
#2900=VECTOR('',#4588,1.);
#2901=VECTOR('',#4589,1.);
#2902=VECTOR('',#4592,1.);
#2903=VECTOR('',#4593,1.);
#2904=VECTOR('',#4596,1.);
#2905=VECTOR('',#4597,1.);
#2906=VECTOR('',#4600,1.);
#2907=VECTOR('',#4601,1.);
#2908=VECTOR('',#4604,1.);
#2909=VECTOR('',#4605,1.);
#2910=VECTOR('',#4608,1.);
#2911=VECTOR('',#4609,1.);
#2912=VECTOR('',#4612,1.);
#2913=VECTOR('',#4613,1.);
#2914=VECTOR('',#4616,1.);
#2915=VECTOR('',#4617,1.);
#2916=VECTOR('',#4620,1.);
#2917=VECTOR('',#4621,1.);
#2918=VECTOR('',#4624,1.);
#2919=VECTOR('',#4625,1.);
#2920=VECTOR('',#4628,1.);
#2921=VECTOR('',#4629,1.);
#2922=VECTOR('',#4632,1.);
#2923=VECTOR('',#4633,1.);
#2924=VECTOR('',#4636,1.);
#2925=VECTOR('',#4637,1.);
#2926=VECTOR('',#4642,1.);
#2927=VECTOR('',#4643,1.);
#2928=VECTOR('',#4644,1.);
#2929=VECTOR('',#4645,1.);
#2930=VECTOR('',#4648,1.);
#2931=VECTOR('',#4649,1.);
#2932=VECTOR('',#4650,1.);
#2933=VECTOR('',#4653,1.);
#2934=VECTOR('',#4656,1.);
#2935=VECTOR('',#4657,1.);
#2936=VECTOR('',#4660,1.);
#2937=VECTOR('',#4663,1.);
#2938=VECTOR('',#4666,1.);
#2939=VECTOR('',#4667,1.);
#2940=VECTOR('',#4670,1.);
#2941=VECTOR('',#4671,1.);
#2942=VECTOR('',#4672,1.);
#2943=VECTOR('',#4675,1.);
#2944=VECTOR('',#4678,1.);
#2945=VECTOR('',#4679,1.);
#2946=VECTOR('',#4680,1.);
#2947=VECTOR('',#4681,1.);
#2948=VECTOR('',#4682,1.);
#2949=VECTOR('',#4683,1.);
#2950=VECTOR('',#4684,1.);
#2951=VECTOR('',#4685,1.);
#2952=VECTOR('',#4686,1.);
#2953=VECTOR('',#4687,1.);
#2954=VECTOR('',#4688,1.);
#2955=VECTOR('',#4689,1.);
#2956=VECTOR('',#4690,1.);
#2957=VECTOR('',#4691,1.);
#2958=VECTOR('',#4692,1.);
#2959=VECTOR('',#4693,1.);
#2960=VECTOR('',#4694,1.);
#2961=VECTOR('',#4695,1.);
#2962=VECTOR('',#4696,1.);
#2963=VECTOR('',#4697,1.);
#2964=VECTOR('',#4698,1.);
#2965=VECTOR('',#4699,1.);
#2966=VECTOR('',#4700,1.);
#2967=VECTOR('',#4701,1.);
#2968=VECTOR('',#4702,1.);
#2969=VECTOR('',#4703,1.);
#2970=VECTOR('',#4704,1.);
#2971=VECTOR('',#4705,1.);
#2972=VECTOR('',#4706,1.);
#2973=VECTOR('',#4707,1.);
#2974=VECTOR('',#4708,1.);
#2975=VECTOR('',#4709,1.);
#2976=VECTOR('',#4710,1.);
#2977=VECTOR('',#4711,1.);
#2978=VECTOR('',#4712,1.);
#2979=VECTOR('',#4713,1.);
#2980=VECTOR('',#4714,1.);
#2981=VECTOR('',#4715,1.);
#2982=VECTOR('',#4716,1.);
#2983=VECTOR('',#4717,1.);
#2984=VECTOR('',#4718,1.);
#2985=VECTOR('',#4719,1.);
#2986=VECTOR('',#4720,1.);
#2987=VECTOR('',#4721,1.);
#2988=VECTOR('',#4722,1.);
#2989=VECTOR('',#4723,1.);
#2990=VECTOR('',#4724,1.);
#2991=VECTOR('',#4725,1.);
#2992=VECTOR('',#4726,1.);
#2993=VECTOR('',#4727,1.);
#2994=VECTOR('',#4728,1.);
#2995=VECTOR('',#4729,1.);
#2996=VECTOR('',#4730,1.);
#2997=VECTOR('',#4731,1.);
#2998=VECTOR('',#4732,1.);
#2999=VECTOR('',#4733,1.);
#3000=VECTOR('',#4734,1.);
#3001=VECTOR('',#4735,1.);
#3002=VECTOR('',#4736,1.);
#3003=VECTOR('',#4737,1.);
#3004=VECTOR('',#4738,1.);
#3005=VECTOR('',#4739,1.);
#3006=VECTOR('',#4740,1.);
#3007=VECTOR('',#4741,1.);
#3008=VECTOR('',#4742,1.);
#3009=VECTOR('',#4743,1.);
#3010=VECTOR('',#4744,1.);
#3011=VECTOR('',#4745,1.);
#3012=VECTOR('',#4746,1.);
#3013=VECTOR('',#4747,1.);
#3014=VECTOR('',#4748,1.);
#3015=VECTOR('',#4749,1.);
#3016=VECTOR('',#4750,1.);
#3017=VECTOR('',#4751,1.);
#3018=VECTOR('',#4752,1.);
#3019=VECTOR('',#4753,1.);
#3020=VECTOR('',#4754,1.);
#3021=VECTOR('',#4755,1.);
#3022=VECTOR('',#4756,1.);
#3023=VECTOR('',#4757,1.);
#3024=VECTOR('',#4758,1.);
#3025=VECTOR('',#4759,1.);
#3026=VECTOR('',#4760,1.);
#3027=VECTOR('',#4761,1.);
#3028=VECTOR('',#4762,1.);
#3029=VECTOR('',#4763,1.);
#3030=VECTOR('',#4764,1.);
#3031=VECTOR('',#4765,1.);
#3032=VECTOR('',#4766,1.);
#3033=VECTOR('',#4767,1.);
#3034=VECTOR('',#4768,1.);
#3035=VECTOR('',#4769,1.);
#3036=VECTOR('',#4770,1.);
#3037=VECTOR('',#4771,1.);
#3038=VECTOR('',#4772,1.);
#3039=VECTOR('',#4773,1.);
#3040=VECTOR('',#4774,1.);
#3041=VECTOR('',#4775,1.);
#3042=VECTOR('',#4776,1.);
#3043=VECTOR('',#4777,1.);
#3044=VECTOR('',#4778,1.);
#3045=VECTOR('',#4779,1.);
#3046=VECTOR('',#4780,1.);
#3047=VECTOR('',#4781,1.);
#3048=VECTOR('',#4782,1.);
#3049=VECTOR('',#4783,1.);
#3050=VECTOR('',#4784,1.);
#3051=VECTOR('',#4793,1.);
#3052=VECTOR('',#4794,1.);
#3053=VECTOR('',#4795,1.);
#3054=VECTOR('',#4796,1.);
#3055=VECTOR('',#4799,1.);
#3056=VECTOR('',#4800,1.);
#3057=VECTOR('',#4801,1.);
#3058=VECTOR('',#4802,1.);
#3059=VECTOR('',#4805,1.);
#3060=VECTOR('',#4806,1.);
#3061=VECTOR('',#4807,1.);
#3062=VECTOR('',#4808,1.);
#3063=VECTOR('',#4811,1.);
#3064=VECTOR('',#4812,1.);
#3065=VECTOR('',#4813,1.);
#3066=VECTOR('',#4814,1.);
#3067=VECTOR('',#4817,1.);
#3068=VECTOR('',#4818,1.);
#3069=VECTOR('',#4819,1.);
#3070=VECTOR('',#4820,1.);
#3071=VECTOR('',#4823,1.);
#3072=VECTOR('',#4824,1.);
#3073=VECTOR('',#4825,1.);
#3074=VECTOR('',#4826,1.);
#3075=VECTOR('',#4829,1.);
#3076=VECTOR('',#4830,1.);
#3077=VECTOR('',#4831,1.);
#3078=VECTOR('',#4832,1.);
#3079=VECTOR('',#4835,1.);
#3080=VECTOR('',#4836,1.);
#3081=VECTOR('',#4837,1.);
#3082=VECTOR('',#4838,1.);
#3083=VECTOR('',#4841,1.);
#3084=VECTOR('',#4842,1.);
#3085=VECTOR('',#4843,1.);
#3086=VECTOR('',#4844,1.);
#3087=VECTOR('',#4847,1.);
#3088=VECTOR('',#4848,1.);
#3089=VECTOR('',#4849,1.);
#3090=VECTOR('',#4850,1.);
#3091=VECTOR('',#4853,1.);
#3092=VECTOR('',#4854,1.);
#3093=VECTOR('',#4855,1.);
#3094=VECTOR('',#4858,1.);
#3095=VECTOR('',#4859,1.);
#3096=VECTOR('',#4860,1.);
#3097=VECTOR('',#4861,1.);
#3098=VECTOR('',#4864,1.);
#3099=VECTOR('',#4865,1.);
#3100=VECTOR('',#4866,1.);
#3101=VECTOR('',#4867,1.);
#3102=VECTOR('',#4870,1.);
#3103=VECTOR('',#4871,1.);
#3104=VECTOR('',#4872,1.);
#3105=VECTOR('',#4873,1.);
#3106=VECTOR('',#4876,1.);
#3107=VECTOR('',#4877,1.);
#3108=VECTOR('',#4878,1.);
#3109=VECTOR('',#4879,1.);
#3110=VECTOR('',#4882,1.);
#3111=VECTOR('',#4883,1.);
#3112=VECTOR('',#4884,1.);
#3113=VECTOR('',#4885,1.);
#3114=VECTOR('',#4888,1.);
#3115=VECTOR('',#4889,1.);
#3116=VECTOR('',#4890,1.);
#3117=VECTOR('',#4891,1.);
#3118=VECTOR('',#4894,1.);
#3119=VECTOR('',#4895,1.);
#3120=VECTOR('',#4896,1.);
#3121=VECTOR('',#4897,1.);
#3122=VECTOR('',#4900,1.);
#3123=VECTOR('',#4901,1.);
#3124=VECTOR('',#4902,1.);
#3125=VECTOR('',#4903,1.);
#3126=VECTOR('',#4906,1.);
#3127=VECTOR('',#4907,1.);
#3128=VECTOR('',#4908,1.);
#3129=VECTOR('',#4909,1.);
#3130=VECTOR('',#4912,1.);
#3131=VECTOR('',#4913,1.);
#3132=VECTOR('',#4914,1.);
#3133=VECTOR('',#4915,1.);
#3134=VECTOR('',#4930,1.);
#3135=VECTOR('',#4945,1.);
#3136=VECTOR('',#4960,1.);
#3137=VECTOR('',#4975,1.);
#3138=VECTOR('',#4990,1.);
#3139=VECTOR('',#5005,1.);
#3140=VECTOR('',#5020,1.);
#3141=VECTOR('',#5035,1.);
#3142=VECTOR('',#5050,1.);
#3143=VECTOR('',#5065,1.);
#3144=VECTOR('',#5074,1.);
#3145=VECTOR('',#5077,1.);
#3146=VECTOR('',#5080,1.);
#3147=VECTOR('',#5081,1.);
#3148=VECTOR('',#5084,1.);
#3149=VECTOR('',#5087,1.);
#3150=VECTOR('',#5090,1.);
#3151=VECTOR('',#5091,1.);
#3152=VECTOR('',#5094,1.);
#3153=VECTOR('',#5097,1.);
#3154=VECTOR('',#5100,1.);
#3155=VECTOR('',#5101,1.);
#3156=VECTOR('',#5104,1.);
#3157=VECTOR('',#5107,1.);
#3158=VECTOR('',#5110,1.);
#3159=VECTOR('',#5111,1.);
#3160=VECTOR('',#5114,1.);
#3161=VECTOR('',#5117,1.);
#3162=VECTOR('',#5120,1.);
#3163=VECTOR('',#5121,1.);
#3164=VECTOR('',#5124,1.);
#3165=VECTOR('',#5127,1.);
#3166=VECTOR('',#5132,1.);
#3167=VECTOR('',#5135,1.);
#3168=VECTOR('',#5140,1.);
#3169=VECTOR('',#5143,1.);
#3170=VECTOR('',#5148,1.);
#3171=VECTOR('',#5151,1.);
#3172=VECTOR('',#5156,1.);
#3173=VECTOR('',#5159,1.);
#3174=VECTOR('',#5164,1.);
#3175=VECTOR('',#5167,1.);
#3176=VECTOR('',#5172,1.);
#3177=VECTOR('',#5179,1.);
#3178=VECTOR('',#5182,1.);
#3179=VECTOR('',#5183,1.);
#3180=VECTOR('',#5186,1.);
#3181=VECTOR('',#5187,1.);
#3182=VECTOR('',#5188,1.);
#3183=VECTOR('',#5189,1.);
#3184=VECTOR('',#5192,1.);
#3185=VECTOR('',#5193,1.);
#3186=VECTOR('',#5200,1.);
#3187=VECTOR('',#5201,1.);
#3188=VECTOR('',#5202,1.);
#3189=VECTOR('',#5215,1.);
#3190=VECTOR('',#5218,1.);
#3191=VECTOR('',#5219,1.);
#3192=VECTOR('',#5222,1.);
#3193=VECTOR('',#5223,1.);
#3194=VECTOR('',#5224,1.);
#3195=VECTOR('',#5225,1.);
#3196=VECTOR('',#5228,1.);
#3197=VECTOR('',#5229,1.);
#3198=VECTOR('',#5236,1.);
#3199=VECTOR('',#5237,1.);
#3200=VECTOR('',#5238,1.);
#3201=VECTOR('',#5251,1.);
#3202=VECTOR('',#5254,1.);
#3203=VECTOR('',#5255,1.);
#3204=VECTOR('',#5258,1.);
#3205=VECTOR('',#5259,1.);
#3206=VECTOR('',#5260,1.);
#3207=VECTOR('',#5261,1.);
#3208=VECTOR('',#5264,1.);
#3209=VECTOR('',#5265,1.);
#3210=VECTOR('',#5272,1.);
#3211=VECTOR('',#5273,1.);
#3212=VECTOR('',#5274,1.);
#3213=VECTOR('',#5287,1.);
#3214=VECTOR('',#5290,1.);
#3215=VECTOR('',#5291,1.);
#3216=VECTOR('',#5294,1.);
#3217=VECTOR('',#5295,1.);
#3218=VECTOR('',#5296,1.);
#3219=VECTOR('',#5297,1.);
#3220=VECTOR('',#5300,1.);
#3221=VECTOR('',#5301,1.);
#3222=VECTOR('',#5308,1.);
#3223=VECTOR('',#5309,1.);
#3224=VECTOR('',#5310,1.);
#3225=VECTOR('',#5323,1.);
#3226=VECTOR('',#5326,1.);
#3227=VECTOR('',#5327,1.);
#3228=VECTOR('',#5330,1.);
#3229=VECTOR('',#5331,1.);
#3230=VECTOR('',#5332,1.);
#3231=VECTOR('',#5333,1.);
#3232=VECTOR('',#5336,1.);
#3233=VECTOR('',#5337,1.);
#3234=VECTOR('',#5344,1.);
#3235=VECTOR('',#5345,1.);
#3236=VECTOR('',#5346,1.);
#3237=VECTOR('',#5359,1.);
#3238=VECTOR('',#5362,1.);
#3239=VECTOR('',#5363,1.);
#3240=VECTOR('',#5366,1.);
#3241=VECTOR('',#5367,1.);
#3242=VECTOR('',#5368,1.);
#3243=VECTOR('',#5369,1.);
#3244=VECTOR('',#5372,1.);
#3245=VECTOR('',#5373,1.);
#3246=VECTOR('',#5380,1.);
#3247=VECTOR('',#5381,1.);
#3248=VECTOR('',#5382,1.);
#3249=VECTOR('',#5395,1.);
#3250=VECTOR('',#5398,1.);
#3251=VECTOR('',#5399,1.);
#3252=VECTOR('',#5402,1.);
#3253=VECTOR('',#5403,1.);
#3254=VECTOR('',#5404,1.);
#3255=VECTOR('',#5405,1.);
#3256=VECTOR('',#5408,1.);
#3257=VECTOR('',#5409,1.);
#3258=VECTOR('',#5416,1.);
#3259=VECTOR('',#5417,1.);
#3260=VECTOR('',#5418,1.);
#3261=VECTOR('',#5431,1.);
#3262=VECTOR('',#5434,1.);
#3263=VECTOR('',#5435,1.);
#3264=VECTOR('',#5438,1.);
#3265=VECTOR('',#5439,1.);
#3266=VECTOR('',#5440,1.);
#3267=VECTOR('',#5441,1.);
#3268=VECTOR('',#5444,1.);
#3269=VECTOR('',#5445,1.);
#3270=VECTOR('',#5452,1.);
#3271=VECTOR('',#5453,1.);
#3272=VECTOR('',#5454,1.);
#3273=VECTOR('',#5467,1.);
#3274=VECTOR('',#5470,1.);
#3275=VECTOR('',#5471,1.);
#3276=VECTOR('',#5474,1.);
#3277=VECTOR('',#5475,1.);
#3278=VECTOR('',#5476,1.);
#3279=VECTOR('',#5477,1.);
#3280=VECTOR('',#5480,1.);
#3281=VECTOR('',#5481,1.);
#3282=VECTOR('',#5488,1.);
#3283=VECTOR('',#5489,1.);
#3284=VECTOR('',#5490,1.);
#3285=VECTOR('',#5505,1.);
#3286=VECTOR('',#5506,1.);
#3287=VECTOR('',#5509,1.);
#3288=VECTOR('',#5510,1.);
#3289=VECTOR('',#5511,1.);
#3290=VECTOR('',#5512,1.);
#3291=VECTOR('',#5515,1.);
#3292=VECTOR('',#5516,1.);
#3293=VECTOR('',#5523,1.);
#3294=VECTOR('',#5528,1.);
#3295=VECTOR('',#5533,1.);
#3296=EDGE_LOOP('',(#190,#191,#192));
#3297=EDGE_LOOP('',(#193,#194,#195));
#3298=EDGE_LOOP('',(#196,#197,#198));
#3299=EDGE_LOOP('',(#199,#200,#201));
#3300=EDGE_LOOP('',(#202,#203,#204));
#3301=EDGE_LOOP('',(#205,#206,#207));
#3302=EDGE_LOOP('',(#208,#209,#210));
#3303=EDGE_LOOP('',(#211,#212,#213));
#3304=EDGE_LOOP('',(#214,#215,#216));
#3305=EDGE_LOOP('',(#217,#218,#219));
#3306=EDGE_LOOP('',(#220));
#3307=EDGE_LOOP('',(#221,#222,#223,#224,#225,#226,#227,#228,#229,#230,#231,
#232,#233,#234,#235,#236,#237,#238,#239,#240,#241,#242,#243,#244,#245,#246,
#247,#248,#249,#250,#251,#252,#253,#254,#255,#256,#257,#258,#259,#260,#261,
#262,#263,#264,#265,#266,#267,#268,#269,#270,#271,#272,#273,#274,#275,#276,
#277,#278,#279,#280,#281,#282,#283,#284,#285,#286,#287,#288,#289,#290,#291,
#292,#293,#294,#295,#296,#297,#298,#299,#300,#301,#302,#303,#304,#305,#306,
#307,#308));
#3308=EDGE_LOOP('',(#309,#310,#311));
#3309=EDGE_LOOP('',(#312,#313,#314));
#3310=EDGE_LOOP('',(#315,#316,#317));
#3311=EDGE_LOOP('',(#318,#319,#320));
#3312=EDGE_LOOP('',(#321,#322,#323));
#3313=EDGE_LOOP('',(#324,#325,#326));
#3314=EDGE_LOOP('',(#327,#328,#329));
#3315=EDGE_LOOP('',(#330,#331,#332));
#3316=EDGE_LOOP('',(#333,#334,#335));
#3317=EDGE_LOOP('',(#336,#337,#338));
#3318=EDGE_LOOP('',(#339,#340,#341,#342,#343,#344,#345));
#3319=EDGE_LOOP('',(#346,#347,#348));
#3320=EDGE_LOOP('',(#349,#350,#351));
#3321=EDGE_LOOP('',(#352));
#3322=EDGE_LOOP('',(#353,#354,#355,#356,#357,#358));
#3323=EDGE_LOOP('',(#359,#360,#361,#362,#363,#364,#365));
#3324=EDGE_LOOP('',(#366,#367,#368,#369,#370,#371));
#3325=EDGE_LOOP('',(#372,#373,#374,#375));
#3326=EDGE_LOOP('',(#376,#377,#378,#379,#380,#381));
#3327=EDGE_LOOP('',(#382,#383,#384,#385));
#3328=EDGE_LOOP('',(#386,#387,#388,#389,#390,#391,#392,#393,#394,#395,#396,
#397,#398,#399,#400,#401,#402,#403,#404,#405,#406,#407,#408,#409,#410,#411,
#412,#413,#414,#415,#416,#417,#418,#419,#420,#421,#422,#423,#424,#425,#426,
#427,#428,#429,#430,#431,#432,#433,#434,#435,#436,#437,#438,#439,#440,#441,
#442,#443,#444,#445,#446,#447,#448,#449,#450,#451,#452,#453,#454,#455,#456,
#457,#458,#459,#460,#461,#462,#463,#464,#465,#466,#467,#468,#469,#470,#471,
#472,#473,#474,#475,#476,#477,#478,#479,#480,#481,#482,#483,#484,#485,#486,
#487,#488,#489,#490,#491,#492,#493,#494,#495));
#3329=EDGE_LOOP('',(#496,#497,#498,#499));
#3330=EDGE_LOOP('',(#500,#501,#502,#503));
#3331=EDGE_LOOP('',(#504,#505,#506,#507));
#3332=EDGE_LOOP('',(#508,#509,#510,#511));
#3333=EDGE_LOOP('',(#512,#513,#514,#515));
#3334=EDGE_LOOP('',(#516,#517,#518,#519));
#3335=EDGE_LOOP('',(#520,#521,#522,#523));
#3336=EDGE_LOOP('',(#524,#525,#526,#527));
#3337=EDGE_LOOP('',(#528,#529,#530,#531));
#3338=EDGE_LOOP('',(#532,#533,#534,#535));
#3339=EDGE_LOOP('',(#536,#537,#538,#539));
#3340=EDGE_LOOP('',(#540,#541,#542,#543));
#3341=EDGE_LOOP('',(#544,#545,#546,#547));
#3342=EDGE_LOOP('',(#548,#549,#550,#551));
#3343=EDGE_LOOP('',(#552,#553,#554,#555));
#3344=EDGE_LOOP('',(#556,#557,#558,#559));
#3345=EDGE_LOOP('',(#560,#561,#562,#563));
#3346=EDGE_LOOP('',(#564,#565,#566,#567));
#3347=EDGE_LOOP('',(#568,#569,#570,#571));
#3348=EDGE_LOOP('',(#572,#573,#574,#575));
#3349=EDGE_LOOP('',(#576,#577,#578,#579));
#3350=EDGE_LOOP('',(#580,#581,#582,#583));
#3351=EDGE_LOOP('',(#584,#585,#586,#587));
#3352=EDGE_LOOP('',(#588,#589,#590,#591));
#3353=EDGE_LOOP('',(#592,#593,#594,#595));
#3354=EDGE_LOOP('',(#596,#597,#598,#599,#600,#601));
#3355=EDGE_LOOP('',(#602,#603,#604,#605));
#3356=EDGE_LOOP('',(#606,#607,#608,#609));
#3357=EDGE_LOOP('',(#610,#611,#612,#613,#614,#615));
#3358=EDGE_LOOP('',(#616,#617,#618,#619));
#3359=EDGE_LOOP('',(#620,#621,#622,#623));
#3360=EDGE_LOOP('',(#624,#625,#626,#627,#628,#629));
#3361=EDGE_LOOP('',(#630,#631,#632,#633));
#3362=EDGE_LOOP('',(#634,#635,#636,#637));
#3363=EDGE_LOOP('',(#638,#639,#640,#641,#642,#643));
#3364=EDGE_LOOP('',(#644,#645,#646,#647));
#3365=EDGE_LOOP('',(#648,#649,#650,#651));
#3366=EDGE_LOOP('',(#652,#653,#654,#655,#656,#657));
#3367=EDGE_LOOP('',(#658,#659,#660,#661));
#3368=EDGE_LOOP('',(#662,#663,#664,#665));
#3369=EDGE_LOOP('',(#666,#667,#668,#669,#670,#671));
#3370=EDGE_LOOP('',(#672,#673,#674,#675));
#3371=EDGE_LOOP('',(#676,#677,#678,#679));
#3372=EDGE_LOOP('',(#680,#681,#682,#683,#684,#685));
#3373=EDGE_LOOP('',(#686,#687,#688,#689));
#3374=EDGE_LOOP('',(#690,#691,#692,#693));
#3375=EDGE_LOOP('',(#694,#695,#696,#697,#698,#699));
#3376=EDGE_LOOP('',(#700,#701,#702,#703));
#3377=EDGE_LOOP('',(#704,#705,#706,#707));
#3378=EDGE_LOOP('',(#708,#709,#710,#711,#712,#713));
#3379=EDGE_LOOP('',(#714,#715,#716,#717));
#3380=EDGE_LOOP('',(#718,#719,#720,#721));
#3381=EDGE_LOOP('',(#722,#723,#724,#725,#726,#727));
#3382=EDGE_LOOP('',(#728,#729,#730,#731));
#3383=EDGE_LOOP('',(#732,#733,#734,#735,#736,#737,#738));
#3384=EDGE_LOOP('',(#739,#740,#741,#742,#743,#744,#745));
#3385=EDGE_LOOP('',(#746,#747,#748,#749,#750,#751));
#3386=EDGE_LOOP('',(#752,#753,#754,#755,#756,#757,#758));
#3387=EDGE_LOOP('',(#759,#760,#761,#762,#763,#764,#765));
#3388=EDGE_LOOP('',(#766,#767,#768,#769,#770,#771));
#3389=EDGE_LOOP('',(#772,#773,#774,#775,#776,#777,#778));
#3390=EDGE_LOOP('',(#779,#780,#781,#782,#783,#784,#785));
#3391=EDGE_LOOP('',(#786,#787,#788,#789,#790,#791));
#3392=EDGE_LOOP('',(#792,#793,#794,#795,#796,#797,#798));
#3393=EDGE_LOOP('',(#799,#800,#801,#802,#803,#804,#805));
#3394=EDGE_LOOP('',(#806,#807,#808,#809,#810,#811));
#3395=EDGE_LOOP('',(#812,#813,#814,#815,#816,#817,#818));
#3396=EDGE_LOOP('',(#819,#820,#821,#822,#823,#824,#825));
#3397=EDGE_LOOP('',(#826,#827,#828,#829,#830,#831));
#3398=EDGE_LOOP('',(#832,#833,#834,#835,#836,#837,#838));
#3399=EDGE_LOOP('',(#839,#840,#841,#842,#843,#844,#845));
#3400=EDGE_LOOP('',(#846,#847,#848,#849,#850,#851,#852));
#3401=EDGE_LOOP('',(#853,#854,#855,#856,#857,#858));
#3402=EDGE_LOOP('',(#859,#860,#861,#862,#863,#864,#865));
#3403=EDGE_LOOP('',(#866,#867,#868,#869,#870,#871,#872));
#3404=EDGE_LOOP('',(#873,#874,#875,#876,#877,#878));
#3405=EDGE_LOOP('',(#879,#880,#881,#882,#883,#884,#885));
#3406=EDGE_LOOP('',(#886,#887,#888,#889,#890,#891,#892));
#3407=EDGE_LOOP('',(#893,#894,#895,#896,#897,#898));
#3408=EDGE_LOOP('',(#899,#900,#901,#902,#903,#904,#905));
#3409=EDGE_LOOP('',(#906,#907,#908,#909,#910,#911,#912));
#3410=EDGE_LOOP('',(#913,#914,#915,#916,#917,#918));
#3411=EDGE_LOOP('',(#919,#920,#921,#922,#923,#924,#925));
#3412=EDGE_LOOP('',(#926,#927,#928,#929,#930,#931,#932));
#3413=EDGE_LOOP('',(#933,#934,#935,#936,#937,#938));
#3414=EDGE_LOOP('',(#939,#940,#941,#942,#943,#944,#945));
#3415=EDGE_LOOP('',(#946,#947,#948,#949));
#3416=EDGE_LOOP('',(#950,#951,#952,#953));
#3417=EDGE_LOOP('',(#954,#955,#956,#957,#958,#959));
#3418=EDGE_LOOP('',(#960,#961,#962,#963,#964,#965,#966));
#3419=EDGE_LOOP('',(#967,#968,#969,#970,#971,#972));
#3420=EDGE_LOOP('',(#973,#974,#975,#976));
#3421=EDGE_LOOP('',(#977,#978,#979,#980));
#3422=EDGE_LOOP('',(#981,#982,#983,#984));
#3423=EDGE_LOOP('',(#985,#986,#987,#988));
#3424=EDGE_LOOP('',(#989,#990,#991,#992,#993,#994,#995));
#3425=EDGE_LOOP('',(#996,#997,#998,#999,#1000,#1001));
#3426=EDGE_LOOP('',(#1002,#1003,#1004,#1005,#1006,#1007,#1008));
#3427=EDGE_LOOP('',(#1009,#1010,#1011,#1012,#1013,#1014));
#3428=EDGE_LOOP('',(#1015,#1016,#1017,#1018));
#3429=EDGE_LOOP('',(#1019,#1020,#1021,#1022));
#3430=EDGE_LOOP('',(#1023,#1024,#1025,#1026));
#3431=EDGE_LOOP('',(#1027,#1028,#1029,#1030));
#3432=EDGE_LOOP('',(#1031,#1032,#1033,#1034,#1035,#1036,#1037));
#3433=EDGE_LOOP('',(#1038,#1039,#1040,#1041,#1042,#1043));
#3434=EDGE_LOOP('',(#1044,#1045,#1046,#1047,#1048,#1049,#1050));
#3435=EDGE_LOOP('',(#1051,#1052,#1053,#1054,#1055,#1056));
#3436=EDGE_LOOP('',(#1057,#1058,#1059,#1060));
#3437=EDGE_LOOP('',(#1061,#1062,#1063,#1064));
#3438=EDGE_LOOP('',(#1065,#1066,#1067,#1068));
#3439=EDGE_LOOP('',(#1069,#1070,#1071,#1072));
#3440=EDGE_LOOP('',(#1073,#1074,#1075,#1076,#1077,#1078,#1079));
#3441=EDGE_LOOP('',(#1080,#1081,#1082,#1083,#1084,#1085));
#3442=EDGE_LOOP('',(#1086,#1087,#1088,#1089,#1090,#1091,#1092));
#3443=EDGE_LOOP('',(#1093,#1094,#1095,#1096,#1097,#1098));
#3444=EDGE_LOOP('',(#1099,#1100,#1101,#1102));
#3445=EDGE_LOOP('',(#1103,#1104,#1105,#1106));
#3446=EDGE_LOOP('',(#1107,#1108,#1109,#1110));
#3447=EDGE_LOOP('',(#1111,#1112,#1113,#1114));
#3448=EDGE_LOOP('',(#1115,#1116,#1117,#1118,#1119,#1120,#1121));
#3449=EDGE_LOOP('',(#1122,#1123,#1124,#1125,#1126,#1127));
#3450=EDGE_LOOP('',(#1128,#1129,#1130,#1131,#1132,#1133,#1134));
#3451=EDGE_LOOP('',(#1135,#1136,#1137,#1138,#1139,#1140));
#3452=EDGE_LOOP('',(#1141,#1142,#1143,#1144));
#3453=EDGE_LOOP('',(#1145,#1146,#1147,#1148));
#3454=EDGE_LOOP('',(#1149,#1150,#1151,#1152));
#3455=EDGE_LOOP('',(#1153,#1154,#1155,#1156));
#3456=EDGE_LOOP('',(#1157,#1158,#1159,#1160,#1161,#1162,#1163));
#3457=EDGE_LOOP('',(#1164,#1165,#1166,#1167,#1168,#1169));
#3458=EDGE_LOOP('',(#1170,#1171,#1172,#1173,#1174,#1175,#1176));
#3459=EDGE_LOOP('',(#1177,#1178,#1179,#1180,#1181,#1182));
#3460=EDGE_LOOP('',(#1183,#1184,#1185,#1186));
#3461=EDGE_LOOP('',(#1187,#1188,#1189,#1190));
#3462=EDGE_LOOP('',(#1191,#1192,#1193,#1194));
#3463=EDGE_LOOP('',(#1195,#1196,#1197,#1198));
#3464=EDGE_LOOP('',(#1199,#1200,#1201,#1202,#1203,#1204,#1205));
#3465=EDGE_LOOP('',(#1206,#1207,#1208,#1209,#1210,#1211));
#3466=EDGE_LOOP('',(#1212,#1213,#1214,#1215,#1216,#1217,#1218));
#3467=EDGE_LOOP('',(#1219,#1220,#1221,#1222,#1223,#1224));
#3468=EDGE_LOOP('',(#1225,#1226,#1227,#1228));
#3469=EDGE_LOOP('',(#1229,#1230,#1231,#1232));
#3470=EDGE_LOOP('',(#1233,#1234,#1235,#1236));
#3471=EDGE_LOOP('',(#1237,#1238,#1239,#1240));
#3472=EDGE_LOOP('',(#1241,#1242,#1243,#1244,#1245,#1246,#1247));
#3473=EDGE_LOOP('',(#1248,#1249,#1250,#1251,#1252,#1253));
#3474=EDGE_LOOP('',(#1254,#1255,#1256,#1257,#1258,#1259,#1260));
#3475=EDGE_LOOP('',(#1261,#1262,#1263,#1264,#1265,#1266));
#3476=EDGE_LOOP('',(#1267,#1268,#1269,#1270));
#3477=EDGE_LOOP('',(#1271,#1272,#1273,#1274));
#3478=EDGE_LOOP('',(#1275,#1276,#1277,#1278));
#3479=EDGE_LOOP('',(#1279,#1280,#1281,#1282));
#3480=EDGE_LOOP('',(#1283,#1284,#1285,#1286,#1287,#1288,#1289));
#3481=EDGE_LOOP('',(#1290,#1291,#1292,#1293,#1294,#1295));
#3482=EDGE_LOOP('',(#1296,#1297,#1298,#1299,#1300,#1301,#1302));
#3483=EDGE_LOOP('',(#1303,#1304,#1305,#1306,#1307,#1308));
#3484=EDGE_LOOP('',(#1309,#1310,#1311,#1312));
#3485=EDGE_LOOP('',(#1313,#1314,#1315,#1316));
#3486=EDGE_LOOP('',(#1317,#1318,#1319,#1320));
#3487=EDGE_LOOP('',(#1321,#1322,#1323,#1324));
#3488=EDGE_LOOP('',(#1325,#1326,#1327,#1328,#1329,#1330,#1331));
#3489=EDGE_LOOP('',(#1332,#1333,#1334,#1335,#1336,#1337));
#3490=EDGE_LOOP('',(#1338,#1339,#1340,#1341,#1342,#1343,#1344));
#3491=EDGE_LOOP('',(#1345,#1346,#1347,#1348,#1349,#1350));
#3492=EDGE_LOOP('',(#1351,#1352,#1353,#1354));
#3493=EDGE_LOOP('',(#1355,#1356,#1357,#1358));
#3494=EDGE_LOOP('',(#1359,#1360,#1361,#1362,#1363,#1364,#1365));
#3495=EDGE_LOOP('',(#1366,#1367,#1368,#1369));
#3496=EDGE_LOOP('',(#1370,#1371,#1372,#1373));
#3497=EDGE_LOOP('',(#1374,#1375,#1376,#1377,#1378,#1379));
#3498=FACE_BOUND('',#3296,.T.);
#3499=FACE_BOUND('',#3297,.T.);
#3500=FACE_BOUND('',#3298,.T.);
#3501=FACE_BOUND('',#3299,.T.);
#3502=FACE_BOUND('',#3300,.T.);
#3503=FACE_BOUND('',#3301,.T.);
#3504=FACE_BOUND('',#3302,.T.);
#3505=FACE_BOUND('',#3303,.T.);
#3506=FACE_BOUND('',#3304,.T.);
#3507=FACE_BOUND('',#3305,.T.);
#3508=FACE_BOUND('',#3306,.T.);
#3509=FACE_BOUND('',#3307,.T.);
#3510=FACE_BOUND('',#3308,.T.);
#3511=FACE_BOUND('',#3309,.T.);
#3512=FACE_BOUND('',#3310,.T.);
#3513=FACE_BOUND('',#3311,.T.);
#3514=FACE_BOUND('',#3312,.T.);
#3515=FACE_BOUND('',#3313,.T.);
#3516=FACE_BOUND('',#3314,.T.);
#3517=FACE_BOUND('',#3315,.T.);
#3518=FACE_BOUND('',#3316,.T.);
#3519=FACE_BOUND('',#3317,.T.);
#3520=FACE_BOUND('',#3318,.T.);
#3521=FACE_BOUND('',#3319,.T.);
#3522=FACE_BOUND('',#3320,.T.);
#3523=FACE_BOUND('',#3321,.T.);
#3524=FACE_BOUND('',#3322,.T.);
#3525=FACE_BOUND('',#3323,.T.);
#3526=FACE_BOUND('',#3324,.T.);
#3527=FACE_BOUND('',#3325,.T.);
#3528=FACE_BOUND('',#3326,.T.);
#3529=FACE_BOUND('',#3327,.T.);
#3530=FACE_BOUND('',#3328,.T.);
#3531=FACE_BOUND('',#3329,.T.);
#3532=FACE_BOUND('',#3330,.T.);
#3533=FACE_BOUND('',#3331,.T.);
#3534=FACE_BOUND('',#3332,.T.);
#3535=FACE_BOUND('',#3333,.T.);
#3536=FACE_BOUND('',#3334,.T.);
#3537=FACE_BOUND('',#3335,.T.);
#3538=FACE_BOUND('',#3336,.T.);
#3539=FACE_BOUND('',#3337,.T.);
#3540=FACE_BOUND('',#3338,.T.);
#3541=FACE_BOUND('',#3339,.T.);
#3542=FACE_BOUND('',#3340,.T.);
#3543=FACE_BOUND('',#3341,.T.);
#3544=FACE_BOUND('',#3342,.T.);
#3545=FACE_BOUND('',#3343,.T.);
#3546=FACE_BOUND('',#3344,.T.);
#3547=FACE_BOUND('',#3345,.T.);
#3548=FACE_BOUND('',#3346,.T.);
#3549=FACE_BOUND('',#3347,.T.);
#3550=FACE_BOUND('',#3348,.T.);
#3551=FACE_BOUND('',#3349,.T.);
#3552=FACE_BOUND('',#3350,.T.);
#3553=FACE_BOUND('',#3351,.T.);
#3554=FACE_BOUND('',#3352,.T.);
#3555=FACE_BOUND('',#3353,.T.);
#3556=FACE_BOUND('',#3354,.T.);
#3557=FACE_BOUND('',#3355,.T.);
#3558=FACE_BOUND('',#3356,.T.);
#3559=FACE_BOUND('',#3357,.T.);
#3560=FACE_BOUND('',#3358,.T.);
#3561=FACE_BOUND('',#3359,.T.);
#3562=FACE_BOUND('',#3360,.T.);
#3563=FACE_BOUND('',#3361,.T.);
#3564=FACE_BOUND('',#3362,.T.);
#3565=FACE_BOUND('',#3363,.T.);
#3566=FACE_BOUND('',#3364,.T.);
#3567=FACE_BOUND('',#3365,.T.);
#3568=FACE_BOUND('',#3366,.T.);
#3569=FACE_BOUND('',#3367,.T.);
#3570=FACE_BOUND('',#3368,.T.);
#3571=FACE_BOUND('',#3369,.T.);
#3572=FACE_BOUND('',#3370,.T.);
#3573=FACE_BOUND('',#3371,.T.);
#3574=FACE_BOUND('',#3372,.T.);
#3575=FACE_BOUND('',#3373,.T.);
#3576=FACE_BOUND('',#3374,.T.);
#3577=FACE_BOUND('',#3375,.T.);
#3578=FACE_BOUND('',#3376,.T.);
#3579=FACE_BOUND('',#3377,.T.);
#3580=FACE_BOUND('',#3378,.T.);
#3581=FACE_BOUND('',#3379,.T.);
#3582=FACE_BOUND('',#3380,.T.);
#3583=FACE_BOUND('',#3381,.T.);
#3584=FACE_BOUND('',#3382,.T.);
#3585=FACE_BOUND('',#3383,.T.);
#3586=FACE_BOUND('',#3384,.T.);
#3587=FACE_BOUND('',#3385,.T.);
#3588=FACE_BOUND('',#3386,.T.);
#3589=FACE_BOUND('',#3387,.T.);
#3590=FACE_BOUND('',#3388,.T.);
#3591=FACE_BOUND('',#3389,.T.);
#3592=FACE_BOUND('',#3390,.T.);
#3593=FACE_BOUND('',#3391,.T.);
#3594=FACE_BOUND('',#3392,.T.);
#3595=FACE_BOUND('',#3393,.T.);
#3596=FACE_BOUND('',#3394,.T.);
#3597=FACE_BOUND('',#3395,.T.);
#3598=FACE_BOUND('',#3396,.T.);
#3599=FACE_BOUND('',#3397,.T.);
#3600=FACE_BOUND('',#3398,.T.);
#3601=FACE_BOUND('',#3399,.T.);
#3602=FACE_BOUND('',#3400,.T.);
#3603=FACE_BOUND('',#3401,.T.);
#3604=FACE_BOUND('',#3402,.T.);
#3605=FACE_BOUND('',#3403,.T.);
#3606=FACE_BOUND('',#3404,.T.);
#3607=FACE_BOUND('',#3405,.T.);
#3608=FACE_BOUND('',#3406,.T.);
#3609=FACE_BOUND('',#3407,.T.);
#3610=FACE_BOUND('',#3408,.T.);
#3611=FACE_BOUND('',#3409,.T.);
#3612=FACE_BOUND('',#3410,.T.);
#3613=FACE_BOUND('',#3411,.T.);
#3614=FACE_BOUND('',#3412,.T.);
#3615=FACE_BOUND('',#3413,.T.);
#3616=FACE_BOUND('',#3414,.T.);
#3617=FACE_BOUND('',#3415,.T.);
#3618=FACE_BOUND('',#3416,.T.);
#3619=FACE_BOUND('',#3417,.T.);
#3620=FACE_BOUND('',#3418,.T.);
#3621=FACE_BOUND('',#3419,.T.);
#3622=FACE_BOUND('',#3420,.T.);
#3623=FACE_BOUND('',#3421,.T.);
#3624=FACE_BOUND('',#3422,.T.);
#3625=FACE_BOUND('',#3423,.T.);
#3626=FACE_BOUND('',#3424,.T.);
#3627=FACE_BOUND('',#3425,.T.);
#3628=FACE_BOUND('',#3426,.T.);
#3629=FACE_BOUND('',#3427,.T.);
#3630=FACE_BOUND('',#3428,.T.);
#3631=FACE_BOUND('',#3429,.T.);
#3632=FACE_BOUND('',#3430,.T.);
#3633=FACE_BOUND('',#3431,.T.);
#3634=FACE_BOUND('',#3432,.T.);
#3635=FACE_BOUND('',#3433,.T.);
#3636=FACE_BOUND('',#3434,.T.);
#3637=FACE_BOUND('',#3435,.T.);
#3638=FACE_BOUND('',#3436,.T.);
#3639=FACE_BOUND('',#3437,.T.);
#3640=FACE_BOUND('',#3438,.T.);
#3641=FACE_BOUND('',#3439,.T.);
#3642=FACE_BOUND('',#3440,.T.);
#3643=FACE_BOUND('',#3441,.T.);
#3644=FACE_BOUND('',#3442,.T.);
#3645=FACE_BOUND('',#3443,.T.);
#3646=FACE_BOUND('',#3444,.T.);
#3647=FACE_BOUND('',#3445,.T.);
#3648=FACE_BOUND('',#3446,.T.);
#3649=FACE_BOUND('',#3447,.T.);
#3650=FACE_BOUND('',#3448,.T.);
#3651=FACE_BOUND('',#3449,.T.);
#3652=FACE_BOUND('',#3450,.T.);
#3653=FACE_BOUND('',#3451,.T.);
#3654=FACE_BOUND('',#3452,.T.);
#3655=FACE_BOUND('',#3453,.T.);
#3656=FACE_BOUND('',#3454,.T.);
#3657=FACE_BOUND('',#3455,.T.);
#3658=FACE_BOUND('',#3456,.T.);
#3659=FACE_BOUND('',#3457,.T.);
#3660=FACE_BOUND('',#3458,.T.);
#3661=FACE_BOUND('',#3459,.T.);
#3662=FACE_BOUND('',#3460,.T.);
#3663=FACE_BOUND('',#3461,.T.);
#3664=FACE_BOUND('',#3462,.T.);
#3665=FACE_BOUND('',#3463,.T.);
#3666=FACE_BOUND('',#3464,.T.);
#3667=FACE_BOUND('',#3465,.T.);
#3668=FACE_BOUND('',#3466,.T.);
#3669=FACE_BOUND('',#3467,.T.);
#3670=FACE_BOUND('',#3468,.T.);
#3671=FACE_BOUND('',#3469,.T.);
#3672=FACE_BOUND('',#3470,.T.);
#3673=FACE_BOUND('',#3471,.T.);
#3674=FACE_BOUND('',#3472,.T.);
#3675=FACE_BOUND('',#3473,.T.);
#3676=FACE_BOUND('',#3474,.T.);
#3677=FACE_BOUND('',#3475,.T.);
#3678=FACE_BOUND('',#3476,.T.);
#3679=FACE_BOUND('',#3477,.T.);
#3680=FACE_BOUND('',#3478,.T.);
#3681=FACE_BOUND('',#3479,.T.);
#3682=FACE_BOUND('',#3480,.T.);
#3683=FACE_BOUND('',#3481,.T.);
#3684=FACE_BOUND('',#3482,.T.);
#3685=FACE_BOUND('',#3483,.T.);
#3686=FACE_BOUND('',#3484,.T.);
#3687=FACE_BOUND('',#3485,.T.);
#3688=FACE_BOUND('',#3486,.T.);
#3689=FACE_BOUND('',#3487,.T.);
#3690=FACE_BOUND('',#3488,.T.);
#3691=FACE_BOUND('',#3489,.T.);
#3692=FACE_BOUND('',#3490,.T.);
#3693=FACE_BOUND('',#3491,.T.);
#3694=FACE_BOUND('',#3492,.T.);
#3695=FACE_BOUND('',#3493,.T.);
#3696=FACE_BOUND('',#3494,.T.);
#3697=FACE_BOUND('',#3495,.T.);
#3698=FACE_BOUND('',#3496,.T.);
#3699=FACE_BOUND('',#3497,.T.);
#3700=PLANE('',#4070);
#3701=PLANE('',#4072);
#3702=PLANE('',#4074);
#3703=PLANE('',#4076);
#3704=PLANE('',#4078);
#3705=PLANE('',#4080);
#3706=PLANE('',#4082);
#3707=PLANE('',#4084);
#3708=PLANE('',#4086);
#3709=PLANE('',#4088);
#3710=PLANE('',#4126);
#3711=PLANE('',#4127);
#3712=PLANE('',#4128);
#3713=PLANE('',#4129);
#3714=PLANE('',#4130);
#3715=PLANE('',#4131);
#3716=PLANE('',#4132);
#3717=PLANE('',#4133);
#3718=PLANE('',#4134);
#3719=PLANE('',#4135);
#3720=PLANE('',#4136);
#3721=PLANE('',#4138);
#3722=PLANE('',#4139);
#3723=PLANE('',#4140);
#3724=PLANE('',#4141);
#3725=PLANE('',#4142);
#3726=PLANE('',#4144);
#3727=PLANE('',#4147);
#3728=PLANE('',#4148);
#3729=PLANE('',#4149);
#3730=PLANE('',#4150);
#3731=PLANE('',#4154);
#3732=PLANE('',#4155);
#3733=PLANE('',#4156);
#3734=PLANE('',#4157);
#3735=PLANE('',#4158);
#3736=PLANE('',#4159);
#3737=PLANE('',#4160);
#3738=PLANE('',#4161);
#3739=PLANE('',#4162);
#3740=PLANE('',#4163);
#3741=PLANE('',#4164);
#3742=PLANE('',#4165);
#3743=PLANE('',#4166);
#3744=PLANE('',#4167);
#3745=PLANE('',#4168);
#3746=PLANE('',#4169);
#3747=PLANE('',#4170);
#3748=PLANE('',#4171);
#3749=PLANE('',#4172);
#3750=PLANE('',#4173);
#3751=PLANE('',#4174);
#3752=PLANE('',#4181);
#3753=PLANE('',#4188);
#3754=PLANE('',#4195);
#3755=PLANE('',#4202);
#3756=PLANE('',#4209);
#3757=PLANE('',#4216);
#3758=PLANE('',#4223);
#3759=PLANE('',#4230);
#3760=PLANE('',#4237);
#3761=PLANE('',#4244);
#3762=PLANE('',#4248);
#3763=PLANE('',#4250);
#3764=PLANE('',#4251);
#3765=PLANE('',#4252);
#3766=PLANE('',#4253);
#3767=PLANE('',#4254);
#3768=PLANE('',#4255);
#3769=PLANE('',#4256);
#3770=PLANE('',#4257);
#3771=PLANE('',#4258);
#3772=PLANE('',#4259);
#3773=PLANE('',#4260);
#3774=PLANE('',#4261);
#3775=PLANE('',#4262);
#3776=PLANE('',#4263);
#3777=PLANE('',#4264);
#3778=PLANE('',#4265);
#3779=PLANE('',#4266);
#3780=PLANE('',#4267);
#3781=PLANE('',#4268);
#3782=PLANE('',#4269);
#3783=PLANE('',#4270);
#3784=PLANE('',#4271);
#3785=PLANE('',#4272);
#3786=PLANE('',#4273);
#3787=PLANE('',#4274);
#3788=PLANE('',#4275);
#3789=PLANE('',#4276);
#3790=PLANE('',#4277);
#3791=PLANE('',#4278);
#3792=PLANE('',#4279);
#3793=PLANE('',#4280);
#3794=PLANE('',#4282);
#3795=PLANE('',#4283);
#3796=PLANE('',#4284);
#3797=PLANE('',#4286);
#3798=PLANE('',#4287);
#3799=PLANE('',#4290);
#3800=PLANE('',#4294);
#3801=PLANE('',#4295);
#3802=PLANE('',#4296);
#3803=PLANE('',#4298);
#3804=PLANE('',#4299);
#3805=PLANE('',#4302);
#3806=PLANE('',#4306);
#3807=PLANE('',#4307);
#3808=PLANE('',#4308);
#3809=PLANE('',#4310);
#3810=PLANE('',#4311);
#3811=PLANE('',#4314);
#3812=PLANE('',#4318);
#3813=PLANE('',#4319);
#3814=PLANE('',#4320);
#3815=PLANE('',#4322);
#3816=PLANE('',#4323);
#3817=PLANE('',#4326);
#3818=PLANE('',#4330);
#3819=PLANE('',#4331);
#3820=PLANE('',#4332);
#3821=PLANE('',#4334);
#3822=PLANE('',#4335);
#3823=PLANE('',#4338);
#3824=PLANE('',#4342);
#3825=PLANE('',#4343);
#3826=PLANE('',#4344);
#3827=PLANE('',#4346);
#3828=PLANE('',#4347);
#3829=PLANE('',#4350);
#3830=PLANE('',#4354);
#3831=PLANE('',#4355);
#3832=PLANE('',#4356);
#3833=PLANE('',#4358);
#3834=PLANE('',#4359);
#3835=PLANE('',#4362);
#3836=PLANE('',#4366);
#3837=PLANE('',#4367);
#3838=PLANE('',#4368);
#3839=PLANE('',#4370);
#3840=PLANE('',#4371);
#3841=PLANE('',#4374);
#3842=PLANE('',#4378);
#3843=PLANE('',#4379);
#3844=PLANE('',#4380);
#3845=PLANE('',#4382);
#3846=PLANE('',#4383);
#3847=PLANE('',#4386);
#3848=PLANE('',#4390);
#3849=PLANE('',#4391);
#3850=PLANE('',#4392);
#3851=PLANE('',#4394);
#3852=PLANE('',#4395);
#3853=PLANE('',#4398);
#3854=PLANE('',#4402);
#3855=PLANE('',#4403);
#3856=ADVANCED_FACE('',(#3498),#3700,.T.);
#3857=ADVANCED_FACE('',(#3499),#3701,.T.);
#3858=ADVANCED_FACE('',(#3500),#3702,.T.);
#3859=ADVANCED_FACE('',(#3501),#3703,.T.);
#3860=ADVANCED_FACE('',(#3502),#3704,.T.);
#3861=ADVANCED_FACE('',(#3503),#3705,.T.);
#3862=ADVANCED_FACE('',(#3504),#3706,.T.);
#3863=ADVANCED_FACE('',(#3505),#3707,.T.);
#3864=ADVANCED_FACE('',(#3506),#3708,.T.);
#3865=ADVANCED_FACE('',(#3507),#3709,.T.);
#3866=ADVANCED_FACE('',(#3508,#3509),#12,.T.);
#3867=ADVANCED_FACE('',(#3510),#3710,.T.);
#3868=ADVANCED_FACE('',(#3511),#3711,.T.);
#3869=ADVANCED_FACE('',(#3512),#3712,.T.);
#3870=ADVANCED_FACE('',(#3513),#3713,.T.);
#3871=ADVANCED_FACE('',(#3514),#3714,.T.);
#3872=ADVANCED_FACE('',(#3515),#3715,.T.);
#3873=ADVANCED_FACE('',(#3516),#3716,.T.);
#3874=ADVANCED_FACE('',(#3517),#3717,.T.);
#3875=ADVANCED_FACE('',(#3518),#3718,.T.);
#3876=ADVANCED_FACE('',(#3519),#3719,.T.);
#3877=ADVANCED_FACE('',(#3520),#3720,.T.);
#3878=ADVANCED_FACE('',(#3521),#3721,.T.);
#3879=ADVANCED_FACE('',(#3522),#3722,.T.);
#3880=ADVANCED_FACE('',(#3523),#3723,.F.);
#3881=ADVANCED_FACE('',(#3524),#3724,.F.);
#3882=ADVANCED_FACE('',(#3525),#3725,.T.);
#3883=ADVANCED_FACE('',(#3526),#3726,.F.);
#3884=ADVANCED_FACE('',(#3527),#3727,.T.);
#3885=ADVANCED_FACE('',(#3528),#3728,.F.);
#3886=ADVANCED_FACE('',(#3529),#3729,.F.);
#3887=ADVANCED_FACE('',(#3530),#3730,.T.);
#3888=ADVANCED_FACE('',(#3531),#13,.T.);
#3889=ADVANCED_FACE('',(#3532),#14,.T.);
#3890=ADVANCED_FACE('',(#3533),#3731,.F.);
#3891=ADVANCED_FACE('',(#3534),#3732,.T.);
#3892=ADVANCED_FACE('',(#3535),#3733,.F.);
#3893=ADVANCED_FACE('',(#3536),#3734,.T.);
#3894=ADVANCED_FACE('',(#3537),#3735,.F.);
#3895=ADVANCED_FACE('',(#3538),#3736,.T.);
#3896=ADVANCED_FACE('',(#3539),#3737,.F.);
#3897=ADVANCED_FACE('',(#3540),#3738,.T.);
#3898=ADVANCED_FACE('',(#3541),#3739,.F.);
#3899=ADVANCED_FACE('',(#3542),#3740,.T.);
#3900=ADVANCED_FACE('',(#3543),#3741,.F.);
#3901=ADVANCED_FACE('',(#3544),#3742,.T.);
#3902=ADVANCED_FACE('',(#3545),#3743,.F.);
#3903=ADVANCED_FACE('',(#3546),#3744,.T.);
#3904=ADVANCED_FACE('',(#3547),#3745,.F.);
#3905=ADVANCED_FACE('',(#3548),#3746,.T.);
#3906=ADVANCED_FACE('',(#3549),#3747,.F.);
#3907=ADVANCED_FACE('',(#3550),#3748,.T.);
#3908=ADVANCED_FACE('',(#3551),#3749,.F.);
#3909=ADVANCED_FACE('',(#3552),#3750,.T.);
#3910=ADVANCED_FACE('',(#3553),#3751,.F.);
#3911=ADVANCED_FACE('',(#3554),#15,.T.);
#3912=ADVANCED_FACE('',(#3555),#16,.T.);
#3913=ADVANCED_FACE('',(#3556),#3752,.F.);
#3914=ADVANCED_FACE('',(#3557),#17,.T.);
#3915=ADVANCED_FACE('',(#3558),#18,.T.);
#3916=ADVANCED_FACE('',(#3559),#3753,.F.);
#3917=ADVANCED_FACE('',(#3560),#19,.T.);
#3918=ADVANCED_FACE('',(#3561),#20,.T.);
#3919=ADVANCED_FACE('',(#3562),#3754,.F.);
#3920=ADVANCED_FACE('',(#3563),#21,.T.);
#3921=ADVANCED_FACE('',(#3564),#22,.T.);
#3922=ADVANCED_FACE('',(#3565),#3755,.F.);
#3923=ADVANCED_FACE('',(#3566),#23,.T.);
#3924=ADVANCED_FACE('',(#3567),#24,.T.);
#3925=ADVANCED_FACE('',(#3568),#3756,.F.);
#3926=ADVANCED_FACE('',(#3569),#25,.T.);
#3927=ADVANCED_FACE('',(#3570),#26,.T.);
#3928=ADVANCED_FACE('',(#3571),#3757,.F.);
#3929=ADVANCED_FACE('',(#3572),#27,.T.);
#3930=ADVANCED_FACE('',(#3573),#28,.T.);
#3931=ADVANCED_FACE('',(#3574),#3758,.F.);
#3932=ADVANCED_FACE('',(#3575),#29,.T.);
#3933=ADVANCED_FACE('',(#3576),#30,.T.);
#3934=ADVANCED_FACE('',(#3577),#3759,.F.);
#3935=ADVANCED_FACE('',(#3578),#31,.T.);
#3936=ADVANCED_FACE('',(#3579),#32,.T.);
#3937=ADVANCED_FACE('',(#3580),#3760,.F.);
#3938=ADVANCED_FACE('',(#3581),#33,.T.);
#3939=ADVANCED_FACE('',(#3582),#34,.T.);
#3940=ADVANCED_FACE('',(#3583),#3761,.F.);
#3941=ADVANCED_FACE('',(#3584),#35,.T.);
#3942=ADVANCED_FACE('',(#3585),#3762,.T.);
#3943=ADVANCED_FACE('',(#3586),#3763,.T.);
#3944=ADVANCED_FACE('',(#3587),#3764,.F.);
#3945=ADVANCED_FACE('',(#3588),#3765,.T.);
#3946=ADVANCED_FACE('',(#3589),#3766,.T.);
#3947=ADVANCED_FACE('',(#3590),#3767,.F.);
#3948=ADVANCED_FACE('',(#3591),#3768,.T.);
#3949=ADVANCED_FACE('',(#3592),#3769,.T.);
#3950=ADVANCED_FACE('',(#3593),#3770,.F.);
#3951=ADVANCED_FACE('',(#3594),#3771,.T.);
#3952=ADVANCED_FACE('',(#3595),#3772,.T.);
#3953=ADVANCED_FACE('',(#3596),#3773,.F.);
#3954=ADVANCED_FACE('',(#3597),#3774,.T.);
#3955=ADVANCED_FACE('',(#3598),#3775,.T.);
#3956=ADVANCED_FACE('',(#3599),#3776,.F.);
#3957=ADVANCED_FACE('',(#3600),#3777,.T.);
#3958=ADVANCED_FACE('',(#3601),#3778,.T.);
#3959=ADVANCED_FACE('',(#3602),#3779,.T.);
#3960=ADVANCED_FACE('',(#3603),#3780,.F.);
#3961=ADVANCED_FACE('',(#3604),#3781,.T.);
#3962=ADVANCED_FACE('',(#3605),#3782,.T.);
#3963=ADVANCED_FACE('',(#3606),#3783,.F.);
#3964=ADVANCED_FACE('',(#3607),#3784,.T.);
#3965=ADVANCED_FACE('',(#3608),#3785,.T.);
#3966=ADVANCED_FACE('',(#3609),#3786,.F.);
#3967=ADVANCED_FACE('',(#3610),#3787,.T.);
#3968=ADVANCED_FACE('',(#3611),#3788,.T.);
#3969=ADVANCED_FACE('',(#3612),#3789,.F.);
#3970=ADVANCED_FACE('',(#3613),#3790,.T.);
#3971=ADVANCED_FACE('',(#3614),#3791,.T.);
#3972=ADVANCED_FACE('',(#3615),#3792,.F.);
#3973=ADVANCED_FACE('',(#3616),#3793,.T.);
#3974=ADVANCED_FACE('',(#3617),#36,.T.);
#3975=ADVANCED_FACE('',(#3618),#3794,.T.);
#3976=ADVANCED_FACE('',(#3619),#3795,.F.);
#3977=ADVANCED_FACE('',(#3620),#3796,.T.);
#3978=ADVANCED_FACE('',(#3621),#3797,.F.);
#3979=ADVANCED_FACE('',(#3622),#3798,.T.);
#3980=ADVANCED_FACE('',(#3623),#37,.T.);
#3981=ADVANCED_FACE('',(#3624),#3799,.F.);
#3982=ADVANCED_FACE('',(#3625),#38,.T.);
#3983=ADVANCED_FACE('',(#3626),#3800,.T.);
#3984=ADVANCED_FACE('',(#3627),#3801,.F.);
#3985=ADVANCED_FACE('',(#3628),#3802,.T.);
#3986=ADVANCED_FACE('',(#3629),#3803,.F.);
#3987=ADVANCED_FACE('',(#3630),#3804,.T.);
#3988=ADVANCED_FACE('',(#3631),#39,.T.);
#3989=ADVANCED_FACE('',(#3632),#3805,.F.);
#3990=ADVANCED_FACE('',(#3633),#40,.T.);
#3991=ADVANCED_FACE('',(#3634),#3806,.T.);
#3992=ADVANCED_FACE('',(#3635),#3807,.F.);
#3993=ADVANCED_FACE('',(#3636),#3808,.T.);
#3994=ADVANCED_FACE('',(#3637),#3809,.F.);
#3995=ADVANCED_FACE('',(#3638),#3810,.T.);
#3996=ADVANCED_FACE('',(#3639),#41,.T.);
#3997=ADVANCED_FACE('',(#3640),#3811,.F.);
#3998=ADVANCED_FACE('',(#3641),#42,.T.);
#3999=ADVANCED_FACE('',(#3642),#3812,.T.);
#4000=ADVANCED_FACE('',(#3643),#3813,.F.);
#4001=ADVANCED_FACE('',(#3644),#3814,.T.);
#4002=ADVANCED_FACE('',(#3645),#3815,.F.);
#4003=ADVANCED_FACE('',(#3646),#3816,.T.);
#4004=ADVANCED_FACE('',(#3647),#43,.T.);
#4005=ADVANCED_FACE('',(#3648),#3817,.F.);
#4006=ADVANCED_FACE('',(#3649),#44,.T.);
#4007=ADVANCED_FACE('',(#3650),#3818,.T.);
#4008=ADVANCED_FACE('',(#3651),#3819,.F.);
#4009=ADVANCED_FACE('',(#3652),#3820,.T.);
#4010=ADVANCED_FACE('',(#3653),#3821,.F.);
#4011=ADVANCED_FACE('',(#3654),#3822,.T.);
#4012=ADVANCED_FACE('',(#3655),#45,.T.);
#4013=ADVANCED_FACE('',(#3656),#3823,.F.);
#4014=ADVANCED_FACE('',(#3657),#46,.T.);
#4015=ADVANCED_FACE('',(#3658),#3824,.T.);
#4016=ADVANCED_FACE('',(#3659),#3825,.F.);
#4017=ADVANCED_FACE('',(#3660),#3826,.T.);
#4018=ADVANCED_FACE('',(#3661),#3827,.F.);
#4019=ADVANCED_FACE('',(#3662),#3828,.T.);
#4020=ADVANCED_FACE('',(#3663),#47,.T.);
#4021=ADVANCED_FACE('',(#3664),#3829,.F.);
#4022=ADVANCED_FACE('',(#3665),#48,.T.);
#4023=ADVANCED_FACE('',(#3666),#3830,.T.);
#4024=ADVANCED_FACE('',(#3667),#3831,.F.);
#4025=ADVANCED_FACE('',(#3668),#3832,.T.);
#4026=ADVANCED_FACE('',(#3669),#3833,.F.);
#4027=ADVANCED_FACE('',(#3670),#3834,.T.);
#4028=ADVANCED_FACE('',(#3671),#49,.T.);
#4029=ADVANCED_FACE('',(#3672),#3835,.F.);
#4030=ADVANCED_FACE('',(#3673),#50,.T.);
#4031=ADVANCED_FACE('',(#3674),#3836,.T.);
#4032=ADVANCED_FACE('',(#3675),#3837,.F.);
#4033=ADVANCED_FACE('',(#3676),#3838,.T.);
#4034=ADVANCED_FACE('',(#3677),#3839,.F.);
#4035=ADVANCED_FACE('',(#3678),#3840,.T.);
#4036=ADVANCED_FACE('',(#3679),#51,.T.);
#4037=ADVANCED_FACE('',(#3680),#3841,.F.);
#4038=ADVANCED_FACE('',(#3681),#52,.T.);
#4039=ADVANCED_FACE('',(#3682),#3842,.T.);
#4040=ADVANCED_FACE('',(#3683),#3843,.F.);
#4041=ADVANCED_FACE('',(#3684),#3844,.T.);
#4042=ADVANCED_FACE('',(#3685),#3845,.F.);
#4043=ADVANCED_FACE('',(#3686),#3846,.T.);
#4044=ADVANCED_FACE('',(#3687),#53,.T.);
#4045=ADVANCED_FACE('',(#3688),#3847,.F.);
#4046=ADVANCED_FACE('',(#3689),#54,.T.);
#4047=ADVANCED_FACE('',(#3690),#3848,.T.);
#4048=ADVANCED_FACE('',(#3691),#3849,.F.);
#4049=ADVANCED_FACE('',(#3692),#3850,.T.);
#4050=ADVANCED_FACE('',(#3693),#3851,.F.);
#4051=ADVANCED_FACE('',(#3694),#3852,.T.);
#4052=ADVANCED_FACE('',(#3695),#55,.T.);
#4053=ADVANCED_FACE('',(#3696),#3853,.T.);
#4054=ADVANCED_FACE('',(#3697),#56,.T.);
#4055=ADVANCED_FACE('',(#3698),#3854,.F.);
#4056=ADVANCED_FACE('',(#3699),#3855,.F.);
#4057=CLOSED_SHELL('',(#3856,#3857,#3858,#3859,#3860,#3861,#3862,#3863,
#3864,#3865,#3866,#3867,#3868,#3869,#3870,#3871,#3872,#3873,#3874,#3875,
#3876,#3877,#3878,#3879,#3880,#3881,#3882,#3883,#3884,#3885,#3886,#3887,
#3888,#3889,#3890,#3891,#3892,#3893,#3894,#3895,#3896,#3897,#3898,#3899,
#3900,#3901,#3902,#3903,#3904,#3905,#3906,#3907,#3908,#3909,#3910,#3911,
#3912,#3913,#3914,#3915,#3916,#3917,#3918,#3919,#3920,#3921,#3922,#3923,
#3924,#3925,#3926,#3927,#3928,#3929,#3930,#3931,#3932,#3933,#3934,#3935,
#3936,#3937,#3938,#3939,#3940,#3941,#3942,#3943,#3944,#3945,#3946,#3947,
#3948,#3949,#3950,#3951,#3952,#3953,#3954,#3955,#3956,#3957,#3958,#3959,
#3960,#3961,#3962,#3963,#3964,#3965,#3966,#3967,#3968,#3969,#3970,#3971,
#3972,#3973,#3974,#3975,#3976,#3977,#3978,#3979,#3980,#3981,#3982,#3983,
#3984,#3985,#3986,#3987,#3988,#3989,#3990,#3991,#3992,#3993,#3994,#3995,
#3996,#3997,#3998,#3999,#4000,#4001,#4002,#4003,#4004,#4005,#4006,#4007,
#4008,#4009,#4010,#4011,#4012,#4013,#4014,#4015,#4016,#4017,#4018,#4019,
#4020,#4021,#4022,#4023,#4024,#4025,#4026,#4027,#4028,#4029,#4030,#4031,
#4032,#4033,#4034,#4035,#4036,#4037,#4038,#4039,#4040,#4041,#4042,#4043,
#4044,#4045,#4046,#4047,#4048,#4049,#4050,#4051,#4052,#4053,#4054,#4055,
#4056));
#4058=STYLED_ITEM('',(#4059),#4066);
#4059=PRESENTATION_STYLE_ASSIGNMENT((#4060));
#4060=SURFACE_STYLE_USAGE(.BOTH.,#4061);
#4061=SURFACE_SIDE_STYLE('',(#4062));
#4062=SURFACE_STYLE_FILL_AREA(#4063);
#4063=FILL_AREA_STYLE('',(#4064));
#4064=FILL_AREA_STYLE_COLOUR('',#4065);
#4065=COLOUR_RGB('',0.372549019607843,0.733333333333333,0.352941176470589);
#4066=MANIFOLD_SOLID_BREP('PlantTop1',#4057);
#4067=SHAPE_DEFINITION_REPRESENTATION(#6736,#4068);
#4068=SHAPE_REPRESENTATION('PlantTop1',(#4069),#6731);
#4069=AXIS2_PLACEMENT_3D('',#5536,#4404,#4405);
#4070=AXIS2_PLACEMENT_3D('',#5537,#4406,#4407);
#4071=AXIS2_PLACEMENT_3D('',#5543,#4410,#4411);
#4072=AXIS2_PLACEMENT_3D('',#5544,#4412,#4413);
#4073=AXIS2_PLACEMENT_3D('',#5548,#4415,#4416);
#4074=AXIS2_PLACEMENT_3D('',#5551,#4418,#4419);
#4075=AXIS2_PLACEMENT_3D('',#5557,#4422,#4423);
#4076=AXIS2_PLACEMENT_3D('',#5558,#4424,#4425);
#4077=AXIS2_PLACEMENT_3D('',#5562,#4427,#4428);
#4078=AXIS2_PLACEMENT_3D('',#5565,#4430,#4431);
#4079=AXIS2_PLACEMENT_3D('',#5571,#4434,#4435);
#4080=AXIS2_PLACEMENT_3D('',#5572,#4436,#4437);
#4081=AXIS2_PLACEMENT_3D('',#5576,#4439,#4440);
#4082=AXIS2_PLACEMENT_3D('',#5579,#4442,#4443);
#4083=AXIS2_PLACEMENT_3D('',#5585,#4446,#4447);
#4084=AXIS2_PLACEMENT_3D('',#5586,#4448,#4449);
#4085=AXIS2_PLACEMENT_3D('',#5590,#4451,#4452);
#4086=AXIS2_PLACEMENT_3D('',#5593,#4454,#4455);
#4087=AXIS2_PLACEMENT_3D('',#5599,#4458,#4459);
#4088=AXIS2_PLACEMENT_3D('',#5600,#4460,#4461);
#4089=AXIS2_PLACEMENT_3D('',#5604,#4463,#4464);
#4090=AXIS2_PLACEMENT_3D('',#5607,#4466,#4467);
#4091=AXIS2_PLACEMENT_3D('',#5608,#4468,#4469);
#4092=AXIS2_PLACEMENT_3D('',#5610,#4470,#4471);
#4093=AXIS2_PLACEMENT_3D('',#5615,#4473,#4474);
#4094=AXIS2_PLACEMENT_3D('',#5619,#4476,#4477);
#4095=AXIS2_PLACEMENT_3D('',#5623,#4479,#4480);
#4096=AXIS2_PLACEMENT_3D('',#5627,#4482,#4483);
#4097=AXIS2_PLACEMENT_3D('',#5631,#4485,#4486);
#4098=AXIS2_PLACEMENT_3D('',#5635,#4488,#4489);
#4099=AXIS2_PLACEMENT_3D('',#5639,#4491,#4492);
#4100=AXIS2_PLACEMENT_3D('',#5643,#4494,#4495);
#4101=AXIS2_PLACEMENT_3D('',#5647,#4497,#4498);
#4102=AXIS2_PLACEMENT_3D('',#5651,#4500,#4501);
#4103=AXIS2_PLACEMENT_3D('',#5655,#4503,#4504);
#4104=AXIS2_PLACEMENT_3D('',#5659,#4506,#4507);
#4105=AXIS2_PLACEMENT_3D('',#5663,#4509,#4510);
#4106=AXIS2_PLACEMENT_3D('',#5667,#4512,#4513);
#4107=AXIS2_PLACEMENT_3D('',#5671,#4515,#4516);
#4108=AXIS2_PLACEMENT_3D('',#5675,#4518,#4519);
#4109=AXIS2_PLACEMENT_3D('',#5679,#4521,#4522);
#4110=AXIS2_PLACEMENT_3D('',#5683,#4524,#4525);
#4111=AXIS2_PLACEMENT_3D('',#5687,#4527,#4528);
#4112=AXIS2_PLACEMENT_3D('',#5691,#4530,#4531);
#4113=AXIS2_PLACEMENT_3D('',#5695,#4533,#4534);
#4114=AXIS2_PLACEMENT_3D('',#5699,#4536,#4537);
#4115=AXIS2_PLACEMENT_3D('',#5703,#4539,#4540);
#4116=AXIS2_PLACEMENT_3D('',#5707,#4542,#4543);
#4117=AXIS2_PLACEMENT_3D('',#5712,#4546,#4547);
#4118=AXIS2_PLACEMENT_3D('',#5717,#4550,#4551);
#4119=AXIS2_PLACEMENT_3D('',#5722,#4554,#4555);
#4120=AXIS2_PLACEMENT_3D('',#5727,#4558,#4559);
#4121=AXIS2_PLACEMENT_3D('',#5732,#4562,#4563);
#4122=AXIS2_PLACEMENT_3D('',#5737,#4566,#4567);
#4123=AXIS2_PLACEMENT_3D('',#5742,#4570,#4571);
#4124=AXIS2_PLACEMENT_3D('',#5747,#4574,#4575);
#4125=AXIS2_PLACEMENT_3D('',#5752,#4578,#4579);
#4126=AXIS2_PLACEMENT_3D('',#5756,#4582,#4583);
#4127=AXIS2_PLACEMENT_3D('',#5760,#4586,#4587);
#4128=AXIS2_PLACEMENT_3D('',#5764,#4590,#4591);
#4129=AXIS2_PLACEMENT_3D('',#5768,#4594,#4595);
#4130=AXIS2_PLACEMENT_3D('',#5772,#4598,#4599);
#4131=AXIS2_PLACEMENT_3D('',#5776,#4602,#4603);
#4132=AXIS2_PLACEMENT_3D('',#5780,#4606,#4607);
#4133=AXIS2_PLACEMENT_3D('',#5784,#4610,#4611);
#4134=AXIS2_PLACEMENT_3D('',#5788,#4614,#4615);
#4135=AXIS2_PLACEMENT_3D('',#5792,#4618,#4619);
#4136=AXIS2_PLACEMENT_3D('',#5796,#4622,#4623);
#4137=AXIS2_PLACEMENT_3D('',#5801,#4626,#4627);
#4138=AXIS2_PLACEMENT_3D('',#5806,#4630,#4631);
#4139=AXIS2_PLACEMENT_3D('',#5810,#4634,#4635);
#4140=AXIS2_PLACEMENT_3D('',#5814,#4638,#4639);
#4141=AXIS2_PLACEMENT_3D('',#5815,#4640,#4641);
#4142=AXIS2_PLACEMENT_3D('',#5823,#4646,#4647);
#4143=AXIS2_PLACEMENT_3D('',#5830,#4651,#4652);
#4144=AXIS2_PLACEMENT_3D('',#5833,#4654,#4655);
#4145=AXIS2_PLACEMENT_3D('',#5839,#4658,#4659);
#4146=AXIS2_PLACEMENT_3D('',#5843,#4661,#4662);
#4147=AXIS2_PLACEMENT_3D('',#5846,#4664,#4665);
#4148=AXIS2_PLACEMENT_3D('',#5850,#4668,#4669);
#4149=AXIS2_PLACEMENT_3D('',#5855,#4673,#4674);
#4150=AXIS2_PLACEMENT_3D('',#5857,#4676,#4677);
#4151=AXIS2_PLACEMENT_3D('',#6069,#4785,#4786);
#4152=AXIS2_PLACEMENT_3D('',#6070,#4787,#4788);
#4153=AXIS2_PLACEMENT_3D('',#6071,#4789,#4790);
#4154=AXIS2_PLACEMENT_3D('',#6072,#4791,#4792);
#4155=AXIS2_PLACEMENT_3D('',#6081,#4797,#4798);
#4156=AXIS2_PLACEMENT_3D('',#6090,#4803,#4804);
#4157=AXIS2_PLACEMENT_3D('',#6099,#4809,#4810);
#4158=AXIS2_PLACEMENT_3D('',#6108,#4815,#4816);
#4159=AXIS2_PLACEMENT_3D('',#6117,#4821,#4822);
#4160=AXIS2_PLACEMENT_3D('',#6126,#4827,#4828);
#4161=AXIS2_PLACEMENT_3D('',#6135,#4833,#4834);
#4162=AXIS2_PLACEMENT_3D('',#6144,#4839,#4840);
#4163=AXIS2_PLACEMENT_3D('',#6153,#4845,#4846);
#4164=AXIS2_PLACEMENT_3D('',#6162,#4851,#4852);
#4165=AXIS2_PLACEMENT_3D('',#6168,#4856,#4857);
#4166=AXIS2_PLACEMENT_3D('',#6177,#4862,#4863);
#4167=AXIS2_PLACEMENT_3D('',#6186,#4868,#4869);
#4168=AXIS2_PLACEMENT_3D('',#6195,#4874,#4875);
#4169=AXIS2_PLACEMENT_3D('',#6204,#4880,#4881);
#4170=AXIS2_PLACEMENT_3D('',#6213,#4886,#4887);
#4171=AXIS2_PLACEMENT_3D('',#6222,#4892,#4893);
#4172=AXIS2_PLACEMENT_3D('',#6231,#4898,#4899);
#4173=AXIS2_PLACEMENT_3D('',#6240,#4904,#4905);
#4174=AXIS2_PLACEMENT_3D('',#6249,#4910,#4911);
#4175=AXIS2_PLACEMENT_3D('',#6258,#4916,#4917);
#4176=AXIS2_PLACEMENT_3D('',#6259,#4918,#4919);
#4177=AXIS2_PLACEMENT_3D('',#6260,#4920,#4921);
#4178=AXIS2_PLACEMENT_3D('',#6261,#4922,#4923);
#4179=AXIS2_PLACEMENT_3D('',#6262,#4924,#4925);
#4180=AXIS2_PLACEMENT_3D('',#6263,#4926,#4927);
#4181=AXIS2_PLACEMENT_3D('',#6264,#4928,#4929);
#4182=AXIS2_PLACEMENT_3D('',#6266,#4931,#4932);
#4183=AXIS2_PLACEMENT_3D('',#6267,#4933,#4934);
#4184=AXIS2_PLACEMENT_3D('',#6268,#4935,#4936);
#4185=AXIS2_PLACEMENT_3D('',#6269,#4937,#4938);
#4186=AXIS2_PLACEMENT_3D('',#6270,#4939,#4940);
#4187=AXIS2_PLACEMENT_3D('',#6271,#4941,#4942);
#4188=AXIS2_PLACEMENT_3D('',#6272,#4943,#4944);
#4189=AXIS2_PLACEMENT_3D('',#6274,#4946,#4947);
#4190=AXIS2_PLACEMENT_3D('',#6275,#4948,#4949);
#4191=AXIS2_PLACEMENT_3D('',#6276,#4950,#4951);
#4192=AXIS2_PLACEMENT_3D('',#6277,#4952,#4953);
#4193=AXIS2_PLACEMENT_3D('',#6278,#4954,#4955);
#4194=AXIS2_PLACEMENT_3D('',#6279,#4956,#4957);
#4195=AXIS2_PLACEMENT_3D('',#6280,#4958,#4959);
#4196=AXIS2_PLACEMENT_3D('',#6282,#4961,#4962);
#4197=AXIS2_PLACEMENT_3D('',#6283,#4963,#4964);
#4198=AXIS2_PLACEMENT_3D('',#6284,#4965,#4966);
#4199=AXIS2_PLACEMENT_3D('',#6285,#4967,#4968);
#4200=AXIS2_PLACEMENT_3D('',#6286,#4969,#4970);
#4201=AXIS2_PLACEMENT_3D('',#6287,#4971,#4972);
#4202=AXIS2_PLACEMENT_3D('',#6288,#4973,#4974);
#4203=AXIS2_PLACEMENT_3D('',#6290,#4976,#4977);
#4204=AXIS2_PLACEMENT_3D('',#6291,#4978,#4979);
#4205=AXIS2_PLACEMENT_3D('',#6292,#4980,#4981);
#4206=AXIS2_PLACEMENT_3D('',#6293,#4982,#4983);
#4207=AXIS2_PLACEMENT_3D('',#6294,#4984,#4985);
#4208=AXIS2_PLACEMENT_3D('',#6295,#4986,#4987);
#4209=AXIS2_PLACEMENT_3D('',#6296,#4988,#4989);
#4210=AXIS2_PLACEMENT_3D('',#6298,#4991,#4992);
#4211=AXIS2_PLACEMENT_3D('',#6299,#4993,#4994);
#4212=AXIS2_PLACEMENT_3D('',#6300,#4995,#4996);
#4213=AXIS2_PLACEMENT_3D('',#6301,#4997,#4998);
#4214=AXIS2_PLACEMENT_3D('',#6302,#4999,#5000);
#4215=AXIS2_PLACEMENT_3D('',#6303,#5001,#5002);
#4216=AXIS2_PLACEMENT_3D('',#6304,#5003,#5004);
#4217=AXIS2_PLACEMENT_3D('',#6306,#5006,#5007);
#4218=AXIS2_PLACEMENT_3D('',#6307,#5008,#5009);
#4219=AXIS2_PLACEMENT_3D('',#6308,#5010,#5011);
#4220=AXIS2_PLACEMENT_3D('',#6309,#5012,#5013);
#4221=AXIS2_PLACEMENT_3D('',#6310,#5014,#5015);
#4222=AXIS2_PLACEMENT_3D('',#6311,#5016,#5017);
#4223=AXIS2_PLACEMENT_3D('',#6312,#5018,#5019);
#4224=AXIS2_PLACEMENT_3D('',#6314,#5021,#5022);
#4225=AXIS2_PLACEMENT_3D('',#6315,#5023,#5024);
#4226=AXIS2_PLACEMENT_3D('',#6316,#5025,#5026);
#4227=AXIS2_PLACEMENT_3D('',#6317,#5027,#5028);
#4228=AXIS2_PLACEMENT_3D('',#6318,#5029,#5030);
#4229=AXIS2_PLACEMENT_3D('',#6319,#5031,#5032);
#4230=AXIS2_PLACEMENT_3D('',#6320,#5033,#5034);
#4231=AXIS2_PLACEMENT_3D('',#6322,#5036,#5037);
#4232=AXIS2_PLACEMENT_3D('',#6323,#5038,#5039);
#4233=AXIS2_PLACEMENT_3D('',#6324,#5040,#5041);
#4234=AXIS2_PLACEMENT_3D('',#6325,#5042,#5043);
#4235=AXIS2_PLACEMENT_3D('',#6326,#5044,#5045);
#4236=AXIS2_PLACEMENT_3D('',#6327,#5046,#5047);
#4237=AXIS2_PLACEMENT_3D('',#6328,#5048,#5049);
#4238=AXIS2_PLACEMENT_3D('',#6330,#5051,#5052);
#4239=AXIS2_PLACEMENT_3D('',#6331,#5053,#5054);
#4240=AXIS2_PLACEMENT_3D('',#6332,#5055,#5056);
#4241=AXIS2_PLACEMENT_3D('',#6333,#5057,#5058);
#4242=AXIS2_PLACEMENT_3D('',#6334,#5059,#5060);
#4243=AXIS2_PLACEMENT_3D('',#6335,#5061,#5062);
#4244=AXIS2_PLACEMENT_3D('',#6336,#5063,#5064);
#4245=AXIS2_PLACEMENT_3D('',#6338,#5066,#5067);
#4246=AXIS2_PLACEMENT_3D('',#6339,#5068,#5069);
#4247=AXIS2_PLACEMENT_3D('',#6340,#5070,#5071);
#4248=AXIS2_PLACEMENT_3D('',#6341,#5072,#5073);
#4249=AXIS2_PLACEMENT_3D('',#6343,#5075,#5076);
#4250=AXIS2_PLACEMENT_3D('',#6346,#5078,#5079);
#4251=AXIS2_PLACEMENT_3D('',#6349,#5082,#5083);
#4252=AXIS2_PLACEMENT_3D('',#6351,#5085,#5086);
#4253=AXIS2_PLACEMENT_3D('',#6353,#5088,#5089);
#4254=AXIS2_PLACEMENT_3D('',#6356,#5092,#5093);
#4255=AXIS2_PLACEMENT_3D('',#6358,#5095,#5096);
#4256=AXIS2_PLACEMENT_3D('',#6360,#5098,#5099);
#4257=AXIS2_PLACEMENT_3D('',#6363,#5102,#5103);
#4258=AXIS2_PLACEMENT_3D('',#6365,#5105,#5106);
#4259=AXIS2_PLACEMENT_3D('',#6367,#5108,#5109);
#4260=AXIS2_PLACEMENT_3D('',#6370,#5112,#5113);
#4261=AXIS2_PLACEMENT_3D('',#6372,#5115,#5116);
#4262=AXIS2_PLACEMENT_3D('',#6374,#5118,#5119);
#4263=AXIS2_PLACEMENT_3D('',#6377,#5122,#5123);
#4264=AXIS2_PLACEMENT_3D('',#6379,#5125,#5126);
#4265=AXIS2_PLACEMENT_3D('',#6381,#5128,#5129);
#4266=AXIS2_PLACEMENT_3D('',#6382,#5130,#5131);
#4267=AXIS2_PLACEMENT_3D('',#6384,#5133,#5134);
#4268=AXIS2_PLACEMENT_3D('',#6386,#5136,#5137);
#4269=AXIS2_PLACEMENT_3D('',#6387,#5138,#5139);
#4270=AXIS2_PLACEMENT_3D('',#6389,#5141,#5142);
#4271=AXIS2_PLACEMENT_3D('',#6391,#5144,#5145);
#4272=AXIS2_PLACEMENT_3D('',#6392,#5146,#5147);
#4273=AXIS2_PLACEMENT_3D('',#6394,#5149,#5150);
#4274=AXIS2_PLACEMENT_3D('',#6396,#5152,#5153);
#4275=AXIS2_PLACEMENT_3D('',#6397,#5154,#5155);
#4276=AXIS2_PLACEMENT_3D('',#6399,#5157,#5158);
#4277=AXIS2_PLACEMENT_3D('',#6401,#5160,#5161);
#4278=AXIS2_PLACEMENT_3D('',#6402,#5162,#5163);
#4279=AXIS2_PLACEMENT_3D('',#6404,#5165,#5166);
#4280=AXIS2_PLACEMENT_3D('',#6406,#5168,#5169);
#4281=AXIS2_PLACEMENT_3D('',#6407,#5170,#5171);
#4282=AXIS2_PLACEMENT_3D('',#6409,#5173,#5174);
#4283=AXIS2_PLACEMENT_3D('',#6410,#5175,#5176);
#4284=AXIS2_PLACEMENT_3D('',#6411,#5177,#5178);
#4285=AXIS2_PLACEMENT_3D('',#6413,#5180,#5181);
#4286=AXIS2_PLACEMENT_3D('',#6418,#5184,#5185);
#4287=AXIS2_PLACEMENT_3D('',#6426,#5190,#5191);
#4288=AXIS2_PLACEMENT_3D('',#6430,#5194,#5195);
#4289=AXIS2_PLACEMENT_3D('',#6431,#5196,#5197);
#4290=AXIS2_PLACEMENT_3D('',#6432,#5198,#5199);
#4291=AXIS2_PLACEMENT_3D('',#6438,#5203,#5204);
#4292=AXIS2_PLACEMENT_3D('',#6439,#5205,#5206);
#4293=AXIS2_PLACEMENT_3D('',#6440,#5207,#5208);
#4294=AXIS2_PLACEMENT_3D('',#6441,#5209,#5210);
#4295=AXIS2_PLACEMENT_3D('',#6442,#5211,#5212);
#4296=AXIS2_PLACEMENT_3D('',#6443,#5213,#5214);
#4297=AXIS2_PLACEMENT_3D('',#6445,#5216,#5217);
#4298=AXIS2_PLACEMENT_3D('',#6450,#5220,#5221);
#4299=AXIS2_PLACEMENT_3D('',#6458,#5226,#5227);
#4300=AXIS2_PLACEMENT_3D('',#6462,#5230,#5231);
#4301=AXIS2_PLACEMENT_3D('',#6463,#5232,#5233);
#4302=AXIS2_PLACEMENT_3D('',#6464,#5234,#5235);
#4303=AXIS2_PLACEMENT_3D('',#6470,#5239,#5240);
#4304=AXIS2_PLACEMENT_3D('',#6471,#5241,#5242);
#4305=AXIS2_PLACEMENT_3D('',#6472,#5243,#5244);
#4306=AXIS2_PLACEMENT_3D('',#6473,#5245,#5246);
#4307=AXIS2_PLACEMENT_3D('',#6474,#5247,#5248);
#4308=AXIS2_PLACEMENT_3D('',#6475,#5249,#5250);
#4309=AXIS2_PLACEMENT_3D('',#6477,#5252,#5253);
#4310=AXIS2_PLACEMENT_3D('',#6482,#5256,#5257);
#4311=AXIS2_PLACEMENT_3D('',#6490,#5262,#5263);
#4312=AXIS2_PLACEMENT_3D('',#6494,#5266,#5267);
#4313=AXIS2_PLACEMENT_3D('',#6495,#5268,#5269);
#4314=AXIS2_PLACEMENT_3D('',#6496,#5270,#5271);
#4315=AXIS2_PLACEMENT_3D('',#6502,#5275,#5276);
#4316=AXIS2_PLACEMENT_3D('',#6503,#5277,#5278);
#4317=AXIS2_PLACEMENT_3D('',#6504,#5279,#5280);
#4318=AXIS2_PLACEMENT_3D('',#6505,#5281,#5282);
#4319=AXIS2_PLACEMENT_3D('',#6506,#5283,#5284);
#4320=AXIS2_PLACEMENT_3D('',#6507,#5285,#5286);
#4321=AXIS2_PLACEMENT_3D('',#6509,#5288,#5289);
#4322=AXIS2_PLACEMENT_3D('',#6514,#5292,#5293);
#4323=AXIS2_PLACEMENT_3D('',#6522,#5298,#5299);
#4324=AXIS2_PLACEMENT_3D('',#6526,#5302,#5303);
#4325=AXIS2_PLACEMENT_3D('',#6527,#5304,#5305);
#4326=AXIS2_PLACEMENT_3D('',#6528,#5306,#5307);
#4327=AXIS2_PLACEMENT_3D('',#6534,#5311,#5312);
#4328=AXIS2_PLACEMENT_3D('',#6535,#5313,#5314);
#4329=AXIS2_PLACEMENT_3D('',#6536,#5315,#5316);
#4330=AXIS2_PLACEMENT_3D('',#6537,#5317,#5318);
#4331=AXIS2_PLACEMENT_3D('',#6538,#5319,#5320);
#4332=AXIS2_PLACEMENT_3D('',#6539,#5321,#5322);
#4333=AXIS2_PLACEMENT_3D('',#6541,#5324,#5325);
#4334=AXIS2_PLACEMENT_3D('',#6546,#5328,#5329);
#4335=AXIS2_PLACEMENT_3D('',#6554,#5334,#5335);
#4336=AXIS2_PLACEMENT_3D('',#6558,#5338,#5339);
#4337=AXIS2_PLACEMENT_3D('',#6559,#5340,#5341);
#4338=AXIS2_PLACEMENT_3D('',#6560,#5342,#5343);
#4339=AXIS2_PLACEMENT_3D('',#6566,#5347,#5348);
#4340=AXIS2_PLACEMENT_3D('',#6567,#5349,#5350);
#4341=AXIS2_PLACEMENT_3D('',#6568,#5351,#5352);
#4342=AXIS2_PLACEMENT_3D('',#6569,#5353,#5354);
#4343=AXIS2_PLACEMENT_3D('',#6570,#5355,#5356);
#4344=AXIS2_PLACEMENT_3D('',#6571,#5357,#5358);
#4345=AXIS2_PLACEMENT_3D('',#6573,#5360,#5361);
#4346=AXIS2_PLACEMENT_3D('',#6578,#5364,#5365);
#4347=AXIS2_PLACEMENT_3D('',#6586,#5370,#5371);
#4348=AXIS2_PLACEMENT_3D('',#6590,#5374,#5375);
#4349=AXIS2_PLACEMENT_3D('',#6591,#5376,#5377);
#4350=AXIS2_PLACEMENT_3D('',#6592,#5378,#5379);
#4351=AXIS2_PLACEMENT_3D('',#6598,#5383,#5384);
#4352=AXIS2_PLACEMENT_3D('',#6599,#5385,#5386);
#4353=AXIS2_PLACEMENT_3D('',#6600,#5387,#5388);
#4354=AXIS2_PLACEMENT_3D('',#6601,#5389,#5390);
#4355=AXIS2_PLACEMENT_3D('',#6602,#5391,#5392);
#4356=AXIS2_PLACEMENT_3D('',#6603,#5393,#5394);
#4357=AXIS2_PLACEMENT_3D('',#6605,#5396,#5397);
#4358=AXIS2_PLACEMENT_3D('',#6610,#5400,#5401);
#4359=AXIS2_PLACEMENT_3D('',#6618,#5406,#5407);
#4360=AXIS2_PLACEMENT_3D('',#6622,#5410,#5411);
#4361=AXIS2_PLACEMENT_3D('',#6623,#5412,#5413);
#4362=AXIS2_PLACEMENT_3D('',#6624,#5414,#5415);
#4363=AXIS2_PLACEMENT_3D('',#6630,#5419,#5420);
#4364=AXIS2_PLACEMENT_3D('',#6631,#5421,#5422);
#4365=AXIS2_PLACEMENT_3D('',#6632,#5423,#5424);
#4366=AXIS2_PLACEMENT_3D('',#6633,#5425,#5426);
#4367=AXIS2_PLACEMENT_3D('',#6634,#5427,#5428);
#4368=AXIS2_PLACEMENT_3D('',#6635,#5429,#5430);
#4369=AXIS2_PLACEMENT_3D('',#6637,#5432,#5433);
#4370=AXIS2_PLACEMENT_3D('',#6642,#5436,#5437);
#4371=AXIS2_PLACEMENT_3D('',#6650,#5442,#5443);
#4372=AXIS2_PLACEMENT_3D('',#6654,#5446,#5447);
#4373=AXIS2_PLACEMENT_3D('',#6655,#5448,#5449);
#4374=AXIS2_PLACEMENT_3D('',#6656,#5450,#5451);
#4375=AXIS2_PLACEMENT_3D('',#6662,#5455,#5456);
#4376=AXIS2_PLACEMENT_3D('',#6663,#5457,#5458);
#4377=AXIS2_PLACEMENT_3D('',#6664,#5459,#5460);
#4378=AXIS2_PLACEMENT_3D('',#6665,#5461,#5462);
#4379=AXIS2_PLACEMENT_3D('',#6666,#5463,#5464);
#4380=AXIS2_PLACEMENT_3D('',#6667,#5465,#5466);
#4381=AXIS2_PLACEMENT_3D('',#6669,#5468,#5469);
#4382=AXIS2_PLACEMENT_3D('',#6674,#5472,#5473);
#4383=AXIS2_PLACEMENT_3D('',#6682,#5478,#5479);
#4384=AXIS2_PLACEMENT_3D('',#6686,#5482,#5483);
#4385=AXIS2_PLACEMENT_3D('',#6687,#5484,#5485);
#4386=AXIS2_PLACEMENT_3D('',#6688,#5486,#5487);
#4387=AXIS2_PLACEMENT_3D('',#6694,#5491,#5492);
#4388=AXIS2_PLACEMENT_3D('',#6695,#5493,#5494);
#4389=AXIS2_PLACEMENT_3D('',#6696,#5495,#5496);
#4390=AXIS2_PLACEMENT_3D('',#6697,#5497,#5498);
#4391=AXIS2_PLACEMENT_3D('',#6698,#5499,#5500);
#4392=AXIS2_PLACEMENT_3D('',#6699,#5501,#5502);
#4393=AXIS2_PLACEMENT_3D('',#6700,#5503,#5504);
#4394=AXIS2_PLACEMENT_3D('',#6705,#5507,#5508);
#4395=AXIS2_PLACEMENT_3D('',#6713,#5513,#5514);
#4396=AXIS2_PLACEMENT_3D('',#6717,#5517,#5518);
#4397=AXIS2_PLACEMENT_3D('',#6718,#5519,#5520);
#4398=AXIS2_PLACEMENT_3D('',#6719,#5521,#5522);
#4399=AXIS2_PLACEMENT_3D('',#6722,#5524,#5525);
#4400=AXIS2_PLACEMENT_3D('',#6723,#5526,#5527);
#4401=AXIS2_PLACEMENT_3D('',#6726,#5529,#5530);
#4402=AXIS2_PLACEMENT_3D('',#6727,#5531,#5532);
#4403=AXIS2_PLACEMENT_3D('',#6729,#5534,#5535);
#4404=DIRECTION('',(0.,0.,1.));
#4405=DIRECTION('',(1.,0.,0.));
#4406=DIRECTION('',(0.,0.,1.));
#4407=DIRECTION('',(1.,0.,0.));
#4408=DIRECTION('',(-1.,1.22464679914735E-16,0.));
#4409=DIRECTION('',(0.959492973614497,-0.28173255684143,0.));
#4410=DIRECTION('',(0.,0.,1.));
#4411=DIRECTION('',(1.,0.,0.));
#4412=DIRECTION('',(0.,0.,1.));
#4413=DIRECTION('',(1.,0.,0.));
#4414=DIRECTION('',(0.841253532831181,-0.540640817455597,0.));
#4415=DIRECTION('',(0.,0.,1.));
#4416=DIRECTION('',(1.,0.,0.));
#4417=DIRECTION('',(-0.959492973614497,0.28173255684143,0.));
#4418=DIRECTION('',(0.,0.,1.));
#4419=DIRECTION('',(1.,0.,0.));
#4420=DIRECTION('',(-0.841253532831181,0.540640817455598,0.));
#4421=DIRECTION('',(0.654860733945285,-0.755749574354258,0.));
#4422=DIRECTION('',(0.,0.,1.));
#4423=DIRECTION('',(1.,0.,0.));
#4424=DIRECTION('',(0.,0.,1.));
#4425=DIRECTION('',(1.,0.,0.));
#4426=DIRECTION('',(0.415415013001886,-0.909631995354519,0.));
#4427=DIRECTION('',(0.,0.,1.));
#4428=DIRECTION('',(1.,0.,0.));
#4429=DIRECTION('',(-0.654860733945285,0.755749574354258,0.));
#4430=DIRECTION('',(0.,0.,1.));
#4431=DIRECTION('',(1.,0.,0.));
#4432=DIRECTION('',(-0.415415013001886,0.909631995354518,0.));
#4433=DIRECTION('',(0.142314838273285,-0.989821441880933,0.));
#4434=DIRECTION('',(0.,0.,1.));
#4435=DIRECTION('',(1.,0.,0.));
#4436=DIRECTION('',(0.,0.,1.));
#4437=DIRECTION('',(1.,0.,0.));
#4438=DIRECTION('',(-0.142314838273285,-0.989821441880933,0.));
#4439=DIRECTION('',(0.,0.,1.));
#4440=DIRECTION('',(1.,0.,0.));
#4441=DIRECTION('',(-0.142314838273285,0.989821441880933,0.));
#4442=DIRECTION('',(0.,0.,1.));
#4443=DIRECTION('',(1.,0.,0.));
#4444=DIRECTION('',(0.142314838273285,0.989821441880933,0.));
#4445=DIRECTION('',(-0.415415013001886,-0.909631995354518,0.));
#4446=DIRECTION('',(0.,0.,1.));
#4447=DIRECTION('',(1.,0.,0.));
#4448=DIRECTION('',(0.,0.,1.));
#4449=DIRECTION('',(1.,0.,0.));
#4450=DIRECTION('',(-0.654860733945285,-0.755749574354258,0.));
#4451=DIRECTION('',(0.,0.,1.));
#4452=DIRECTION('',(1.,0.,0.));
#4453=DIRECTION('',(0.415415013001886,0.909631995354518,0.));
#4454=DIRECTION('',(0.,0.,1.));
#4455=DIRECTION('',(1.,0.,0.));
#4456=DIRECTION('',(0.654860733945285,0.755749574354258,0.));
#4457=DIRECTION('',(-0.841253532831181,-0.540640817455598,0.));
#4458=DIRECTION('',(0.,0.,1.));
#4459=DIRECTION('',(1.,0.,0.));
#4460=DIRECTION('',(0.,0.,1.));
#4461=DIRECTION('',(1.,0.,0.));
#4462=DIRECTION('',(-0.959492973614497,-0.28173255684143,0.));
#4463=DIRECTION('',(0.,0.,1.));
#4464=DIRECTION('',(1.,0.,0.));
#4465=DIRECTION('',(0.841253532831181,0.540640817455598,0.));
#4466=DIRECTION('',(0.,0.,-1.));
#4467=DIRECTION('',(-1.,0.,0.));
#4468=DIRECTION('',(0.,0.,1.));
#4469=DIRECTION('',(1.,0.,0.));
#4470=DIRECTION('',(0.,0.,1.));
#4471=DIRECTION('',(0.959492973614497,0.28173255684143,0.));
#4472=DIRECTION('',(0.,0.,-1.));
#4473=DIRECTION('',(0.,0.,1.));
#4474=DIRECTION('',(1.,0.,0.));
#4475=DIRECTION('',(0.,0.,-1.));
#4476=DIRECTION('',(0.,0.,1.));
#4477=DIRECTION('',(1.,0.,0.));
#4478=DIRECTION('',(0.,0.,-1.));
#4479=DIRECTION('',(0.,0.,1.));
#4480=DIRECTION('',(1.,0.,0.));
#4481=DIRECTION('',(0.,0.,-1.));
#4482=DIRECTION('',(0.,0.,1.));
#4483=DIRECTION('',(-0.959492973614497,0.28173255684143,0.));
#4484=DIRECTION('',(0.,0.,-1.));
#4485=DIRECTION('',(0.,0.,1.));
#4486=DIRECTION('',(1.,0.,0.));
#4487=DIRECTION('',(0.,0.,-1.));
#4488=DIRECTION('',(0.,0.,1.));
#4489=DIRECTION('',(-0.841253532831181,0.540640817455598,0.));
#4490=DIRECTION('',(0.,0.,-1.));
#4491=DIRECTION('',(0.,0.,1.));
#4492=DIRECTION('',(1.,0.,0.));
#4493=DIRECTION('',(0.,0.,-1.));
#4494=DIRECTION('',(0.,0.,1.));
#4495=DIRECTION('',(-0.654860733945285,0.755749574354258,0.));
#4496=DIRECTION('',(0.,0.,-1.));
#4497=DIRECTION('',(0.,0.,1.));
#4498=DIRECTION('',(1.,0.,0.));
#4499=DIRECTION('',(0.,0.,-1.));
#4500=DIRECTION('',(0.,0.,1.));
#4501=DIRECTION('',(-0.415415013001886,0.909631995354518,0.));
#4502=DIRECTION('',(0.,0.,-1.));
#4503=DIRECTION('',(0.,0.,1.));
#4504=DIRECTION('',(1.,0.,0.));
#4505=DIRECTION('',(0.,0.,-1.));
#4506=DIRECTION('',(0.,0.,1.));
#4507=DIRECTION('',(-0.142314838273285,0.989821441880933,0.));
#4508=DIRECTION('',(0.,0.,-1.));
#4509=DIRECTION('',(0.,0.,1.));
#4510=DIRECTION('',(1.,0.,0.));
#4511=DIRECTION('',(0.,0.,-1.));
#4512=DIRECTION('',(0.,0.,1.));
#4513=DIRECTION('',(0.142314838273285,0.989821441880933,0.));
#4514=DIRECTION('',(0.,0.,-1.));
#4515=DIRECTION('',(0.,0.,1.));
#4516=DIRECTION('',(1.,0.,0.));
#4517=DIRECTION('',(0.,0.,-1.));
#4518=DIRECTION('',(0.,0.,1.));
#4519=DIRECTION('',(0.415415013001886,0.909631995354518,0.));
#4520=DIRECTION('',(0.,0.,-1.));
#4521=DIRECTION('',(0.,0.,1.));
#4522=DIRECTION('',(1.,0.,0.));
#4523=DIRECTION('',(0.,0.,-1.));
#4524=DIRECTION('',(0.,0.,1.));
#4525=DIRECTION('',(0.654860733945285,0.755749574354258,0.));
#4526=DIRECTION('',(0.,0.,-1.));
#4527=DIRECTION('',(0.,0.,1.));
#4528=DIRECTION('',(1.,0.,0.));
#4529=DIRECTION('',(0.,0.,-1.));
#4530=DIRECTION('',(0.,0.,1.));
#4531=DIRECTION('',(0.841253532831181,0.540640817455598,0.));
#4532=DIRECTION('',(0.,0.,-1.));
#4533=DIRECTION('',(0.,0.,1.));
#4534=DIRECTION('',(1.,0.,0.));
#4535=DIRECTION('',(0.,0.,-1.));
#4536=DIRECTION('',(0.,0.,1.));
#4537=DIRECTION('',(0.959492973614497,0.28173255684143,0.));
#4538=DIRECTION('',(0.,0.,-1.));
#4539=DIRECTION('',(0.,0.,1.));
#4540=DIRECTION('',(1.,0.,0.));
#4541=DIRECTION('',(0.,0.,-1.));
#4542=DIRECTION('',(0.,0.,1.));
#4543=DIRECTION('',(1.,0.,0.));
#4544=DIRECTION('',(0.,0.,-1.));
#4545=DIRECTION('',(0.,0.,-1.));
#4546=DIRECTION('',(0.,0.,1.));
#4547=DIRECTION('',(-0.959492973614497,0.28173255684143,0.));
#4548=DIRECTION('',(0.,0.,-1.));
#4549=DIRECTION('',(0.,0.,-1.));
#4550=DIRECTION('',(0.,0.,1.));
#4551=DIRECTION('',(-0.841253532831181,0.540640817455598,0.));
#4552=DIRECTION('',(0.,0.,-1.));
#4553=DIRECTION('',(0.,0.,-1.));
#4554=DIRECTION('',(0.,0.,1.));
#4555=DIRECTION('',(-0.654860733945285,0.755749574354258,0.));
#4556=DIRECTION('',(0.,0.,-1.));
#4557=DIRECTION('',(0.,0.,-1.));
#4558=DIRECTION('',(0.,0.,1.));
#4559=DIRECTION('',(-0.415415013001886,0.909631995354518,0.));
#4560=DIRECTION('',(0.,0.,-1.));
#4561=DIRECTION('',(0.,0.,-1.));
#4562=DIRECTION('',(0.,0.,1.));
#4563=DIRECTION('',(-0.142314838273285,0.989821441880933,0.));
#4564=DIRECTION('',(0.,0.,-1.));
#4565=DIRECTION('',(0.,0.,-1.));
#4566=DIRECTION('',(0.,0.,1.));
#4567=DIRECTION('',(0.142314838273285,0.989821441880933,0.));
#4568=DIRECTION('',(0.,0.,-1.));
#4569=DIRECTION('',(0.,0.,-1.));
#4570=DIRECTION('',(0.,0.,1.));
#4571=DIRECTION('',(0.415415013001886,0.909631995354518,0.));
#4572=DIRECTION('',(0.,0.,-1.));
#4573=DIRECTION('',(0.,0.,-1.));
#4574=DIRECTION('',(0.,0.,1.));
#4575=DIRECTION('',(0.654860733945285,0.755749574354258,0.));
#4576=DIRECTION('',(0.,0.,-1.));
#4577=DIRECTION('',(0.,0.,-1.));
#4578=DIRECTION('',(0.,0.,1.));
#4579=DIRECTION('',(0.841253532831181,0.540640817455598,0.));
#4580=DIRECTION('',(0.,0.,-1.));
#4581=DIRECTION('',(0.,0.,-1.));
#4582=DIRECTION('',(0.,0.,1.));
#4583=DIRECTION('',(1.,0.,0.));
#4584=DIRECTION('',(-0.959492973614497,-0.28173255684143,0.));
#4585=DIRECTION('',(1.,0.,0.));
#4586=DIRECTION('',(0.,0.,1.));
#4587=DIRECTION('',(1.,0.,0.));
#4588=DIRECTION('',(0.959492973614497,0.28173255684143,0.));
#4589=DIRECTION('',(-0.841253532831181,-0.540640817455598,0.));
#4590=DIRECTION('',(0.,0.,1.));
#4591=DIRECTION('',(1.,0.,0.));
#4592=DIRECTION('',(0.841253532831181,0.540640817455598,0.));
#4593=DIRECTION('',(-0.654860733945285,-0.755749574354258,0.));
#4594=DIRECTION('',(0.,0.,1.));
#4595=DIRECTION('',(1.,0.,0.));
#4596=DIRECTION('',(0.654860733945285,0.755749574354258,0.));
#4597=DIRECTION('',(-0.415415013001886,-0.909631995354518,0.));
#4598=DIRECTION('',(0.,0.,1.));
#4599=DIRECTION('',(1.,0.,0.));
#4600=DIRECTION('',(0.415415013001886,0.909631995354518,0.));
#4601=DIRECTION('',(-0.142314838273285,-0.989821441880933,0.));
#4602=DIRECTION('',(0.,0.,1.));
#4603=DIRECTION('',(1.,0.,0.));
#4604=DIRECTION('',(0.142314838273285,0.989821441880933,0.));
#4605=DIRECTION('',(0.142314838273285,-0.989821441880933,0.));
#4606=DIRECTION('',(0.,0.,1.));
#4607=DIRECTION('',(1.,0.,0.));
#4608=DIRECTION('',(-0.142314838273285,0.989821441880933,0.));
#4609=DIRECTION('',(0.415415013001886,-0.909631995354519,0.));
#4610=DIRECTION('',(0.,0.,1.));
#4611=DIRECTION('',(1.,0.,0.));
#4612=DIRECTION('',(-0.415415013001886,0.909631995354518,0.));
#4613=DIRECTION('',(0.654860733945285,-0.755749574354258,0.));
#4614=DIRECTION('',(0.,0.,1.));
#4615=DIRECTION('',(1.,0.,0.));
#4616=DIRECTION('',(-0.654860733945285,0.755749574354258,0.));
#4617=DIRECTION('',(0.841253532831181,-0.540640817455597,0.));
#4618=DIRECTION('',(0.,0.,1.));
#4619=DIRECTION('',(1.,0.,0.));
#4620=DIRECTION('',(-0.959492973614497,0.28173255684143,0.));
#4621=DIRECTION('',(1.,0.,0.));
#4622=DIRECTION('',(0.,-1.,0.));
#4623=DIRECTION('',(1.,0.,0.));
#4624=DIRECTION('',(0.,0.,-1.));
#4625=DIRECTION('',(1.,0.,0.));
#4626=DIRECTION('',(0.,-1.,0.));
#4627=DIRECTION('',(0.,0.,-1.));
#4628=DIRECTION('',(0.,0.,1.));
#4629=DIRECTION('',(1.,0.,0.));
#4630=DIRECTION('',(0.,0.,1.));
#4631=DIRECTION('',(1.,0.,0.));
#4632=DIRECTION('',(0.959492973614497,0.28173255684143,0.));
#4633=DIRECTION('',(-1.,1.22464679914735E-16,0.));
#4634=DIRECTION('',(0.,0.,1.));
#4635=DIRECTION('',(1.,0.,0.));
#4636=DIRECTION('',(-0.841253532831181,0.540640817455598,0.));
#4637=DIRECTION('',(0.959492973614497,-0.28173255684143,0.));
#4638=DIRECTION('',(0.,0.,1.));
#4639=DIRECTION('',(1.,0.,0.));
#4640=DIRECTION('',(0.,0.,1.));
#4641=DIRECTION('',(1.,0.,0.));
#4642=DIRECTION('',(0.,1.,0.));
#4643=DIRECTION('',(-1.,1.22464679914735E-16,0.));
#4644=DIRECTION('',(-1.22464679914735E-16,-1.,0.));
#4645=DIRECTION('',(-1.,1.22464679914735E-16,0.));
#4646=DIRECTION('',(0.,-1.,0.));
#4647=DIRECTION('',(1.,0.,0.));
#4648=DIRECTION('',(0.,0.,1.));
#4649=DIRECTION('',(1.,0.,0.));
#4650=DIRECTION('',(0.,0.,1.));
#4651=DIRECTION('',(0.,-1.,0.));
#4652=DIRECTION('',(0.,0.,-1.));
#4653=DIRECTION('',(1.,0.,0.));
#4654=DIRECTION('',(0.,-1.,0.));
#4655=DIRECTION('',(1.,0.,0.));
#4656=DIRECTION('',(1.,0.,0.));
#4657=DIRECTION('',(0.,0.,1.));
#4658=DIRECTION('',(1.22464679914735E-16,1.,0.));
#4659=DIRECTION('',(0.,0.,-1.));
#4660=DIRECTION('',(1.,0.,0.));
#4661=DIRECTION('',(0.,-1.,0.));
#4662=DIRECTION('',(0.,0.,-1.));
#4663=DIRECTION('',(0.,0.,1.));
#4664=DIRECTION('',(-1.,0.,0.));
#4665=DIRECTION('',(0.,0.,1.));
#4666=DIRECTION('',(0.,1.,0.));
#4667=DIRECTION('',(0.,0.,1.));
#4668=DIRECTION('',(0.,0.,1.));
#4669=DIRECTION('',(1.,0.,0.));
#4670=DIRECTION('',(-1.,1.22464679914735E-16,0.));
#4671=DIRECTION('',(-1.22464679914735E-16,-1.,0.));
#4672=DIRECTION('',(0.,1.,0.));
#4673=DIRECTION('',(-1.,0.,0.));
#4674=DIRECTION('',(0.,0.,1.));
#4675=DIRECTION('',(0.,1.,0.));
#4676=DIRECTION('',(0.,0.,1.));
#4677=DIRECTION('',(1.,0.,0.));
#4678=DIRECTION('',(-1.22464679914735E-16,-1.,0.));
#4679=DIRECTION('',(-1.,1.22464679914735E-16,0.));
#4680=DIRECTION('',(0.959492973614497,0.28173255684143,0.));
#4681=DIRECTION('',(-0.28173255684143,0.959492973614497,0.));
#4682=DIRECTION('',(0.959492973614497,0.28173255684143,0.));
#4683=DIRECTION('',(0.28173255684143,-0.959492973614497,0.));
#4684=DIRECTION('',(-0.959492973614497,-0.28173255684143,0.));
#4685=DIRECTION('',(0.841253532831181,0.540640817455598,0.));
#4686=DIRECTION('',(-0.540640817455598,0.841253532831181,0.));
#4687=DIRECTION('',(0.841253532831181,0.540640817455598,0.));
#4688=DIRECTION('',(0.540640817455598,-0.841253532831181,0.));
#4689=DIRECTION('',(-0.841253532831181,-0.540640817455598,0.));
#4690=DIRECTION('',(0.654860733945285,0.755749574354258,0.));
#4691=DIRECTION('',(-0.755749574354258,0.654860733945285,0.));
#4692=DIRECTION('',(0.654860733945285,0.755749574354258,0.));
#4693=DIRECTION('',(0.755749574354258,-0.654860733945285,0.));
#4694=DIRECTION('',(-0.654860733945285,-0.755749574354258,0.));
#4695=DIRECTION('',(0.415415013001886,0.909631995354518,0.));
#4696=DIRECTION('',(-0.909631995354518,0.415415013001886,0.));
#4697=DIRECTION('',(0.415415013001886,0.909631995354518,0.));
#4698=DIRECTION('',(0.909631995354518,-0.415415013001886,0.));
#4699=DIRECTION('',(-0.415415013001886,-0.909631995354518,0.));
#4700=DIRECTION('',(0.142314838273285,0.989821441880933,0.));
#4701=DIRECTION('',(-0.989821441880933,0.142314838273285,0.));
#4702=DIRECTION('',(0.142314838273285,0.989821441880933,0.));
#4703=DIRECTION('',(0.989821441880933,-0.142314838273285,0.));
#4704=DIRECTION('',(-0.142314838273285,-0.989821441880933,0.));
#4705=DIRECTION('',(-0.142314838273285,0.989821441880933,0.));
#4706=DIRECTION('',(-0.989821441880933,-0.142314838273285,0.));
#4707=DIRECTION('',(-0.142314838273285,0.989821441880933,0.));
#4708=DIRECTION('',(0.989821441880933,0.142314838273285,0.));
#4709=DIRECTION('',(0.142314838273285,-0.989821441880933,0.));
#4710=DIRECTION('',(-0.415415013001886,0.909631995354518,0.));
#4711=DIRECTION('',(-0.909631995354518,-0.415415013001886,0.));
#4712=DIRECTION('',(-0.415415013001886,0.909631995354518,0.));
#4713=DIRECTION('',(0.909631995354519,0.415415013001886,0.));
#4714=DIRECTION('',(0.415415013001886,-0.909631995354519,0.));
#4715=DIRECTION('',(-0.654860733945285,0.755749574354258,0.));
#4716=DIRECTION('',(-0.755749574354258,-0.654860733945285,0.));
#4717=DIRECTION('',(-0.654860733945285,0.755749574354258,0.));
#4718=DIRECTION('',(0.755749574354258,0.654860733945285,0.));
#4719=DIRECTION('',(0.654860733945285,-0.755749574354258,0.));
#4720=DIRECTION('',(-0.841253532831181,0.540640817455598,0.));
#4721=DIRECTION('',(-0.540640817455598,-0.841253532831181,0.));
#4722=DIRECTION('',(-0.841253532831181,0.540640817455598,0.));
#4723=DIRECTION('',(0.540640817455597,0.841253532831181,0.));
#4724=DIRECTION('',(0.841253532831181,-0.540640817455597,0.));
#4725=DIRECTION('',(-0.959492973614497,0.28173255684143,0.));
#4726=DIRECTION('',(-0.28173255684143,-0.959492973614497,0.));
#4727=DIRECTION('',(-0.959492973614497,0.28173255684143,0.));
#4728=DIRECTION('',(0.28173255684143,0.959492973614497,0.));
#4729=DIRECTION('',(0.959492973614497,-0.28173255684143,0.));
#4730=DIRECTION('',(-1.,1.22464679914735E-16,0.));
#4731=DIRECTION('',(-1.22464679914735E-16,-1.,0.));
#4732=DIRECTION('',(-1.,1.22464679914735E-16,0.));
#4733=DIRECTION('',(0.,1.,0.));
#4734=DIRECTION('',(-0.959492973614497,-0.28173255684143,0.));
#4735=DIRECTION('',(0.28173255684143,-0.959492973614497,0.));
#4736=DIRECTION('',(-0.959492973614497,-0.28173255684143,0.));
#4737=DIRECTION('',(-0.28173255684143,0.959492973614497,0.));
#4738=DIRECTION('',(0.959492973614497,0.28173255684143,0.));
#4739=DIRECTION('',(-0.841253532831181,-0.540640817455598,0.));
#4740=DIRECTION('',(0.540640817455598,-0.841253532831181,0.));
#4741=DIRECTION('',(-0.841253532831181,-0.540640817455598,0.));
#4742=DIRECTION('',(-0.540640817455598,0.841253532831181,0.));
#4743=DIRECTION('',(0.841253532831181,0.540640817455598,0.));
#4744=DIRECTION('',(-0.654860733945285,-0.755749574354258,0.));
#4745=DIRECTION('',(0.755749574354258,-0.654860733945285,0.));
#4746=DIRECTION('',(-0.654860733945285,-0.755749574354258,0.));
#4747=DIRECTION('',(-0.755749574354258,0.654860733945285,0.));
#4748=DIRECTION('',(0.654860733945285,0.755749574354258,0.));
#4749=DIRECTION('',(-0.415415013001886,-0.909631995354518,0.));
#4750=DIRECTION('',(0.909631995354518,-0.415415013001886,0.));
#4751=DIRECTION('',(-0.415415013001886,-0.909631995354518,0.));
#4752=DIRECTION('',(-0.909631995354518,0.415415013001886,0.));
#4753=DIRECTION('',(0.415415013001886,0.909631995354518,0.));
#4754=DIRECTION('',(-0.142314838273285,-0.989821441880933,0.));
#4755=DIRECTION('',(0.989821441880933,-0.142314838273285,0.));
#4756=DIRECTION('',(-0.142314838273285,-0.989821441880933,0.));
#4757=DIRECTION('',(-0.989821441880933,0.142314838273285,0.));
#4758=DIRECTION('',(0.142314838273285,0.989821441880933,0.));
#4759=DIRECTION('',(0.142314838273285,-0.989821441880933,0.));
#4760=DIRECTION('',(0.989821441880933,0.142314838273285,0.));
#4761=DIRECTION('',(0.142314838273285,-0.989821441880933,0.));
#4762=DIRECTION('',(-0.989821441880933,-0.142314838273285,0.));
#4763=DIRECTION('',(-0.142314838273285,0.989821441880933,0.));
#4764=DIRECTION('',(0.415415013001886,-0.909631995354519,0.));
#4765=DIRECTION('',(0.909631995354519,0.415415013001886,0.));
#4766=DIRECTION('',(0.415415013001886,-0.909631995354519,0.));
#4767=DIRECTION('',(-0.909631995354518,-0.415415013001886,0.));
#4768=DIRECTION('',(-0.415415013001886,0.909631995354518,0.));
#4769=DIRECTION('',(0.654860733945285,-0.755749574354258,0.));
#4770=DIRECTION('',(0.755749574354258,0.654860733945285,0.));
#4771=DIRECTION('',(0.654860733945285,-0.755749574354258,0.));
#4772=DIRECTION('',(-0.755749574354258,-0.654860733945285,0.));
#4773=DIRECTION('',(-0.654860733945285,0.755749574354258,0.));
#4774=DIRECTION('',(0.841253532831181,-0.540640817455597,0.));
#4775=DIRECTION('',(0.540640817455597,0.841253532831181,0.));
#4776=DIRECTION('',(0.841253532831181,-0.540640817455597,0.));
#4777=DIRECTION('',(-0.540640817455598,-0.841253532831181,0.));
#4778=DIRECTION('',(-0.841253532831181,0.540640817455598,0.));
#4779=DIRECTION('',(0.959492973614497,-0.28173255684143,0.));
#4780=DIRECTION('',(0.28173255684143,0.959492973614497,0.));
#4781=DIRECTION('',(0.959492973614497,-0.28173255684143,0.));
#4782=DIRECTION('',(-0.28173255684143,-0.959492973614497,0.));
#4783=DIRECTION('',(-0.959492973614497,0.28173255684143,0.));
#4784=DIRECTION('',(0.,1.,0.));
#4785=DIRECTION('',(0.,1.,0.));
#4786=DIRECTION('',(0.,0.,1.));
#4787=DIRECTION('',(0.,-1.,0.));
#4788=DIRECTION('',(0.,0.,-1.));
#4789=DIRECTION('',(0.,-1.,0.));
#4790=DIRECTION('',(0.,0.,-1.));
#4791=DIRECTION('',(-0.959492973614497,-0.28173255684143,0.));
#4792=DIRECTION('',(0.,0.,1.));
#4793=DIRECTION('',(0.,0.,1.));
#4794=DIRECTION('',(-0.28173255684143,0.959492973614497,0.));
#4795=DIRECTION('',(0.,0.,1.));
#4796=DIRECTION('',(-0.28173255684143,0.959492973614497,0.));
#4797=DIRECTION('',(0.959492973614497,0.28173255684143,0.));
#4798=DIRECTION('',(0.,0.,1.));
#4799=DIRECTION('',(0.,0.,1.));
#4800=DIRECTION('',(0.28173255684143,-0.959492973614497,0.));
#4801=DIRECTION('',(0.,0.,1.));
#4802=DIRECTION('',(0.28173255684143,-0.959492973614497,0.));
#4803=DIRECTION('',(-0.654860733945285,-0.755749574354258,0.));
#4804=DIRECTION('',(0.,0.,1.));
#4805=DIRECTION('',(0.,0.,1.));
#4806=DIRECTION('',(-0.755749574354258,0.654860733945285,0.));
#4807=DIRECTION('',(0.,0.,1.));
#4808=DIRECTION('',(-0.755749574354258,0.654860733945285,0.));
#4809=DIRECTION('',(0.654860733945285,0.755749574354258,0.));
#4810=DIRECTION('',(0.,0.,1.));
#4811=DIRECTION('',(0.,0.,1.));
#4812=DIRECTION('',(0.755749574354258,-0.654860733945285,0.));
#4813=DIRECTION('',(0.,0.,1.));
#4814=DIRECTION('',(0.755749574354258,-0.654860733945285,0.));
#4815=DIRECTION('',(-0.142314838273285,-0.989821441880933,0.));
#4816=DIRECTION('',(0.,0.,1.));
#4817=DIRECTION('',(0.,0.,1.));
#4818=DIRECTION('',(-0.989821441880933,0.142314838273285,0.));
#4819=DIRECTION('',(0.,0.,1.));
#4820=DIRECTION('',(-0.989821441880933,0.142314838273285,0.));
#4821=DIRECTION('',(0.142314838273285,0.989821441880933,0.));
#4822=DIRECTION('',(0.,0.,1.));
#4823=DIRECTION('',(0.,0.,1.));
#4824=DIRECTION('',(0.989821441880933,-0.142314838273285,0.));
#4825=DIRECTION('',(0.,0.,1.));
#4826=DIRECTION('',(0.989821441880933,-0.142314838273285,0.));
#4827=DIRECTION('',(0.415415013001886,-0.909631995354518,0.));
#4828=DIRECTION('',(0.,0.,1.));
#4829=DIRECTION('',(0.,0.,1.));
#4830=DIRECTION('',(-0.909631995354518,-0.415415013001886,0.));
#4831=DIRECTION('',(0.,0.,1.));
#4832=DIRECTION('',(-0.909631995354518,-0.415415013001886,0.));
#4833=DIRECTION('',(-0.415415013001886,0.909631995354519,0.));
#4834=DIRECTION('',(0.,0.,1.));
#4835=DIRECTION('',(0.,0.,1.));
#4836=DIRECTION('',(0.909631995354519,0.415415013001886,0.));
#4837=DIRECTION('',(0.,0.,1.));
#4838=DIRECTION('',(0.909631995354519,0.415415013001886,0.));
#4839=DIRECTION('',(0.841253532831181,-0.540640817455598,0.));
#4840=DIRECTION('',(0.,0.,1.));
#4841=DIRECTION('',(0.,0.,1.));
#4842=DIRECTION('',(-0.540640817455598,-0.841253532831181,0.));
#4843=DIRECTION('',(0.,0.,1.));
#4844=DIRECTION('',(-0.540640817455598,-0.841253532831181,0.));
#4845=DIRECTION('',(-0.841253532831181,0.540640817455597,0.));
#4846=DIRECTION('',(0.,0.,1.));
#4847=DIRECTION('',(0.,0.,1.));
#4848=DIRECTION('',(0.540640817455597,0.841253532831181,0.));
#4849=DIRECTION('',(0.,0.,1.));
#4850=DIRECTION('',(0.540640817455597,0.841253532831181,0.));
#4851=DIRECTION('',(1.,-1.22464679914735E-16,0.));
#4852=DIRECTION('',(0.,0.,1.));
#4853=DIRECTION('',(0.,0.,1.));
#4854=DIRECTION('',(-1.22464679914735E-16,-1.,0.));
#4855=DIRECTION('',(0.,0.,1.));
#4856=DIRECTION('',(-0.959492973614497,0.28173255684143,0.));
#4857=DIRECTION('',(0.,0.,1.));
#4858=DIRECTION('',(0.,0.,1.));
#4859=DIRECTION('',(0.28173255684143,0.959492973614497,0.));
#4860=DIRECTION('',(0.,0.,1.));
#4861=DIRECTION('',(0.28173255684143,0.959492973614497,0.));
#4862=DIRECTION('',(0.959492973614497,-0.28173255684143,0.));
#4863=DIRECTION('',(0.,0.,1.));
#4864=DIRECTION('',(0.,0.,1.));
#4865=DIRECTION('',(-0.28173255684143,-0.959492973614497,0.));
#4866=DIRECTION('',(0.,0.,1.));
#4867=DIRECTION('',(-0.28173255684143,-0.959492973614497,0.));
#4868=DIRECTION('',(-0.654860733945285,0.755749574354258,0.));
#4869=DIRECTION('',(0.,0.,1.));
#4870=DIRECTION('',(0.,0.,1.));
#4871=DIRECTION('',(0.755749574354258,0.654860733945285,0.));
#4872=DIRECTION('',(0.,0.,1.));
#4873=DIRECTION('',(0.755749574354258,0.654860733945285,0.));
#4874=DIRECTION('',(0.654860733945285,-0.755749574354258,0.));
#4875=DIRECTION('',(0.,0.,1.));
#4876=DIRECTION('',(0.,0.,1.));
#4877=DIRECTION('',(-0.755749574354258,-0.654860733945285,0.));
#4878=DIRECTION('',(0.,0.,1.));
#4879=DIRECTION('',(-0.755749574354258,-0.654860733945285,0.));
#4880=DIRECTION('',(-0.142314838273285,0.989821441880933,0.));
#4881=DIRECTION('',(0.,0.,1.));
#4882=DIRECTION('',(0.,0.,1.));
#4883=DIRECTION('',(0.989821441880933,0.142314838273285,0.));
#4884=DIRECTION('',(0.,0.,1.));
#4885=DIRECTION('',(0.989821441880933,0.142314838273285,0.));
#4886=DIRECTION('',(0.142314838273285,-0.989821441880933,0.));
#4887=DIRECTION('',(0.,0.,1.));
#4888=DIRECTION('',(0.,0.,1.));
#4889=DIRECTION('',(-0.989821441880933,-0.142314838273285,0.));
#4890=DIRECTION('',(0.,0.,1.));
#4891=DIRECTION('',(-0.989821441880933,-0.142314838273285,0.));
#4892=DIRECTION('',(0.415415013001886,0.909631995354518,0.));
#4893=DIRECTION('',(0.,0.,1.));
#4894=DIRECTION('',(0.,0.,1.));
#4895=DIRECTION('',(0.909631995354518,-0.415415013001886,0.));
#4896=DIRECTION('',(0.,0.,1.));
#4897=DIRECTION('',(0.909631995354518,-0.415415013001886,0.));
#4898=DIRECTION('',(-0.415415013001886,-0.909631995354518,0.));
#4899=DIRECTION('',(0.,0.,1.));
#4900=DIRECTION('',(0.,0.,1.));
#4901=DIRECTION('',(-0.909631995354518,0.415415013001886,0.));
#4902=DIRECTION('',(0.,0.,1.));
#4903=DIRECTION('',(-0.909631995354518,0.415415013001886,0.));
#4904=DIRECTION('',(0.841253532831181,0.540640817455598,0.));
#4905=DIRECTION('',(0.,0.,1.));
#4906=DIRECTION('',(0.,0.,1.));
#4907=DIRECTION('',(0.540640817455598,-0.841253532831181,0.));
#4908=DIRECTION('',(0.,0.,1.));
#4909=DIRECTION('',(0.540640817455598,-0.841253532831181,0.));
#4910=DIRECTION('',(-0.841253532831181,-0.540640817455598,0.));
#4911=DIRECTION('',(0.,0.,1.));
#4912=DIRECTION('',(0.,0.,1.));
#4913=DIRECTION('',(-0.540640817455598,0.841253532831181,0.));
#4914=DIRECTION('',(0.,0.,1.));
#4915=DIRECTION('',(-0.540640817455598,0.841253532831181,0.));
#4916=DIRECTION('',(1.22464679914735E-16,1.,0.));
#4917=DIRECTION('',(0.,0.,-1.));
#4918=DIRECTION('',(1.22464679914735E-16,1.,0.));
#4919=DIRECTION('',(0.,0.,-1.));
#4920=DIRECTION('',(1.22464679914735E-16,1.,0.));
#4921=DIRECTION('',(0.,0.,-1.));
#4922=DIRECTION('',(0.28173255684143,0.959492973614497,0.));
#4923=DIRECTION('',(0.,0.,1.));
#4924=DIRECTION('',(-0.28173255684143,-0.959492973614497,0.));
#4925=DIRECTION('',(0.,0.,-1.));
#4926=DIRECTION('',(-0.28173255684143,-0.959492973614497,0.));
#4927=DIRECTION('',(0.,0.,-1.));
#4928=DIRECTION('',(0.28173255684143,0.959492973614497,0.));
#4929=DIRECTION('',(-0.959492973614497,0.28173255684143,0.));
#4930=DIRECTION('',(-0.959492973614497,0.28173255684143,0.));
#4931=DIRECTION('',(0.28173255684143,0.959492973614497,0.));
#4932=DIRECTION('',(0.,0.,-1.));
#4933=DIRECTION('',(0.28173255684143,0.959492973614497,0.));
#4934=DIRECTION('',(0.,0.,-1.));
#4935=DIRECTION('',(0.28173255684143,0.959492973614497,0.));
#4936=DIRECTION('',(0.,0.,-1.));
#4937=DIRECTION('',(0.540640817455597,0.841253532831181,0.));
#4938=DIRECTION('',(0.,0.,1.));
#4939=DIRECTION('',(-0.540640817455597,-0.841253532831181,0.));
#4940=DIRECTION('',(0.,0.,-1.));
#4941=DIRECTION('',(-0.540640817455597,-0.841253532831181,0.));
#4942=DIRECTION('',(0.,0.,-1.));
#4943=DIRECTION('',(0.540640817455598,0.841253532831181,0.));
#4944=DIRECTION('',(-0.841253532831181,0.540640817455598,0.));
#4945=DIRECTION('',(-0.841253532831181,0.540640817455598,0.));
#4946=DIRECTION('',(0.540640817455598,0.841253532831181,0.));
#4947=DIRECTION('',(0.,0.,-1.));
#4948=DIRECTION('',(0.540640817455598,0.841253532831181,0.));
#4949=DIRECTION('',(0.,0.,-1.));
#4950=DIRECTION('',(0.540640817455598,0.841253532831181,0.));
#4951=DIRECTION('',(0.,0.,-1.));
#4952=DIRECTION('',(0.755749574354258,0.654860733945285,0.));
#4953=DIRECTION('',(0.,0.,1.));
#4954=DIRECTION('',(-0.755749574354258,-0.654860733945285,0.));
#4955=DIRECTION('',(0.,0.,-1.));
#4956=DIRECTION('',(-0.755749574354258,-0.654860733945285,0.));
#4957=DIRECTION('',(0.,0.,-1.));
#4958=DIRECTION('',(0.755749574354258,0.654860733945285,0.));
#4959=DIRECTION('',(-0.654860733945285,0.755749574354258,0.));
#4960=DIRECTION('',(-0.654860733945285,0.755749574354258,0.));
#4961=DIRECTION('',(0.755749574354258,0.654860733945285,0.));
#4962=DIRECTION('',(0.,0.,-1.));
#4963=DIRECTION('',(0.755749574354258,0.654860733945285,0.));
#4964=DIRECTION('',(0.,0.,-1.));
#4965=DIRECTION('',(0.755749574354258,0.654860733945285,0.));
#4966=DIRECTION('',(0.,0.,-1.));
#4967=DIRECTION('',(0.909631995354519,0.415415013001886,0.));
#4968=DIRECTION('',(0.,0.,1.));
#4969=DIRECTION('',(-0.909631995354519,-0.415415013001886,0.));
#4970=DIRECTION('',(0.,0.,-1.));
#4971=DIRECTION('',(-0.909631995354519,-0.415415013001886,0.));
#4972=DIRECTION('',(0.,0.,-1.));
#4973=DIRECTION('',(0.909631995354518,0.415415013001886,0.));
#4974=DIRECTION('',(-0.415415013001886,0.909631995354518,0.));
#4975=DIRECTION('',(-0.415415013001886,0.909631995354518,0.));
#4976=DIRECTION('',(0.909631995354518,0.415415013001886,0.));
#4977=DIRECTION('',(0.,0.,-1.));
#4978=DIRECTION('',(0.909631995354518,0.415415013001886,0.));
#4979=DIRECTION('',(0.,0.,-1.));
#4980=DIRECTION('',(0.909631995354518,0.415415013001886,0.));
#4981=DIRECTION('',(0.,0.,-1.));
#4982=DIRECTION('',(0.989821441880933,0.142314838273285,0.));
#4983=DIRECTION('',(0.,0.,1.));
#4984=DIRECTION('',(-0.989821441880933,-0.142314838273285,0.));
#4985=DIRECTION('',(0.,0.,-1.));
#4986=DIRECTION('',(-0.989821441880933,-0.142314838273285,0.));
#4987=DIRECTION('',(0.,0.,-1.));
#4988=DIRECTION('',(0.989821441880933,0.142314838273285,0.));
#4989=DIRECTION('',(-0.142314838273285,0.989821441880933,0.));
#4990=DIRECTION('',(-0.142314838273285,0.989821441880933,0.));
#4991=DIRECTION('',(0.989821441880933,0.142314838273285,0.));
#4992=DIRECTION('',(0.,0.,-1.));
#4993=DIRECTION('',(0.989821441880933,0.142314838273285,0.));
#4994=DIRECTION('',(0.,0.,-1.));
#4995=DIRECTION('',(0.989821441880933,0.142314838273285,0.));
#4996=DIRECTION('',(0.,0.,-1.));
#4997=DIRECTION('',(0.989821441880933,-0.142314838273285,0.));
#4998=DIRECTION('',(0.,0.,1.));
#4999=DIRECTION('',(-0.989821441880933,0.142314838273285,0.));
#5000=DIRECTION('',(0.,0.,-1.));
#5001=DIRECTION('',(-0.989821441880933,0.142314838273285,0.));
#5002=DIRECTION('',(0.,0.,-1.));
#5003=DIRECTION('',(0.989821441880933,-0.142314838273285,0.));
#5004=DIRECTION('',(0.142314838273285,0.989821441880933,0.));
#5005=DIRECTION('',(0.142314838273285,0.989821441880933,0.));
#5006=DIRECTION('',(0.989821441880933,-0.142314838273285,0.));
#5007=DIRECTION('',(0.,0.,-1.));
#5008=DIRECTION('',(0.989821441880933,-0.142314838273285,0.));
#5009=DIRECTION('',(0.,0.,-1.));
#5010=DIRECTION('',(0.989821441880933,-0.142314838273285,0.));
#5011=DIRECTION('',(0.,0.,-1.));
#5012=DIRECTION('',(0.909631995354518,-0.415415013001886,0.));
#5013=DIRECTION('',(0.,0.,1.));
#5014=DIRECTION('',(-0.909631995354518,0.415415013001886,0.));
#5015=DIRECTION('',(0.,0.,-1.));
#5016=DIRECTION('',(-0.909631995354518,0.415415013001886,0.));
#5017=DIRECTION('',(0.,0.,-1.));
#5018=DIRECTION('',(0.909631995354518,-0.415415013001886,0.));
#5019=DIRECTION('',(0.415415013001886,0.909631995354518,0.));
#5020=DIRECTION('',(0.415415013001886,0.909631995354518,0.));
#5021=DIRECTION('',(0.909631995354518,-0.415415013001886,0.));
#5022=DIRECTION('',(0.,0.,-1.));
#5023=DIRECTION('',(0.909631995354518,-0.415415013001886,0.));
#5024=DIRECTION('',(0.,0.,-1.));
#5025=DIRECTION('',(0.909631995354518,-0.415415013001886,0.));
#5026=DIRECTION('',(0.,0.,-1.));
#5027=DIRECTION('',(0.755749574354258,-0.654860733945285,0.));
#5028=DIRECTION('',(0.,0.,1.));
#5029=DIRECTION('',(-0.755749574354258,0.654860733945285,0.));
#5030=DIRECTION('',(0.,0.,-1.));
#5031=DIRECTION('',(-0.755749574354258,0.654860733945285,0.));
#5032=DIRECTION('',(0.,0.,-1.));
#5033=DIRECTION('',(0.755749574354258,-0.654860733945285,0.));
#5034=DIRECTION('',(0.654860733945285,0.755749574354258,0.));
#5035=DIRECTION('',(0.654860733945285,0.755749574354258,0.));
#5036=DIRECTION('',(0.755749574354258,-0.654860733945285,0.));
#5037=DIRECTION('',(0.,0.,-1.));
#5038=DIRECTION('',(0.755749574354258,-0.654860733945285,0.));
#5039=DIRECTION('',(0.,0.,-1.));
#5040=DIRECTION('',(0.755749574354258,-0.654860733945285,0.));
#5041=DIRECTION('',(0.,0.,-1.));
#5042=DIRECTION('',(0.540640817455598,-0.841253532831181,0.));
#5043=DIRECTION('',(0.,0.,1.));
#5044=DIRECTION('',(-0.540640817455598,0.841253532831181,0.));
#5045=DIRECTION('',(0.,0.,-1.));
#5046=DIRECTION('',(-0.540640817455598,0.841253532831181,0.));
#5047=DIRECTION('',(0.,0.,-1.));
#5048=DIRECTION('',(0.540640817455598,-0.841253532831181,0.));
#5049=DIRECTION('',(0.841253532831181,0.540640817455598,0.));
#5050=DIRECTION('',(0.841253532831181,0.540640817455598,0.));
#5051=DIRECTION('',(0.540640817455598,-0.841253532831181,0.));
#5052=DIRECTION('',(0.,0.,-1.));
#5053=DIRECTION('',(0.540640817455598,-0.841253532831181,0.));
#5054=DIRECTION('',(0.,0.,-1.));
#5055=DIRECTION('',(0.540640817455598,-0.841253532831181,0.));
#5056=DIRECTION('',(0.,0.,-1.));
#5057=DIRECTION('',(0.28173255684143,-0.959492973614497,0.));
#5058=DIRECTION('',(0.,0.,1.));
#5059=DIRECTION('',(-0.28173255684143,0.959492973614497,0.));
#5060=DIRECTION('',(0.,0.,-1.));
#5061=DIRECTION('',(-0.28173255684143,0.959492973614497,0.));
#5062=DIRECTION('',(0.,0.,-1.));
#5063=DIRECTION('',(0.28173255684143,-0.959492973614497,0.));
#5064=DIRECTION('',(0.959492973614497,0.28173255684143,0.));
#5065=DIRECTION('',(0.959492973614497,0.28173255684143,0.));
#5066=DIRECTION('',(0.28173255684143,-0.959492973614497,0.));
#5067=DIRECTION('',(0.,0.,-1.));
#5068=DIRECTION('',(0.28173255684143,-0.959492973614497,0.));
#5069=DIRECTION('',(0.,0.,-1.));
#5070=DIRECTION('',(0.28173255684143,-0.959492973614497,0.));
#5071=DIRECTION('',(0.,0.,-1.));
#5072=DIRECTION('',(1.22464679914735E-16,1.,0.));
#5073=DIRECTION('',(-1.,1.22464679914735E-16,0.));
#5074=DIRECTION('',(0.,0.,1.));
#5075=DIRECTION('',(1.22464679914735E-16,1.,0.));
#5076=DIRECTION('',(0.,0.,-1.));
#5077=DIRECTION('',(0.,0.,1.));
#5078=DIRECTION('',(0.540640817455598,-0.841253532831181,0.));
#5079=DIRECTION('',(0.841253532831181,0.540640817455598,0.));
#5080=DIRECTION('',(0.,0.,1.));
#5081=DIRECTION('',(0.841253532831181,0.540640817455598,0.));
#5082=DIRECTION('',(0.,0.,1.));
#5083=DIRECTION('',(0.841253532831181,0.540640817455598,0.));
#5084=DIRECTION('',(-0.841253532831181,-0.540640817455598,0.));
#5085=DIRECTION('',(-0.540640817455598,0.841253532831181,0.));
#5086=DIRECTION('',(-0.841253532831181,-0.540640817455598,0.));
#5087=DIRECTION('',(0.,0.,1.));
#5088=DIRECTION('',(0.909631995354518,-0.415415013001886,0.));
#5089=DIRECTION('',(0.415415013001886,0.909631995354518,0.));
#5090=DIRECTION('',(0.,0.,1.));
#5091=DIRECTION('',(0.415415013001886,0.909631995354518,0.));
#5092=DIRECTION('',(0.,0.,1.));
#5093=DIRECTION('',(0.415415013001886,0.909631995354518,0.));
#5094=DIRECTION('',(-0.415415013001886,-0.909631995354518,0.));
#5095=DIRECTION('',(-0.909631995354518,0.415415013001886,0.));
#5096=DIRECTION('',(-0.415415013001886,-0.909631995354518,0.));
#5097=DIRECTION('',(0.,0.,1.));
#5098=DIRECTION('',(0.989821441880933,0.142314838273285,0.));
#5099=DIRECTION('',(-0.142314838273285,0.989821441880933,0.));
#5100=DIRECTION('',(0.,0.,1.));
#5101=DIRECTION('',(-0.142314838273285,0.989821441880933,0.));
#5102=DIRECTION('',(0.,0.,1.));
#5103=DIRECTION('',(-0.142314838273285,0.989821441880933,0.));
#5104=DIRECTION('',(0.142314838273285,-0.989821441880933,0.));
#5105=DIRECTION('',(-0.989821441880933,-0.142314838273285,0.));
#5106=DIRECTION('',(0.142314838273285,-0.989821441880933,0.));
#5107=DIRECTION('',(0.,0.,1.));
#5108=DIRECTION('',(0.755749574354258,0.654860733945285,0.));
#5109=DIRECTION('',(-0.654860733945285,0.755749574354258,0.));
#5110=DIRECTION('',(0.,0.,1.));
#5111=DIRECTION('',(-0.654860733945285,0.755749574354258,0.));
#5112=DIRECTION('',(0.,0.,1.));
#5113=DIRECTION('',(-0.654860733945285,0.755749574354258,0.));
#5114=DIRECTION('',(0.654860733945285,-0.755749574354258,0.));
#5115=DIRECTION('',(-0.755749574354258,-0.654860733945285,0.));
#5116=DIRECTION('',(0.654860733945285,-0.755749574354258,0.));
#5117=DIRECTION('',(0.,0.,1.));
#5118=DIRECTION('',(0.28173255684143,0.959492973614497,0.));
#5119=DIRECTION('',(-0.959492973614497,0.28173255684143,0.));
#5120=DIRECTION('',(0.,0.,1.));
#5121=DIRECTION('',(-0.959492973614497,0.28173255684143,0.));
#5122=DIRECTION('',(0.,0.,1.));
#5123=DIRECTION('',(-0.959492973614497,0.28173255684143,0.));
#5124=DIRECTION('',(0.959492973614497,-0.28173255684143,0.));
#5125=DIRECTION('',(-0.28173255684143,-0.959492973614497,0.));
#5126=DIRECTION('',(0.959492973614497,-0.28173255684143,0.));
#5127=DIRECTION('',(0.,0.,1.));
#5128=DIRECTION('',(1.22464679914735E-16,1.,0.));
#5129=DIRECTION('',(-1.,1.22464679914735E-16,0.));
#5130=DIRECTION('',(-0.540640817455597,-0.841253532831181,0.));
#5131=DIRECTION('',(0.841253532831181,-0.540640817455597,0.));
#5132=DIRECTION('',(0.841253532831181,-0.540640817455597,0.));
#5133=DIRECTION('',(0.,0.,1.));
#5134=DIRECTION('',(-0.841253532831181,0.540640817455598,0.));
#5135=DIRECTION('',(-0.841253532831181,0.540640817455598,0.));
#5136=DIRECTION('',(0.540640817455598,0.841253532831181,0.));
#5137=DIRECTION('',(-0.841253532831181,0.540640817455598,0.));
#5138=DIRECTION('',(-0.909631995354519,-0.415415013001886,0.));
#5139=DIRECTION('',(0.415415013001886,-0.909631995354519,0.));
#5140=DIRECTION('',(0.415415013001886,-0.909631995354519,0.));
#5141=DIRECTION('',(0.,0.,1.));
#5142=DIRECTION('',(-0.415415013001886,0.909631995354518,0.));
#5143=DIRECTION('',(-0.415415013001886,0.909631995354518,0.));
#5144=DIRECTION('',(0.909631995354518,0.415415013001886,0.));
#5145=DIRECTION('',(-0.415415013001886,0.909631995354518,0.));
#5146=DIRECTION('',(-0.989821441880933,0.142314838273285,0.));
#5147=DIRECTION('',(-0.142314838273285,-0.989821441880933,0.));
#5148=DIRECTION('',(-0.142314838273285,-0.989821441880933,0.));
#5149=DIRECTION('',(0.,0.,1.));
#5150=DIRECTION('',(0.142314838273285,0.989821441880933,0.));
#5151=DIRECTION('',(0.142314838273285,0.989821441880933,0.));
#5152=DIRECTION('',(0.989821441880933,-0.142314838273285,0.));
#5153=DIRECTION('',(0.142314838273285,0.989821441880933,0.));
#5154=DIRECTION('',(-0.755749574354258,0.654860733945285,0.));
#5155=DIRECTION('',(-0.654860733945285,-0.755749574354258,0.));
#5156=DIRECTION('',(-0.654860733945285,-0.755749574354258,0.));
#5157=DIRECTION('',(0.,0.,1.));
#5158=DIRECTION('',(0.654860733945285,0.755749574354258,0.));
#5159=DIRECTION('',(0.654860733945285,0.755749574354258,0.));
#5160=DIRECTION('',(0.755749574354258,-0.654860733945285,0.));
#5161=DIRECTION('',(0.654860733945285,0.755749574354258,0.));
#5162=DIRECTION('',(-0.28173255684143,0.959492973614497,0.));
#5163=DIRECTION('',(-0.959492973614497,-0.28173255684143,0.));
#5164=DIRECTION('',(-0.959492973614497,-0.28173255684143,0.));
#5165=DIRECTION('',(0.,0.,1.));
#5166=DIRECTION('',(0.959492973614497,0.28173255684143,0.));
#5167=DIRECTION('',(0.959492973614497,0.28173255684143,0.));
#5168=DIRECTION('',(0.28173255684143,-0.959492973614497,0.));
#5169=DIRECTION('',(0.959492973614497,0.28173255684143,0.));
#5170=DIRECTION('',(-1.22464679914735E-16,-1.,0.));
#5171=DIRECTION('',(0.,0.,1.));
#5172=DIRECTION('',(-1.22464679914735E-16,-1.,0.));
#5173=DIRECTION('',(1.,-1.22464679914735E-16,0.));
#5174=DIRECTION('',(0.,0.,1.));
#5175=DIRECTION('',(1.22464679914735E-16,1.,0.));
#5176=DIRECTION('',(-1.,1.22464679914735E-16,0.));
#5177=DIRECTION('',(0.28173255684143,-0.959492973614497,0.));
#5178=DIRECTION('',(0.959492973614497,0.28173255684143,0.));
#5179=DIRECTION('',(0.,0.,-1.));
#5180=DIRECTION('',(0.28173255684143,-0.959492973614497,0.));
#5181=DIRECTION('',(0.,0.,-1.));
#5182=DIRECTION('',(0.,0.,1.));
#5183=DIRECTION('',(0.959492973614497,0.28173255684143,0.));
#5184=DIRECTION('',(0.,0.,1.));
#5185=DIRECTION('',(0.959492973614497,0.28173255684143,0.));
#5186=DIRECTION('',(-0.28173255684143,0.959492973614497,0.));
#5187=DIRECTION('',(-0.959492973614497,-0.28173255684143,0.));
#5188=DIRECTION('',(0.28173255684143,-0.959492973614497,0.));
#5189=DIRECTION('',(-0.959492973614497,-0.28173255684143,0.));
#5190=DIRECTION('',(-0.959492973614497,-0.28173255684143,0.));
#5191=DIRECTION('',(0.,0.,1.));
#5192=DIRECTION('',(-0.28173255684143,0.959492973614497,0.));
#5193=DIRECTION('',(0.,0.,1.));
#5194=DIRECTION('',(-0.28173255684143,0.959492973614497,0.));
#5195=DIRECTION('',(0.,0.,1.));
#5196=DIRECTION('',(0.28173255684143,-0.959492973614497,0.));
#5197=DIRECTION('',(0.,0.,-1.));
#5198=DIRECTION('',(0.959492973614497,0.28173255684143,0.));
#5199=DIRECTION('',(0.,0.,1.));
#5200=DIRECTION('',(0.,0.,1.));
#5201=DIRECTION('',(0.28173255684143,-0.959492973614497,0.));
#5202=DIRECTION('',(0.,0.,1.));
#5203=DIRECTION('',(-0.28173255684143,0.959492973614497,0.));
#5204=DIRECTION('',(0.,0.,-1.));
#5205=DIRECTION('',(-0.28173255684143,0.959492973614497,0.));
#5206=DIRECTION('',(0.,0.,-1.));
#5207=DIRECTION('',(-0.28173255684143,0.959492973614497,0.));
#5208=DIRECTION('',(0.,0.,-1.));
#5209=DIRECTION('',(-0.28173255684143,0.959492973614497,0.));
#5210=DIRECTION('',(-0.959492973614497,-0.28173255684143,0.));
#5211=DIRECTION('',(-0.28173255684143,0.959492973614497,0.));
#5212=DIRECTION('',(-0.959492973614497,-0.28173255684143,0.));
#5213=DIRECTION('',(0.540640817455598,-0.841253532831181,0.));
#5214=DIRECTION('',(0.841253532831181,0.540640817455598,0.));
#5215=DIRECTION('',(0.,0.,-1.));
#5216=DIRECTION('',(0.540640817455598,-0.841253532831181,0.));
#5217=DIRECTION('',(0.,0.,-1.));
#5218=DIRECTION('',(0.,0.,1.));
#5219=DIRECTION('',(0.841253532831181,0.540640817455598,0.));
#5220=DIRECTION('',(0.,0.,1.));
#5221=DIRECTION('',(0.841253532831181,0.540640817455598,0.));
#5222=DIRECTION('',(-0.540640817455598,0.841253532831181,0.));
#5223=DIRECTION('',(-0.841253532831181,-0.540640817455598,0.));
#5224=DIRECTION('',(0.540640817455598,-0.841253532831181,0.));
#5225=DIRECTION('',(-0.841253532831181,-0.540640817455598,0.));
#5226=DIRECTION('',(-0.841253532831181,-0.540640817455598,0.));
#5227=DIRECTION('',(0.,0.,1.));
#5228=DIRECTION('',(-0.540640817455598,0.841253532831181,0.));
#5229=DIRECTION('',(0.,0.,1.));
#5230=DIRECTION('',(-0.540640817455598,0.841253532831181,0.));
#5231=DIRECTION('',(0.,0.,1.));
#5232=DIRECTION('',(0.540640817455598,-0.841253532831181,0.));
#5233=DIRECTION('',(0.,0.,-1.));
#5234=DIRECTION('',(0.841253532831181,0.540640817455598,0.));
#5235=DIRECTION('',(0.,0.,1.));
#5236=DIRECTION('',(0.,0.,1.));
#5237=DIRECTION('',(0.540640817455598,-0.841253532831181,0.));
#5238=DIRECTION('',(0.,0.,1.));
#5239=DIRECTION('',(-0.540640817455598,0.841253532831181,0.));
#5240=DIRECTION('',(0.,0.,-1.));
#5241=DIRECTION('',(-0.540640817455598,0.841253532831181,0.));
#5242=DIRECTION('',(0.,0.,-1.));
#5243=DIRECTION('',(-0.540640817455598,0.841253532831181,0.));
#5244=DIRECTION('',(0.,0.,-1.));
#5245=DIRECTION('',(-0.540640817455598,0.841253532831181,0.));
#5246=DIRECTION('',(-0.841253532831181,-0.540640817455598,0.));
#5247=DIRECTION('',(-0.540640817455598,0.841253532831181,0.));
#5248=DIRECTION('',(-0.841253532831181,-0.540640817455598,0.));
#5249=DIRECTION('',(0.755749574354258,-0.654860733945285,0.));
#5250=DIRECTION('',(0.654860733945285,0.755749574354258,0.));
#5251=DIRECTION('',(0.,0.,-1.));
#5252=DIRECTION('',(0.755749574354258,-0.654860733945285,0.));
#5253=DIRECTION('',(0.,0.,-1.));
#5254=DIRECTION('',(0.,0.,1.));
#5255=DIRECTION('',(0.654860733945285,0.755749574354258,0.));
#5256=DIRECTION('',(0.,0.,1.));
#5257=DIRECTION('',(0.654860733945285,0.755749574354258,0.));
#5258=DIRECTION('',(-0.755749574354258,0.654860733945285,0.));
#5259=DIRECTION('',(-0.654860733945285,-0.755749574354258,0.));
#5260=DIRECTION('',(0.755749574354258,-0.654860733945285,0.));
#5261=DIRECTION('',(-0.654860733945285,-0.755749574354258,0.));
#5262=DIRECTION('',(-0.654860733945285,-0.755749574354258,0.));
#5263=DIRECTION('',(0.,0.,1.));
#5264=DIRECTION('',(-0.755749574354258,0.654860733945285,0.));
#5265=DIRECTION('',(0.,0.,1.));
#5266=DIRECTION('',(-0.755749574354258,0.654860733945285,0.));
#5267=DIRECTION('',(0.,0.,1.));
#5268=DIRECTION('',(0.755749574354258,-0.654860733945285,0.));
#5269=DIRECTION('',(0.,0.,-1.));
#5270=DIRECTION('',(0.654860733945285,0.755749574354258,0.));
#5271=DIRECTION('',(0.,0.,1.));
#5272=DIRECTION('',(0.,0.,1.));
#5273=DIRECTION('',(0.755749574354258,-0.654860733945285,0.));
#5274=DIRECTION('',(0.,0.,1.));
#5275=DIRECTION('',(-0.755749574354258,0.654860733945285,0.));
#5276=DIRECTION('',(0.,0.,-1.));
#5277=DIRECTION('',(-0.755749574354258,0.654860733945285,0.));
#5278=DIRECTION('',(0.,0.,-1.));
#5279=DIRECTION('',(-0.755749574354258,0.654860733945285,0.));
#5280=DIRECTION('',(0.,0.,-1.));
#5281=DIRECTION('',(-0.755749574354258,0.654860733945285,0.));
#5282=DIRECTION('',(-0.654860733945285,-0.755749574354258,0.));
#5283=DIRECTION('',(-0.755749574354258,0.654860733945285,0.));
#5284=DIRECTION('',(-0.654860733945285,-0.755749574354258,0.));
#5285=DIRECTION('',(0.909631995354518,-0.415415013001886,0.));
#5286=DIRECTION('',(0.415415013001886,0.909631995354518,0.));
#5287=DIRECTION('',(0.,0.,-1.));
#5288=DIRECTION('',(0.909631995354518,-0.415415013001886,0.));
#5289=DIRECTION('',(0.,0.,-1.));
#5290=DIRECTION('',(0.,0.,1.));
#5291=DIRECTION('',(0.415415013001886,0.909631995354518,0.));
#5292=DIRECTION('',(0.,0.,1.));
#5293=DIRECTION('',(0.415415013001886,0.909631995354518,0.));
#5294=DIRECTION('',(-0.909631995354518,0.415415013001886,0.));
#5295=DIRECTION('',(-0.415415013001886,-0.909631995354518,0.));
#5296=DIRECTION('',(0.909631995354518,-0.415415013001886,0.));
#5297=DIRECTION('',(-0.415415013001886,-0.909631995354518,0.));
#5298=DIRECTION('',(-0.415415013001886,-0.909631995354518,0.));
#5299=DIRECTION('',(0.,0.,1.));
#5300=DIRECTION('',(-0.909631995354518,0.415415013001886,0.));
#5301=DIRECTION('',(0.,0.,1.));
#5302=DIRECTION('',(-0.909631995354518,0.415415013001886,0.));
#5303=DIRECTION('',(0.,0.,1.));
#5304=DIRECTION('',(0.909631995354518,-0.415415013001886,0.));
#5305=DIRECTION('',(0.,0.,-1.));
#5306=DIRECTION('',(0.415415013001886,0.909631995354518,0.));
#5307=DIRECTION('',(0.,0.,1.));
#5308=DIRECTION('',(0.,0.,1.));
#5309=DIRECTION('',(0.909631995354518,-0.415415013001886,0.));
#5310=DIRECTION('',(0.,0.,1.));
#5311=DIRECTION('',(-0.909631995354518,0.415415013001886,0.));
#5312=DIRECTION('',(0.,0.,-1.));
#5313=DIRECTION('',(-0.909631995354518,0.415415013001886,0.));
#5314=DIRECTION('',(0.,0.,-1.));
#5315=DIRECTION('',(-0.909631995354518,0.415415013001886,0.));
#5316=DIRECTION('',(0.,0.,-1.));
#5317=DIRECTION('',(-0.909631995354518,0.415415013001886,0.));
#5318=DIRECTION('',(-0.415415013001886,-0.909631995354518,0.));
#5319=DIRECTION('',(-0.909631995354518,0.415415013001886,0.));
#5320=DIRECTION('',(-0.415415013001886,-0.909631995354518,0.));
#5321=DIRECTION('',(0.989821441880933,-0.142314838273285,0.));
#5322=DIRECTION('',(0.142314838273285,0.989821441880933,0.));
#5323=DIRECTION('',(0.,0.,-1.));
#5324=DIRECTION('',(0.989821441880933,-0.142314838273285,0.));
#5325=DIRECTION('',(0.,0.,-1.));
#5326=DIRECTION('',(0.,0.,1.));
#5327=DIRECTION('',(0.142314838273285,0.989821441880933,0.));
#5328=DIRECTION('',(0.,0.,1.));
#5329=DIRECTION('',(0.142314838273285,0.989821441880933,0.));
#5330=DIRECTION('',(-0.989821441880933,0.142314838273285,0.));
#5331=DIRECTION('',(-0.142314838273285,-0.989821441880933,0.));
#5332=DIRECTION('',(0.989821441880933,-0.142314838273285,0.));
#5333=DIRECTION('',(-0.142314838273285,-0.989821441880933,0.));
#5334=DIRECTION('',(-0.142314838273285,-0.989821441880933,0.));
#5335=DIRECTION('',(0.,0.,1.));
#5336=DIRECTION('',(-0.989821441880933,0.142314838273285,0.));
#5337=DIRECTION('',(0.,0.,1.));
#5338=DIRECTION('',(-0.989821441880933,0.142314838273285,0.));
#5339=DIRECTION('',(0.,0.,1.));
#5340=DIRECTION('',(0.989821441880933,-0.142314838273285,0.));
#5341=DIRECTION('',(0.,0.,-1.));
#5342=DIRECTION('',(0.142314838273285,0.989821441880933,0.));
#5343=DIRECTION('',(0.,0.,1.));
#5344=DIRECTION('',(0.,0.,1.));
#5345=DIRECTION('',(0.989821441880933,-0.142314838273285,0.));
#5346=DIRECTION('',(0.,0.,1.));
#5347=DIRECTION('',(-0.989821441880933,0.142314838273285,0.));
#5348=DIRECTION('',(0.,0.,-1.));
#5349=DIRECTION('',(-0.989821441880933,0.142314838273285,0.));
#5350=DIRECTION('',(0.,0.,-1.));
#5351=DIRECTION('',(-0.989821441880933,0.142314838273285,0.));
#5352=DIRECTION('',(0.,0.,-1.));
#5353=DIRECTION('',(-0.989821441880933,0.142314838273285,0.));
#5354=DIRECTION('',(-0.142314838273285,-0.989821441880933,0.));
#5355=DIRECTION('',(-0.989821441880933,0.142314838273285,0.));
#5356=DIRECTION('',(-0.142314838273285,-0.989821441880933,0.));
#5357=DIRECTION('',(0.989821441880933,0.142314838273285,0.));
#5358=DIRECTION('',(-0.142314838273285,0.989821441880933,0.));
#5359=DIRECTION('',(0.,0.,-1.));
#5360=DIRECTION('',(0.989821441880933,0.142314838273285,0.));
#5361=DIRECTION('',(0.,0.,-1.));
#5362=DIRECTION('',(0.,0.,1.));
#5363=DIRECTION('',(-0.142314838273285,0.989821441880933,0.));
#5364=DIRECTION('',(0.,0.,1.));
#5365=DIRECTION('',(-0.142314838273285,0.989821441880933,0.));
#5366=DIRECTION('',(-0.989821441880933,-0.142314838273285,0.));
#5367=DIRECTION('',(0.142314838273285,-0.989821441880933,0.));
#5368=DIRECTION('',(0.989821441880933,0.142314838273285,0.));
#5369=DIRECTION('',(0.142314838273285,-0.989821441880933,0.));
#5370=DIRECTION('',(0.142314838273285,-0.989821441880933,0.));
#5371=DIRECTION('',(0.,0.,1.));
#5372=DIRECTION('',(-0.989821441880933,-0.142314838273285,0.));
#5373=DIRECTION('',(0.,0.,1.));
#5374=DIRECTION('',(-0.989821441880933,-0.142314838273285,0.));
#5375=DIRECTION('',(0.,0.,1.));
#5376=DIRECTION('',(0.989821441880933,0.142314838273285,0.));
#5377=DIRECTION('',(0.,0.,-1.));
#5378=DIRECTION('',(-0.142314838273285,0.989821441880933,0.));
#5379=DIRECTION('',(0.,0.,1.));
#5380=DIRECTION('',(0.,0.,1.));
#5381=DIRECTION('',(0.989821441880933,0.142314838273285,0.));
#5382=DIRECTION('',(0.,0.,1.));
#5383=DIRECTION('',(-0.989821441880933,-0.142314838273285,0.));
#5384=DIRECTION('',(0.,0.,-1.));
#5385=DIRECTION('',(-0.989821441880933,-0.142314838273285,0.));
#5386=DIRECTION('',(0.,0.,-1.));
#5387=DIRECTION('',(-0.989821441880933,-0.142314838273285,0.));
#5388=DIRECTION('',(0.,0.,-1.));
#5389=DIRECTION('',(-0.989821441880933,-0.142314838273285,0.));
#5390=DIRECTION('',(0.142314838273285,-0.989821441880933,0.));
#5391=DIRECTION('',(-0.989821441880933,-0.142314838273285,0.));
#5392=DIRECTION('',(0.142314838273285,-0.989821441880933,0.));
#5393=DIRECTION('',(0.909631995354518,0.415415013001886,0.));
#5394=DIRECTION('',(-0.415415013001886,0.909631995354518,0.));
#5395=DIRECTION('',(0.,0.,-1.));
#5396=DIRECTION('',(0.909631995354518,0.415415013001886,0.));
#5397=DIRECTION('',(0.,0.,-1.));
#5398=DIRECTION('',(0.,0.,1.));
#5399=DIRECTION('',(-0.415415013001886,0.909631995354518,0.));
#5400=DIRECTION('',(0.,0.,1.));
#5401=DIRECTION('',(-0.415415013001886,0.909631995354518,0.));
#5402=DIRECTION('',(-0.909631995354518,-0.415415013001886,0.));
#5403=DIRECTION('',(0.415415013001886,-0.909631995354519,0.));
#5404=DIRECTION('',(0.909631995354519,0.415415013001886,0.));
#5405=DIRECTION('',(0.415415013001886,-0.909631995354519,0.));
#5406=DIRECTION('',(0.415415013001886,-0.909631995354518,0.));
#5407=DIRECTION('',(0.,0.,1.));
#5408=DIRECTION('',(-0.909631995354518,-0.415415013001886,0.));
#5409=DIRECTION('',(0.,0.,1.));
#5410=DIRECTION('',(-0.909631995354518,-0.415415013001886,0.));
#5411=DIRECTION('',(0.,0.,1.));
#5412=DIRECTION('',(0.909631995354518,0.415415013001886,0.));
#5413=DIRECTION('',(0.,0.,-1.));
#5414=DIRECTION('',(-0.415415013001886,0.909631995354519,0.));
#5415=DIRECTION('',(0.,0.,1.));
#5416=DIRECTION('',(0.,0.,1.));
#5417=DIRECTION('',(0.909631995354519,0.415415013001886,0.));
#5418=DIRECTION('',(0.,0.,1.));
#5419=DIRECTION('',(-0.909631995354519,-0.415415013001886,0.));
#5420=DIRECTION('',(0.,0.,-1.));
#5421=DIRECTION('',(-0.909631995354519,-0.415415013001886,0.));
#5422=DIRECTION('',(0.,0.,-1.));
#5423=DIRECTION('',(-0.909631995354519,-0.415415013001886,0.));
#5424=DIRECTION('',(0.,0.,-1.));
#5425=DIRECTION('',(-0.909631995354519,-0.415415013001886,0.));
#5426=DIRECTION('',(0.415415013001886,-0.909631995354519,0.));
#5427=DIRECTION('',(-0.909631995354519,-0.415415013001886,0.));
#5428=DIRECTION('',(0.415415013001886,-0.909631995354519,0.));
#5429=DIRECTION('',(0.755749574354258,0.654860733945285,0.));
#5430=DIRECTION('',(-0.654860733945285,0.755749574354258,0.));
#5431=DIRECTION('',(0.,0.,-1.));
#5432=DIRECTION('',(0.755749574354258,0.654860733945285,0.));
#5433=DIRECTION('',(0.,0.,-1.));
#5434=DIRECTION('',(0.,0.,1.));
#5435=DIRECTION('',(-0.654860733945285,0.755749574354258,0.));
#5436=DIRECTION('',(0.,0.,1.));
#5437=DIRECTION('',(-0.654860733945285,0.755749574354258,0.));
#5438=DIRECTION('',(-0.755749574354258,-0.654860733945285,0.));
#5439=DIRECTION('',(0.654860733945285,-0.755749574354258,0.));
#5440=DIRECTION('',(0.755749574354258,0.654860733945285,0.));
#5441=DIRECTION('',(0.654860733945285,-0.755749574354258,0.));
#5442=DIRECTION('',(0.654860733945285,-0.755749574354258,0.));
#5443=DIRECTION('',(0.,0.,1.));
#5444=DIRECTION('',(-0.755749574354258,-0.654860733945285,0.));
#5445=DIRECTION('',(0.,0.,1.));
#5446=DIRECTION('',(-0.755749574354258,-0.654860733945285,0.));
#5447=DIRECTION('',(0.,0.,1.));
#5448=DIRECTION('',(0.755749574354258,0.654860733945285,0.));
#5449=DIRECTION('',(0.,0.,-1.));
#5450=DIRECTION('',(-0.654860733945285,0.755749574354258,0.));
#5451=DIRECTION('',(0.,0.,1.));
#5452=DIRECTION('',(0.,0.,1.));
#5453=DIRECTION('',(0.755749574354258,0.654860733945285,0.));
#5454=DIRECTION('',(0.,0.,1.));
#5455=DIRECTION('',(-0.755749574354258,-0.654860733945285,0.));
#5456=DIRECTION('',(0.,0.,-1.));
#5457=DIRECTION('',(-0.755749574354258,-0.654860733945285,0.));
#5458=DIRECTION('',(0.,0.,-1.));
#5459=DIRECTION('',(-0.755749574354258,-0.654860733945285,0.));
#5460=DIRECTION('',(0.,0.,-1.));
#5461=DIRECTION('',(-0.755749574354258,-0.654860733945285,0.));
#5462=DIRECTION('',(0.654860733945285,-0.755749574354258,0.));
#5463=DIRECTION('',(-0.755749574354258,-0.654860733945285,0.));
#5464=DIRECTION('',(0.654860733945285,-0.755749574354258,0.));
#5465=DIRECTION('',(0.540640817455598,0.841253532831181,0.));
#5466=DIRECTION('',(-0.841253532831181,0.540640817455598,0.));
#5467=DIRECTION('',(0.,0.,-1.));
#5468=DIRECTION('',(0.540640817455598,0.841253532831181,0.));
#5469=DIRECTION('',(0.,0.,-1.));
#5470=DIRECTION('',(0.,0.,1.));
#5471=DIRECTION('',(-0.841253532831181,0.540640817455598,0.));
#5472=DIRECTION('',(0.,0.,1.));
#5473=DIRECTION('',(-0.841253532831181,0.540640817455598,0.));
#5474=DIRECTION('',(-0.540640817455598,-0.841253532831181,0.));
#5475=DIRECTION('',(0.841253532831181,-0.540640817455597,0.));
#5476=DIRECTION('',(0.540640817455597,0.841253532831181,0.));
#5477=DIRECTION('',(0.841253532831181,-0.540640817455597,0.));
#5478=DIRECTION('',(0.841253532831181,-0.540640817455598,0.));
#5479=DIRECTION('',(0.,0.,1.));
#5480=DIRECTION('',(-0.540640817455598,-0.841253532831181,0.));
#5481=DIRECTION('',(0.,0.,1.));
#5482=DIRECTION('',(-0.540640817455598,-0.841253532831181,0.));
#5483=DIRECTION('',(0.,0.,1.));
#5484=DIRECTION('',(0.540640817455598,0.841253532831181,0.));
#5485=DIRECTION('',(0.,0.,-1.));
#5486=DIRECTION('',(-0.841253532831181,0.540640817455597,0.));
#5487=DIRECTION('',(0.,0.,1.));
#5488=DIRECTION('',(0.,0.,1.));
#5489=DIRECTION('',(0.540640817455597,0.841253532831181,0.));
#5490=DIRECTION('',(0.,0.,1.));
#5491=DIRECTION('',(-0.540640817455597,-0.841253532831181,0.));
#5492=DIRECTION('',(0.,0.,-1.));
#5493=DIRECTION('',(-0.540640817455597,-0.841253532831181,0.));
#5494=DIRECTION('',(0.,0.,-1.));
#5495=DIRECTION('',(-0.540640817455597,-0.841253532831181,0.));
#5496=DIRECTION('',(0.,0.,-1.));
#5497=DIRECTION('',(-0.540640817455597,-0.841253532831181,0.));
#5498=DIRECTION('',(0.841253532831181,-0.540640817455597,0.));
#5499=DIRECTION('',(-0.540640817455597,-0.841253532831181,0.));
#5500=DIRECTION('',(0.841253532831181,-0.540640817455597,0.));
#5501=DIRECTION('',(0.28173255684143,0.959492973614497,0.));
#5502=DIRECTION('',(-0.959492973614497,0.28173255684143,0.));
#5503=DIRECTION('',(0.28173255684143,0.959492973614497,0.));
#5504=DIRECTION('',(0.,0.,-1.));
#5505=DIRECTION('',(0.,0.,1.));
#5506=DIRECTION('',(-0.959492973614497,0.28173255684143,0.));
#5507=DIRECTION('',(0.,0.,1.));
#5508=DIRECTION('',(-0.959492973614497,0.28173255684143,0.));
#5509=DIRECTION('',(-0.28173255684143,-0.959492973614497,0.));
#5510=DIRECTION('',(0.959492973614497,-0.28173255684143,0.));
#5511=DIRECTION('',(0.28173255684143,0.959492973614497,0.));
#5512=DIRECTION('',(0.959492973614497,-0.28173255684143,0.));
#5513=DIRECTION('',(0.959492973614497,-0.28173255684143,0.));
#5514=DIRECTION('',(0.,0.,1.));
#5515=DIRECTION('',(-0.28173255684143,-0.959492973614497,0.));
#5516=DIRECTION('',(0.,0.,1.));
#5517=DIRECTION('',(-0.28173255684143,-0.959492973614497,0.));
#5518=DIRECTION('',(0.,0.,1.));
#5519=DIRECTION('',(0.28173255684143,0.959492973614497,0.));
#5520=DIRECTION('',(0.,0.,-1.));
#5521=DIRECTION('',(-0.28173255684143,-0.959492973614497,0.));
#5522=DIRECTION('',(0.959492973614497,-0.28173255684143,0.));
#5523=DIRECTION('',(0.,0.,1.));
#5524=DIRECTION('',(-0.28173255684143,-0.959492973614497,0.));
#5525=DIRECTION('',(0.,0.,-1.));
#5526=DIRECTION('',(-0.28173255684143,-0.959492973614497,0.));
#5527=DIRECTION('',(0.,0.,-1.));
#5528=DIRECTION('',(0.28173255684143,0.959492973614497,0.));
#5529=DIRECTION('',(-0.28173255684143,-0.959492973614497,0.));
#5530=DIRECTION('',(0.,0.,-1.));
#5531=DIRECTION('',(-0.959492973614497,0.28173255684143,0.));
#5532=DIRECTION('',(0.,0.,1.));
#5533=DIRECTION('',(0.,0.,1.));
#5534=DIRECTION('',(-0.28173255684143,-0.959492973614497,0.));
#5535=DIRECTION('',(0.959492973614497,-0.28173255684143,0.));
#5536=CARTESIAN_POINT('',(0.,0.,0.));
#5537=CARTESIAN_POINT('',(0.0480182859152556,0.,0.001));
#5538=CARTESIAN_POINT('',(0.0634646323472261,0.0001,0.001));
#5539=CARTESIAN_POINT('',(0.0550459438540635,0.0001,0.001));
#5540=CARTESIAN_POINT('',(0.053743960695697,0.0001,0.001));
#5541=CARTESIAN_POINT('',(0.0483029554408111,0.00207992003970733,0.001));
#5542=CARTESIAN_POINT('',(0.0537967001618465,0.000466811044171066,0.001));
#5543=CARTESIAN_POINT('',(0.0557414591312408,1.22464679914735E-19,0.001));
#5544=CARTESIAN_POINT('',(0.0480182859152556,0.,0.001));
#5545=CARTESIAN_POINT('',(0.0491902482968805,0.00409133732755835,0.001));
#5546=CARTESIAN_POINT('',(0.0540069924337693,0.000995803833775566,0.001));
#5547=CARTESIAN_POINT('',(0.0551022903654318,0.000291898594722904,0.001));
#5548=CARTESIAN_POINT('',(0.0557414591312408,1.22464679914735E-19,0.001));
#5549=CARTESIAN_POINT('',(0.0538530466732147,0.000658709638893964,0.001));
#5550=CARTESIAN_POINT('',(0.0631799628216706,-0.00207992003970733,0.001));
#5551=CARTESIAN_POINT('',(0.0480182859152556,0.,0.001));
#5552=CARTESIAN_POINT('',(0.0622926699656012,-0.00409133732755835,0.001));
#5553=CARTESIAN_POINT('',(0.0552104185289229,0.000460149301289144,0.001));
#5554=CARTESIAN_POINT('',(0.0541151205972604,0.00116405454034181,0.001));
#5555=CARTESIAN_POINT('',(0.0506082812931987,0.00577129879725057,0.001));
#5556=CARTESIAN_POINT('',(0.0543578008822506,0.00144412251904101,0.001));
#5557=CARTESIAN_POINT('',(0.0557414591312408,1.22464679914735E-19,0.001));
#5558=CARTESIAN_POINT('',(0.0480182859152556,0.,0.001));
#5559=CARTESIAN_POINT('',(0.052442173829771,0.00698370396162509,0.001));
#5560=CARTESIAN_POINT('',(0.0548207050931327,0.00177544698634106,0.001));
#5561=CARTESIAN_POINT('',(0.0553615684437938,0.000591121448078181,0.001));
#5562=CARTESIAN_POINT('',(0.0557414591312408,1.22464679914735E-19,0.001));
#5563=CARTESIAN_POINT('',(0.0545089507971215,0.00157509466583006,0.001));
#5564=CARTESIAN_POINT('',(0.060874636969283,-0.00577129879725057,0.001));
#5565=CARTESIAN_POINT('',(0.0480182859152556,0.,0.001));
#5566=CARTESIAN_POINT('',(0.0590407444327107,-0.00698370396162509,0.001));
#5567=CARTESIAN_POINT('',(0.0555434948428647,0.000674204450678557,0.001));
#5568=CARTESIAN_POINT('',(0.0550026314922036,0.00185852998894145,0.001));
#5569=CARTESIAN_POINT('',(0.0545433548398632,0.00763033096471544,0.001));
#5570=CARTESIAN_POINT('',(0.0553582033202472,0.00196293529779757,0.001));
#5571=CARTESIAN_POINT('',(0.0557414591312408,1.22464679914735E-19,0.001));
#5572=CARTESIAN_POINT('',(0.0480182859152556,0.,0.001));
#5573=CARTESIAN_POINT('',(0.0567415991342423,0.0076587939323701,0.001));
#5574=CARTESIAN_POINT('',(0.0559267506538583,0.00199139826545222,0.001));
#5575=CARTESIAN_POINT('',(0.0557414591312409,0.000702667418333225,0.001));
#5576=CARTESIAN_POINT('',(0.0557414591312408,1.22464679914735E-19,0.001));
#5577=CARTESIAN_POINT('',(0.0555561676086234,0.00199139826545222,0.001));
#5578=CARTESIAN_POINT('',(0.0569395634226185,-0.00763033096471544,0.001));
#5579=CARTESIAN_POINT('',(0.0480182859152556,0.,0.001));
#5580=CARTESIAN_POINT('',(0.0547413191282394,-0.0076587939323701,0.001));
#5581=CARTESIAN_POINT('',(0.055939423419617,0.000674204450678569,0.001));
#5582=CARTESIAN_POINT('',(0.0561247149422345,0.00196293529779757,0.001));
#5583=CARTESIAN_POINT('',(0.0588588180336397,0.00706678696422547,0.001));
#5584=CARTESIAN_POINT('',(0.0564802867702781,0.00185852998894145,0.001));
#5585=CARTESIAN_POINT('',(0.0557414591312408,1.22464679914735E-19,0.001));
#5586=CARTESIAN_POINT('',(0.0480182859152556,0.,0.001));
#5587=CARTESIAN_POINT('',(0.0607234870544121,0.00590227094403963,0.001));
#5588=CARTESIAN_POINT('',(0.0569739674653602,0.00157509466583006,0.001));
#5589=CARTESIAN_POINT('',(0.0561213498186879,0.000591121448078152,0.001));
#5590=CARTESIAN_POINT('',(0.0557414591312408,1.22464679914735E-19,0.001));
#5591=CARTESIAN_POINT('',(0.056662213169349,0.00177544698634107,0.001));
#5592=CARTESIAN_POINT('',(0.0526241002288419,-0.00706678696422547,0.001));
#5593=CARTESIAN_POINT('',(0.0480182859152556,0.,0.001));
#5594=CARTESIAN_POINT('',(0.0507594312080696,-0.00590227094403963,0.001));
#5595=CARTESIAN_POINT('',(0.0562724997335588,0.00046014930128913,0.001));
#5596=CARTESIAN_POINT('',(0.0571251173802311,0.00144412251904101,0.001));
#5597=CARTESIAN_POINT('',(0.0621845418021101,0.00425958803412459,0.001));
#5598=CARTESIAN_POINT('',(0.0573677976652213,0.00116405454034181,0.001));
#5599=CARTESIAN_POINT('',(0.0557414591312408,1.22464679914735E-19,0.001));
#5600=CARTESIAN_POINT('',(0.0480182859152556,0.,0.001));
#5601=CARTESIAN_POINT('',(0.0631236163103023,0.00227181863443024,0.001));
#5602=CARTESIAN_POINT('',(0.057629871589267,0.000658709638893963,0.001));
#5603=CARTESIAN_POINT('',(0.0563806278970499,0.000291898594722893,0.001));
#5604=CARTESIAN_POINT('',(0.0557414591312408,1.22464679914735E-19,0.001));
#5605=CARTESIAN_POINT('',(0.0574759258287124,0.000995803833775569,0.001));
#5606=CARTESIAN_POINT('',(0.0492983764603716,-0.00425958803412459,0.001));
#5607=CARTESIAN_POINT('',(0.0557414591312408,1.22464679914735E-19,0.001));
#5608=CARTESIAN_POINT('',(0.0557414591312408,1.22464679914735E-19,0.));
#5609=CARTESIAN_POINT('',(0.0577414591312408,1.22464679914735E-19,0.));
#5610=CARTESIAN_POINT('',(0.0557414591312408,0.,0.000985541918950956));
#5611=CARTESIAN_POINT('',(0.0576862181006352,0.000466811044171069,0.000985541918950956));
#5612=CARTESIAN_POINT('',(0.057629871589267,0.000658709638893965,0.000985541918950956));
#5613=CARTESIAN_POINT('',(0.0576862181006352,0.000466811044171067,0.001));
#5614=CARTESIAN_POINT('',(0.0576862181006352,0.000466811044171069,0.001));
#5615=CARTESIAN_POINT('',(0.0557414591312408,1.22464679914735E-19,0.001));
#5616=CARTESIAN_POINT('',(0.0577389575667847,0.0001,0.001));
#5617=CARTESIAN_POINT('',(0.0577389575667847,0.0001,0.001));
#5618=CARTESIAN_POINT('',(0.0577389575667847,0.000100000000000003,0.000985541918950956));
#5619=CARTESIAN_POINT('',(0.0557414591312408,1.22464679914735E-19,0.000985541918950956));
#5620=CARTESIAN_POINT('',(0.0577389575667847,-0.0001,0.000985541918950956));
#5621=CARTESIAN_POINT('',(0.0577389575667847,-0.0001,0.001));
#5622=CARTESIAN_POINT('',(0.0577389575667847,-0.0001,0.001));
#5623=CARTESIAN_POINT('',(0.0557414591312408,1.22464679914735E-19,0.001));
#5624=CARTESIAN_POINT('',(0.0576862181006352,-0.000466811044171067,0.001));
#5625=CARTESIAN_POINT('',(0.0576862181006352,-0.000466811044171064,0.001));
#5626=CARTESIAN_POINT('',(0.0576862181006352,-0.000466811044171066,0.000985541918950956));
#5627=CARTESIAN_POINT('',(0.0557414591312408,0.,0.000985541918950956));
#5628=CARTESIAN_POINT('',(0.057629871589267,-0.000658709638893966,0.000985541918950956));
#5629=CARTESIAN_POINT('',(0.057629871589267,-0.000658709638893966,0.001));
#5630=CARTESIAN_POINT('',(0.057629871589267,-0.000658709638893967,0.001));
#5631=CARTESIAN_POINT('',(0.0557414591312408,1.22464679914735E-19,0.001));
#5632=CARTESIAN_POINT('',(0.0574759258287124,-0.000995803833775568,0.001));
#5633=CARTESIAN_POINT('',(0.0574759258287124,-0.000995803833775566,0.001));
#5634=CARTESIAN_POINT('',(0.0574759258287124,-0.000995803833775568,0.000985541918950956));
#5635=CARTESIAN_POINT('',(0.0557414591312408,0.,0.000985541918950956));
#5636=CARTESIAN_POINT('',(0.0573677976652213,-0.00116405454034181,0.000985541918950956));
#5637=CARTESIAN_POINT('',(0.0573677976652213,-0.0011640545403418,0.001));
#5638=CARTESIAN_POINT('',(0.0573677976652213,-0.00116405454034181,0.001));
#5639=CARTESIAN_POINT('',(0.0557414591312408,1.22464679914735E-19,0.001));
#5640=CARTESIAN_POINT('',(0.0571251173802311,-0.00144412251904101,0.001));
#5641=CARTESIAN_POINT('',(0.057125117380231,-0.001444122519041,0.001));
#5642=CARTESIAN_POINT('',(0.0571251173802311,-0.00144412251904101,0.000985541918950956));
#5643=CARTESIAN_POINT('',(0.0557414591312408,0.,0.000985541918950956));
#5644=CARTESIAN_POINT('',(0.0569739674653602,-0.00157509466583007,0.000985541918950956));
#5645=CARTESIAN_POINT('',(0.0569739674653602,-0.00157509466583007,0.001));
#5646=CARTESIAN_POINT('',(0.0569739674653602,-0.00157509466583007,0.001));
#5647=CARTESIAN_POINT('',(0.0557414591312408,1.22464679914735E-19,0.001));
#5648=CARTESIAN_POINT('',(0.056662213169349,-0.00177544698634106,0.001));
#5649=CARTESIAN_POINT('',(0.056662213169349,-0.00177544698634106,0.001));
#5650=CARTESIAN_POINT('',(0.056662213169349,-0.00177544698634106,0.000985541918950956));
#5651=CARTESIAN_POINT('',(0.0557414591312408,0.,0.000985541918950956));
#5652=CARTESIAN_POINT('',(0.0564802867702781,-0.00185852998894145,0.000985541918950956));
#5653=CARTESIAN_POINT('',(0.0564802867702781,-0.00185852998894144,0.001));
#5654=CARTESIAN_POINT('',(0.0564802867702781,-0.00185852998894145,0.001));
#5655=CARTESIAN_POINT('',(0.0557414591312408,1.22464679914735E-19,0.001));
#5656=CARTESIAN_POINT('',(0.0561247149422345,-0.00196293529779756,0.001));
#5657=CARTESIAN_POINT('',(0.0561247149422345,-0.00196293529779757,0.001));
#5658=CARTESIAN_POINT('',(0.0561247149422345,-0.00196293529779756,0.000985541918950956));
#5659=CARTESIAN_POINT('',(0.0557414591312408,0.,0.000985541918950956));
#5660=CARTESIAN_POINT('',(0.0559267506538583,-0.00199139826545222,0.000985541918950956));
#5661=CARTESIAN_POINT('',(0.0559267506538583,-0.00199139826545222,0.001));
#5662=CARTESIAN_POINT('',(0.0559267506538583,-0.00199139826545222,0.001));
#5663=CARTESIAN_POINT('',(0.0557414591312408,1.22464679914735E-19,0.001));
#5664=CARTESIAN_POINT('',(0.0555561676086234,-0.00199139826545222,0.001));
#5665=CARTESIAN_POINT('',(0.0555561676086234,-0.00199139826545222,0.001));
#5666=CARTESIAN_POINT('',(0.0555561676086234,-0.00199139826545222,0.000985541918950956));
#5667=CARTESIAN_POINT('',(0.0557414591312408,0.,0.000985541918950956));
#5668=CARTESIAN_POINT('',(0.0553582033202472,-0.00196293529779757,0.000985541918950956));
#5669=CARTESIAN_POINT('',(0.0553582033202472,-0.00196293529779756,0.001));
#5670=CARTESIAN_POINT('',(0.0553582033202472,-0.00196293529779757,0.001));
#5671=CARTESIAN_POINT('',(0.0557414591312408,1.22464679914735E-19,0.001));
#5672=CARTESIAN_POINT('',(0.0550026314922036,-0.00185852998894144,0.001));
#5673=CARTESIAN_POINT('',(0.0550026314922036,-0.00185852998894144,0.001));
#5674=CARTESIAN_POINT('',(0.0550026314922036,-0.00185852998894145,0.000985541918950956));
#5675=CARTESIAN_POINT('',(0.0557414591312408,0.,0.000985541918950956));
#5676=CARTESIAN_POINT('',(0.0548207050931327,-0.00177544698634106,0.000985541918950956));
#5677=CARTESIAN_POINT('',(0.0548207050931327,-0.00177544698634106,0.001));
#5678=CARTESIAN_POINT('',(0.0548207050931327,-0.00177544698634106,0.001));
#5679=CARTESIAN_POINT('',(0.0557414591312408,1.22464679914735E-19,0.001));
#5680=CARTESIAN_POINT('',(0.0545089507971215,-0.00157509466583006,0.001));
#5681=CARTESIAN_POINT('',(0.0545089507971215,-0.00157509466583006,0.001));
#5682=CARTESIAN_POINT('',(0.0545089507971215,-0.00157509466583007,0.000985541918950956));
#5683=CARTESIAN_POINT('',(0.0557414591312408,0.,0.000985541918950956));
#5684=CARTESIAN_POINT('',(0.0543578008822507,-0.00144412251904101,0.000985541918950956));
#5685=CARTESIAN_POINT('',(0.0543578008822507,-0.00144412251904101,0.001));
#5686=CARTESIAN_POINT('',(0.0543578008822506,-0.00144412251904101,0.001));
#5687=CARTESIAN_POINT('',(0.0557414591312408,1.22464679914735E-19,0.001));
#5688=CARTESIAN_POINT('',(0.0541151205972604,-0.00116405454034181,0.001));
#5689=CARTESIAN_POINT('',(0.0541151205972604,-0.00116405454034181,0.001));
#5690=CARTESIAN_POINT('',(0.0541151205972604,-0.00116405454034181,0.000985541918950956));
#5691=CARTESIAN_POINT('',(0.0557414591312408,0.,0.000985541918950956));
#5692=CARTESIAN_POINT('',(0.0540069924337693,-0.000995803833775569,0.000985541918950956));
#5693=CARTESIAN_POINT('',(0.0540069924337693,-0.000995803833775566,0.001));
#5694=CARTESIAN_POINT('',(0.0540069924337693,-0.00099580383377557,0.001));
#5695=CARTESIAN_POINT('',(0.0557414591312408,1.22464679914735E-19,0.001));
#5696=CARTESIAN_POINT('',(0.0538530466732147,-0.000658709638893963,0.001));
#5697=CARTESIAN_POINT('',(0.0538530466732147,-0.000658709638893962,0.001));
#5698=CARTESIAN_POINT('',(0.0538530466732147,-0.000658709638893964,0.000985541918950956));
#5699=CARTESIAN_POINT('',(0.0557414591312408,0.,0.000985541918950956));
#5700=CARTESIAN_POINT('',(0.0537967001618465,-0.000466811044171066,0.000985541918950956));
#5701=CARTESIAN_POINT('',(0.0537967001618465,-0.000466811044171064,0.001));
#5702=CARTESIAN_POINT('',(0.0537967001618465,-0.000466811044171066,0.001));
#5703=CARTESIAN_POINT('',(0.0557414591312408,1.22464679914735E-19,0.001));
#5704=CARTESIAN_POINT('',(0.053743960695697,-0.0001,0.001));
#5705=CARTESIAN_POINT('',(0.053743960695697,-0.0001,0.001));
#5706=CARTESIAN_POINT('',(0.053743960695697,-0.0001,0.000985541918950956));
#5707=CARTESIAN_POINT('',(0.0557414591312408,1.22464679914735E-19,0.000985541918950956));
#5708=CARTESIAN_POINT('',(0.053743960695697,0.0001,0.000985541918950956));
#5709=CARTESIAN_POINT('',(0.053743960695697,0.0001,0.001));
#5710=CARTESIAN_POINT('',(0.0537967001618465,0.000466811044171065,0.001));
#5711=CARTESIAN_POINT('',(0.0537967001618465,0.000466811044171066,0.000985541918950956));
#5712=CARTESIAN_POINT('',(0.0557414591312408,0.,0.000985541918950956));
#5713=CARTESIAN_POINT('',(0.0538530466732147,0.000658709638893966,0.000985541918950956));
#5714=CARTESIAN_POINT('',(0.0538530466732147,0.000658709638893966,0.001));
#5715=CARTESIAN_POINT('',(0.0540069924337693,0.000995803833775566,0.001));
#5716=CARTESIAN_POINT('',(0.0540069924337693,0.000995803833775565,0.000985541918950956));
#5717=CARTESIAN_POINT('',(0.0557414591312408,0.,0.000985541918950956));
#5718=CARTESIAN_POINT('',(0.0541151205972604,0.00116405454034181,0.000985541918950956));
#5719=CARTESIAN_POINT('',(0.0541151205972604,0.00116405454034181,0.001));
#5720=CARTESIAN_POINT('',(0.0543578008822506,0.001444122519041,0.001));
#5721=CARTESIAN_POINT('',(0.0543578008822506,0.00144412251904101,0.000985541918950956));
#5722=CARTESIAN_POINT('',(0.0557414591312408,0.,0.000985541918950956));
#5723=CARTESIAN_POINT('',(0.0545089507971215,0.00157509466583006,0.000985541918950956));
#5724=CARTESIAN_POINT('',(0.0545089507971215,0.00157509466583007,0.001));
#5725=CARTESIAN_POINT('',(0.0548207050931327,0.00177544698634106,0.001));
#5726=CARTESIAN_POINT('',(0.0548207050931327,0.00177544698634106,0.000985541918950956));
#5727=CARTESIAN_POINT('',(0.0557414591312408,0.,0.000985541918950956));
#5728=CARTESIAN_POINT('',(0.0550026314922036,0.00185852998894145,0.000985541918950956));
#5729=CARTESIAN_POINT('',(0.0550026314922036,0.00185852998894144,0.001));
#5730=CARTESIAN_POINT('',(0.0553582033202472,0.00196293529779757,0.001));
#5731=CARTESIAN_POINT('',(0.0553582033202472,0.00196293529779757,0.000985541918950956));
#5732=CARTESIAN_POINT('',(0.0557414591312408,0.,0.000985541918950956));
#5733=CARTESIAN_POINT('',(0.0555561676086234,0.00199139826545222,0.000985541918950956));
#5734=CARTESIAN_POINT('',(0.0555561676086234,0.00199139826545222,0.001));
#5735=CARTESIAN_POINT('',(0.0559267506538583,0.00199139826545222,0.001));
#5736=CARTESIAN_POINT('',(0.0559267506538583,0.00199139826545222,0.000985541918950956));
#5737=CARTESIAN_POINT('',(0.0557414591312408,0.,0.000985541918950956));
#5738=CARTESIAN_POINT('',(0.0561247149422345,0.00196293529779757,0.000985541918950956));
#5739=CARTESIAN_POINT('',(0.0561247149422345,0.00196293529779756,0.001));
#5740=CARTESIAN_POINT('',(0.0564802867702781,0.00185852998894144,0.001));
#5741=CARTESIAN_POINT('',(0.0564802867702781,0.00185852998894145,0.000985541918950956));
#5742=CARTESIAN_POINT('',(0.0557414591312408,0.,0.000985541918950956));
#5743=CARTESIAN_POINT('',(0.056662213169349,0.00177544698634107,0.000985541918950956));
#5744=CARTESIAN_POINT('',(0.056662213169349,0.00177544698634106,0.001));
#5745=CARTESIAN_POINT('',(0.0569739674653602,0.00157509466583006,0.001));
#5746=CARTESIAN_POINT('',(0.0569739674653602,0.00157509466583006,0.000985541918950956));
#5747=CARTESIAN_POINT('',(0.0557414591312408,0.,0.000985541918950956));
#5748=CARTESIAN_POINT('',(0.0571251173802311,0.00144412251904101,0.000985541918950956));
#5749=CARTESIAN_POINT('',(0.0571251173802311,0.00144412251904101,0.001));
#5750=CARTESIAN_POINT('',(0.0573677976652213,0.00116405454034181,0.001));
#5751=CARTESIAN_POINT('',(0.0573677976652213,0.00116405454034181,0.000985541918950956));
#5752=CARTESIAN_POINT('',(0.0557414591312408,0.,0.000985541918950956));
#5753=CARTESIAN_POINT('',(0.0574759258287124,0.000995803833775569,0.000985541918950956));
#5754=CARTESIAN_POINT('',(0.0574759258287124,0.000995803833775566,0.001));
#5755=CARTESIAN_POINT('',(0.0576298715892669,0.000658709638893964,0.001));
#5756=CARTESIAN_POINT('',(0.0480182859152556,0.,0.001));
#5757=CARTESIAN_POINT('',(0.0631236163103023,0.00227181863443024,0.001));
#5758=CARTESIAN_POINT('',(0.0550459438540635,-0.0001,0.001));
#5759=CARTESIAN_POINT('',(0.0480182859152556,-0.0001,0.001));
#5760=CARTESIAN_POINT('',(0.0480182859152556,0.,0.001));
#5761=CARTESIAN_POINT('',(0.0483593019521794,-0.00227181863443024,0.001));
#5762=CARTESIAN_POINT('',(0.0551022903654318,-0.000291898594722896,0.001));
#5763=CARTESIAN_POINT('',(0.0621845418021101,0.00425958803412459,0.001));
#5764=CARTESIAN_POINT('',(0.0480182859152556,0.,0.001));
#5765=CARTESIAN_POINT('',(0.0492983764603716,-0.00425958803412459,0.001));
#5766=CARTESIAN_POINT('',(0.0552104185289229,-0.000460149301289121,0.001));
#5767=CARTESIAN_POINT('',(0.0607234870544121,0.00590227094403963,0.001));
#5768=CARTESIAN_POINT('',(0.0480182859152556,0.,0.001));
#5769=CARTESIAN_POINT('',(0.0507594312080696,-0.00590227094403963,0.001));
#5770=CARTESIAN_POINT('',(0.0553615684437938,-0.000591121448078186,0.001));
#5771=CARTESIAN_POINT('',(0.0588588180336397,0.00706678696422547,0.001));
#5772=CARTESIAN_POINT('',(0.0480182859152556,0.,0.001));
#5773=CARTESIAN_POINT('',(0.0526241002288419,-0.00706678696422547,0.001));
#5774=CARTESIAN_POINT('',(0.0555434948428647,-0.000674204450678523,0.001));
#5775=CARTESIAN_POINT('',(0.0567415991342423,0.0076587939323701,0.001));
#5776=CARTESIAN_POINT('',(0.0480182859152556,0.,0.001));
#5777=CARTESIAN_POINT('',(0.0547413191282394,-0.0076587939323701,0.001));
#5778=CARTESIAN_POINT('',(0.0557414591312408,-0.000702667418333201,0.001));
#5779=CARTESIAN_POINT('',(0.0545433548398632,0.00763033096471544,0.001));
#5780=CARTESIAN_POINT('',(0.0480182859152556,0.,0.001));
#5781=CARTESIAN_POINT('',(0.0569395634226185,-0.00763033096471544,0.001));
#5782=CARTESIAN_POINT('',(0.055939423419617,-0.000674204450678604,0.001));
#5783=CARTESIAN_POINT('',(0.052442173829771,0.00698370396162509,0.001));
#5784=CARTESIAN_POINT('',(0.0480182859152556,0.,0.001));
#5785=CARTESIAN_POINT('',(0.0590407444327107,-0.00698370396162509,0.001));
#5786=CARTESIAN_POINT('',(0.0561213498186879,-0.000591121448078207,0.001));
#5787=CARTESIAN_POINT('',(0.0506082812931987,0.00577129879725057,0.001));
#5788=CARTESIAN_POINT('',(0.0480182859152556,0.,0.001));
#5789=CARTESIAN_POINT('',(0.060874636969283,-0.00577129879725057,0.001));
#5790=CARTESIAN_POINT('',(0.0562724997335588,-0.000460149301289143,0.001));
#5791=CARTESIAN_POINT('',(0.0491902482968805,0.00409133732755835,0.001));
#5792=CARTESIAN_POINT('',(0.0480182859152556,0.,0.001));
#5793=CARTESIAN_POINT('',(0.0631799628216706,-0.00207992003970733,0.001));
#5794=CARTESIAN_POINT('',(0.0564369744084182,-0.0001,0.001));
#5795=CARTESIAN_POINT('',(0.0480182859152556,-0.0001,0.001));
#5796=CARTESIAN_POINT('',(0.0558,-0.0001,0.00318797192929685));
#5797=CARTESIAN_POINT('',(0.0550459438540635,-0.0001,0.00318797192929685));
#5798=CARTESIAN_POINT('',(0.0550459438540635,-0.0001,0.00539040193964274));
#5799=CARTESIAN_POINT('',(0.0558,-0.0001,0.00539040193964274));
#5800=CARTESIAN_POINT('',(0.0548933809511662,-0.0001,0.00539040193964274));
#5801=CARTESIAN_POINT('',(0.0548933809511662,-0.0001,0.00379702098847649));
#5802=CARTESIAN_POINT('',(0.0533,-0.0001,0.00379702098847649));
#5803=CARTESIAN_POINT('',(0.0533,-0.0001,0.00318797192929685));
#5804=CARTESIAN_POINT('',(0.0533,-0.0001,0.000985541918950956));
#5805=CARTESIAN_POINT('',(0.0558,-0.0001,0.000985541918950956));
#5806=CARTESIAN_POINT('',(0.0480182859152556,0.,0.001));
#5807=CARTESIAN_POINT('',(0.0483593019521794,-0.00227181863443024,0.001));
#5808=CARTESIAN_POINT('',(0.0564369744084182,0.0001,0.001));
#5809=CARTESIAN_POINT('',(0.0634646323472261,0.0001,0.001));
#5810=CARTESIAN_POINT('',(0.0480182859152556,0.,0.001));
#5811=CARTESIAN_POINT('',(0.0622926699656012,-0.00409133732755835,0.001));
#5812=CARTESIAN_POINT('',(0.0563806278970499,-0.000291898594722901,0.001));
#5813=CARTESIAN_POINT('',(0.0483029554408111,0.00207992003970733,0.001));
#5814=CARTESIAN_POINT('',(0.0480182859152556,0.,0.));
#5815=CARTESIAN_POINT('',(0.0558,-0.0001,0.000985541918950956));
#5816=CARTESIAN_POINT('',(0.0533,-0.0001,0.000985541918950956));
#5817=CARTESIAN_POINT('',(0.0533,0.,0.000985541918950956));
#5818=CARTESIAN_POINT('',(0.0556829182624817,2.52098548583991E-19,0.000985541918950956));
#5819=CARTESIAN_POINT('',(0.0531829182624817,5.58260248370828E-19,0.000985541918950963));
#5820=CARTESIAN_POINT('',(0.0531829182624817,0.0001,0.000985541918950963));
#5821=CARTESIAN_POINT('',(0.0531829182624817,0.0001,0.000985541918950963));
#5822=CARTESIAN_POINT('',(0.0556829182624817,0.0001,0.000985541918950956));
#5823=CARTESIAN_POINT('',(0.0558,-0.0001,0.00318797192929685));
#5824=CARTESIAN_POINT('',(0.0564369744084182,-0.0001,0.00318797192929685));
#5825=CARTESIAN_POINT('',(0.0564369744084182,-0.0001,0.00539040193964274));
#5826=CARTESIAN_POINT('',(0.0558,-0.0001,0.000985541918950956));
#5827=CARTESIAN_POINT('',(0.0583,-0.0001,0.000985541918950963));
#5828=CARTESIAN_POINT('',(0.0583,-0.0001,0.00318797192929685));
#5829=CARTESIAN_POINT('',(0.0583,-0.0001,0.00379702098847649));
#5830=CARTESIAN_POINT('',(0.0567066190488338,-0.0001,0.00379702098847649));
#5831=CARTESIAN_POINT('',(0.0567066190488338,-0.0001,0.00539040193964274));
#5832=CARTESIAN_POINT('',(0.0558,-0.0001,0.00539040193964274));
#5833=CARTESIAN_POINT('',(0.0558,0.,0.00318797192929685));
#5834=CARTESIAN_POINT('',(0.0558,0.,0.000985541918950956));
#5835=CARTESIAN_POINT('',(0.0581829182624817,0.,0.000985541918950956));
#5836=CARTESIAN_POINT('',(0.0583,0.,0.000985541918950963));
#5837=CARTESIAN_POINT('',(0.0581829182624817,-5.40631512028478E-20,0.00318797192929685));
#5838=CARTESIAN_POINT('',(0.0581829182624817,0.,0.00379702098847649));
#5839=CARTESIAN_POINT('',(0.0565895373113155,1.41069736963962E-19,0.00379702098847649));
#5840=CARTESIAN_POINT('',(0.0565895373113155,0.,0.00539040193964274));
#5841=CARTESIAN_POINT('',(0.0558,0.,0.00539040193964274));
#5842=CARTESIAN_POINT('',(0.0567066190488338,0.,0.00539040193964274));
#5843=CARTESIAN_POINT('',(0.0567066190488338,0.,0.00379702098847649));
#5844=CARTESIAN_POINT('',(0.0583,0.,0.00379702098847649));
#5845=CARTESIAN_POINT('',(0.0583,0.,0.00318797192929685));
#5846=CARTESIAN_POINT('',(0.0533,-0.0001,0.00318797192929685));
#5847=CARTESIAN_POINT('',(0.0533,-0.0001,0.00379702098847649));
#5848=CARTESIAN_POINT('',(0.0533,0.,0.00379702098847649));
#5849=CARTESIAN_POINT('',(0.0533,0.,0.00318797192929685));
#5850=CARTESIAN_POINT('',(0.0558,-0.0001,0.000985541918950956));
#5851=CARTESIAN_POINT('',(0.0556829182624817,0.0001,0.000985541918950956));
#5852=CARTESIAN_POINT('',(0.0581829182624817,0.0001,0.000985541918950956));
#5853=CARTESIAN_POINT('',(0.0581829182624817,0.0001,0.000985541918950956));
#5854=CARTESIAN_POINT('',(0.0583,-0.0001,0.000985541918950963));
#5855=CARTESIAN_POINT('',(0.0583,-0.0001,0.00318797192929685));
#5856=CARTESIAN_POINT('',(0.0583,-0.0001,0.00379702098847649));
#5857=CARTESIAN_POINT('',(0.0558,-0.0001,0.00539040193964274));
#5858=CARTESIAN_POINT('',(0.0565895373113155,0.0001,0.00539040193964274));
#5859=CARTESIAN_POINT('',(0.0565895373113155,0.0001,0.00539040193964274));
#5860=CARTESIAN_POINT('',(0.0556829182624817,0.0001,0.00539040193964274));
#5861=CARTESIAN_POINT('',(0.0564369744084182,0.0001,0.00539040193964274));
#5862=CARTESIAN_POINT('',(0.0558258019391687,-7.94564287262128E-5,0.00539040193964274));
#5863=CARTESIAN_POINT('',(0.0566956965462697,0.000175967673982865,0.00539040193964274));
#5864=CARTESIAN_POINT('',(0.0566675232905856,0.000271916971344314,0.00539040193964274));
#5865=CARTESIAN_POINT('',(0.0566675232905856,0.000271916971344314,0.00539040193964274));
#5866=CARTESIAN_POINT('',(0.0557976286834845,1.64928686352366E-5,0.00539040193964274));
#5867=CARTESIAN_POINT('',(0.0565551841860982,0.000238931234073846,0.00539040193964274));
#5868=CARTESIAN_POINT('',(0.0565270109304141,0.000334880531435294,0.00539040193964274));
#5869=CARTESIAN_POINT('',(0.0565270109304141,0.000334880531435294,0.00539040193964274));
#5870=CARTESIAN_POINT('',(0.055657116323313,7.94564287262128E-5,0.00539040193964274));
#5871=CARTESIAN_POINT('',(0.0563806278970499,0.000291898594722897,0.00539040193964274));
#5872=CARTESIAN_POINT('',(0.0558447709256451,-5.24757701426092E-5,0.00539040193964274));
#5873=CARTESIAN_POINT('',(0.0566074674034085,0.000437679493539688,0.00539040193964274));
#5874=CARTESIAN_POINT('',(0.0565534033216629,0.000521804846822807,0.00539040193964274));
#5875=CARTESIAN_POINT('',(0.0565534033216629,0.000521804846822807,0.00539040193964274));
#5876=CARTESIAN_POINT('',(0.0557907068438995,3.16495831405098E-5,0.00539040193964274));
#5877=CARTESIAN_POINT('',(0.0564549078963457,0.000458505680541792,0.00539040193964274));
#5878=CARTESIAN_POINT('',(0.0564008438146001,0.00054263103382491,0.00539040193964274));
#5879=CARTESIAN_POINT('',(0.0564008438146001,0.00054263103382491,0.00539040193964274));
#5880=CARTESIAN_POINT('',(0.0556381473368366,5.24757701426092E-5,0.00539040193964274));
#5881=CARTESIAN_POINT('',(0.0562724997335588,0.000460149301289132,0.00539040193964274));
#5882=CARTESIAN_POINT('',(0.0558553702049577,-2.12438367474671E-5,0.00539040193964274));
#5883=CARTESIAN_POINT('',(0.0564490794206857,0.000663933123510103,0.00539040193964274));
#5884=CARTESIAN_POINT('',(0.0563735044632503,0.000729419196904634,0.00539040193964274));
#5885=CARTESIAN_POINT('',(0.0563735044632503,0.000729419196904634,0.00539040193964274));
#5886=CARTESIAN_POINT('',(0.0557797952475223,4.4242236647063E-5,0.00539040193964274));
#5887=CARTESIAN_POINT('',(0.0562968322306875,0.000640934723610522,0.00539040193964274));
#5888=CARTESIAN_POINT('',(0.0562212572732521,0.000706420797005045,0.00539040193964274));
#5889=CARTESIAN_POINT('',(0.0562212572732521,0.000706420797005045,0.00539040193964274));
#5890=CARTESIAN_POINT('',(0.055627548057524,2.12438367474671E-5,0.00539040193964274));
#5891=CARTESIAN_POINT('',(0.0561213498186879,0.000591121448078153,0.00539040193964274));
#5892=CARTESIAN_POINT('',(0.055856741086533,1.17091459589935E-5,0.00539040193964274));
#5893=CARTESIAN_POINT('',(0.0562333642504921,0.000836398840376056,0.00539040193964274));
#5894=CARTESIAN_POINT('',(0.0561424010509566,0.000877940341676244,0.00539040193964274));
#5895=CARTESIAN_POINT('',(0.0561424010509566,0.000877940341676244,0.00539040193964274));
#5896=CARTESIAN_POINT('',(0.0557657778869976,5.32506472591815E-5,0.00539040193964274));
#5897=CARTESIAN_POINT('',(0.0560937635394432,0.000771439047157885,0.00539040193964274));
#5898=CARTESIAN_POINT('',(0.0560028003399077,0.000812980548458075,0.00539040193964274));
#5899=CARTESIAN_POINT('',(0.0560028003399077,0.000812980548458075,0.00539040193964274));
#5900=CARTESIAN_POINT('',(0.0556261771759487,-1.17091459589935E-5,0.00539040193964274));
#5901=CARTESIAN_POINT('',(0.055939423419617,0.000674204450678569,0.00539040193964274));
#5902=CARTESIAN_POINT('',(0.0558487725096988,4.37135232968233E-5,0.00539040193964274));
#5903=CARTESIAN_POINT('',(0.055977797853009,0.000941104497450169,0.00539040193964274));
#5904=CARTESIAN_POINT('',(0.0558788157088209,0.000955335981277498,0.00539040193964274));
#5905=CARTESIAN_POINT('',(0.0558788157088209,0.000955335981277498,0.00539040193964274));
#5906=CARTESIAN_POINT('',(0.0557497903655107,5.79450071241522E-5,0.00539040193964274));
#5907=CARTESIAN_POINT('',(0.0558621532402813,0.000839445967029202,0.00539040193964274));
#5908=CARTESIAN_POINT('',(0.0557631710960932,0.00085367745085653,0.00539040193964274));
#5909=CARTESIAN_POINT('',(0.0557631710960932,0.00085367745085653,0.00539040193964274));
#5910=CARTESIAN_POINT('',(0.0556341457527829,-4.37135232968233E-5,0.00539040193964274));
#5911=CARTESIAN_POINT('',(0.0557414591312409,0.000702667418333225,0.00539040193964274));
#5912=CARTESIAN_POINT('',(0.0558321100411591,7.2176490951481E-5,0.00539040193964274));
#5913=CARTESIAN_POINT('',(0.0557030846978489,0.000969567465104827,0.00539040193964274));
#5914=CARTESIAN_POINT('',(0.0556041025536608,0.000955335981277498,0.00539040193964274));
#5915=CARTESIAN_POINT('',(0.0556041025536608,0.000955335981277498,0.00539040193964274));
#5916=CARTESIAN_POINT('',(0.055733127896971,5.79450071241522E-5,0.00539040193964274));
#5917=CARTESIAN_POINT('',(0.0556207650222004,0.000839445967029201,0.00539040193964274));
#5918=CARTESIAN_POINT('',(0.0555217828780123,0.000825214483201872,0.00539040193964274));
#5919=CARTESIAN_POINT('',(0.0555217828780123,0.000825214483201872,0.00539040193964274));
#5920=CARTESIAN_POINT('',(0.0556508082213226,-7.2176490951481E-5,0.00539040193964274));
#5921=CARTESIAN_POINT('',(0.0555434948428647,0.000674204450678558,0.00539040193964274));
#5922=CARTESIAN_POINT('',(0.0558081035750196,9.47921485593695E-5,0.00539040193964274));
#5923=CARTESIAN_POINT('',(0.0554314804110605,0.000919481842976431,0.00539040193964274));
#5924=CARTESIAN_POINT('',(0.0553405172115251,0.000877940341676244,0.00539040193964274));
#5925=CARTESIAN_POINT('',(0.0553405172115251,0.000877940341676244,0.00539040193964274));
#5926=CARTESIAN_POINT('',(0.0557171403754841,5.32506472591815E-5,0.00539040193964274));
#5927=CARTESIAN_POINT('',(0.0553891547230385,0.000771439047157888,0.00539040193964274));
#5928=CARTESIAN_POINT('',(0.0552981915235031,0.0007298975458577,0.00539040193964274));
#5929=CARTESIAN_POINT('',(0.0552981915235031,0.0007298975458577,0.00539040193964274));
#5930=CARTESIAN_POINT('',(0.0556748146874621,-9.47921485593695E-5,0.00539040193964274));
#5931=CARTESIAN_POINT('',(0.0553615684437938,0.000591121448078189,0.00539040193964274));
#5932=CARTESIAN_POINT('',(0.0557786979723949,0.000109728310041593,0.00539040193964274));
#5933=CARTESIAN_POINT('',(0.0551849887566668,0.000794905270299164,0.00539040193964274));
#5934=CARTESIAN_POINT('',(0.0551094137992314,0.000729419196904634,0.00539040193964274));
#5935=CARTESIAN_POINT('',(0.0551094137992314,0.000729419196904634,0.00539040193964274));
#5936=CARTESIAN_POINT('',(0.0557031230149594,4.4242236647063E-5,0.00539040193964274));
#5937=CARTESIAN_POINT('',(0.0551860860317942,0.000640934723610511,0.00539040193964274));
#5938=CARTESIAN_POINT('',(0.0551105110743588,0.000575448650215985,0.00539040193964274));
#5939=CARTESIAN_POINT('',(0.0551105110743588,0.000575448650215985,0.00539040193964274));
#5940=CARTESIAN_POINT('',(0.0557042202900868,-0.000109728310041593,0.00539040193964274));
#5941=CARTESIAN_POINT('',(0.0552104185289229,0.000460149301289149,0.00539040193964274));
#5942=CARTESIAN_POINT('',(0.0557462755003278,0.000115774936423632,0.00539040193964273));
#5943=CARTESIAN_POINT('',(0.0549835790225643,0.000605930200105929,0.00539040193964273));
#5944=CARTESIAN_POINT('',(0.0549295149408188,0.000521804846822811,0.00539040193964273));
#5945=CARTESIAN_POINT('',(0.0549295149408188,0.000521804846822811,0.00539040193964273));
#5946=CARTESIAN_POINT('',(0.0556922114185822,3.16495831405132E-5,0.00539040193964273));
#5947=CARTESIAN_POINT('',(0.055028010366136,0.000458505680541792,0.00539040193964273));
#5948=CARTESIAN_POINT('',(0.0549739462843905,0.000374380327258669,0.00539040193964274));
#5949=CARTESIAN_POINT('',(0.0549739462843905,0.000374380327258669,0.00539040193964274));
#5950=CARTESIAN_POINT('',(0.0557366427621539,-0.000115774936423632,0.00539040193964274));
#5951=CARTESIAN_POINT('',(0.0551022903654318,0.000291898594722904,0.00539040193964274));
#5952=CARTESIAN_POINT('',(0.0557134628346813,0.000112442165996686,0.00539040193964274));
#5953=CARTESIAN_POINT('',(0.0548435682275802,0.000367866268705764,0.00539040193964274));
#5954=CARTESIAN_POINT('',(0.0548153949718961,0.000271916971344314,0.00539040193964274));
#5955=CARTESIAN_POINT('',(0.0548153949718961,0.000271916971344314,0.00539040193964274));
#5956=CARTESIAN_POINT('',(0.0556852895789972,1.64928686352366E-5,0.00539040193964274));
#5957=CARTESIAN_POINT('',(0.0549277340763835,0.000238931234073843,0.00539040193964274));
#5958=CARTESIAN_POINT('',(0.0548995608206994,0.000142981936712394,0.00539040193964274));
#5959=CARTESIAN_POINT('',(0.0548995608206994,0.000142981936712394,0.00539040193964274));
#5960=CARTESIAN_POINT('',(0.0557694554278004,-0.000112442165996686,0.00539040193964274));
#5961=CARTESIAN_POINT('',(0.0550459438540635,0.0001,0.00539040193964274));
#5962=CARTESIAN_POINT('',(0.0556829182624817,0.0001,0.00539040193964274));
#5963=CARTESIAN_POINT('',(0.0547762992136479,0.0001,0.00539040193964274));
#5964=CARTESIAN_POINT('',(0.0547762992136479,3.63127360204019E-19,0.00539040193964274));
#5965=CARTESIAN_POINT('',(0.0547762992136479,3.63127360204019E-19,0.00539040193964274));
#5966=CARTESIAN_POINT('',(0.0556829182624817,2.52098548583991E-19,0.00539040193964274));
#5967=CARTESIAN_POINT('',(0.0548933809511662,0.,0.00539040193964274));
#5968=CARTESIAN_POINT('',(0.0548933809511662,-0.0001,0.00539040193964274));
#5969=CARTESIAN_POINT('',(0.055657116323313,7.94564287262128E-5,0.00539040193964274));
#5970=CARTESIAN_POINT('',(0.054787221716212,-0.000175967673982865,0.00539040193964274));
#5971=CARTESIAN_POINT('',(0.0548153949718961,-0.000271916971344314,0.00539040193964274));
#5972=CARTESIAN_POINT('',(0.0548153949718961,-0.000271916971344314,0.00539040193964274));
#5973=CARTESIAN_POINT('',(0.0556852895789971,-1.64928686352366E-5,0.00539040193964274));
#5974=CARTESIAN_POINT('',(0.0549277340763835,-0.000238931234073843,0.00539040193964274));
#5975=CARTESIAN_POINT('',(0.0549559073320676,-0.000334880531435292,0.00539040193964274));
#5976=CARTESIAN_POINT('',(0.0549559073320676,-0.000334880531435292,0.00539040193964274));
#5977=CARTESIAN_POINT('',(0.0558258019391687,-7.94564287262128E-5,0.00539040193964274));
#5978=CARTESIAN_POINT('',(0.0551022903654318,-0.000291898594722893,0.00539040193964274));
#5979=CARTESIAN_POINT('',(0.0556381473368366,5.24757701426092E-5,0.00539040193964274));
#5980=CARTESIAN_POINT('',(0.0548754508590732,-0.000437679493539688,0.00539040193964274));
#5981=CARTESIAN_POINT('',(0.0549295149408188,-0.000521804846822807,0.00539040193964274));
#5982=CARTESIAN_POINT('',(0.0549295149408188,-0.000521804846822807,0.00539040193964274));
#5983=CARTESIAN_POINT('',(0.0556922114185822,-3.16495831405098E-5,0.00539040193964274));
#5984=CARTESIAN_POINT('',(0.055028010366136,-0.000458505680541791,0.00539040193964274));
#5985=CARTESIAN_POINT('',(0.0550820744478816,-0.00054263103382491,0.00539040193964274));
#5986=CARTESIAN_POINT('',(0.0550820744478816,-0.00054263103382491,0.00539040193964274));
#5987=CARTESIAN_POINT('',(0.0558447709256451,-5.24757701426092E-5,0.00539040193964274));
#5988=CARTESIAN_POINT('',(0.0552104185289229,-0.000460149301289119,0.00539040193964274));
#5989=CARTESIAN_POINT('',(0.055627548057524,2.12438367474671E-5,0.00539040193964274));
#5990=CARTESIAN_POINT('',(0.055033838841796,-0.000663933123510103,0.00539040193964274));
#5991=CARTESIAN_POINT('',(0.0551094137992314,-0.000729419196904634,0.00539040193964274));
#5992=CARTESIAN_POINT('',(0.0551094137992314,-0.000729419196904634,0.00539040193964274));
#5993=CARTESIAN_POINT('',(0.0557031230149594,-4.4242236647063E-5,0.00539040193964274));
#5994=CARTESIAN_POINT('',(0.0551860860317942,-0.000640934723610515,0.00539040193964274));
#5995=CARTESIAN_POINT('',(0.0552616609892296,-0.000706420797005045,0.00539040193964274));
#5996=CARTESIAN_POINT('',(0.0552616609892296,-0.000706420797005045,0.00539040193964274));
#5997=CARTESIAN_POINT('',(0.0558553702049577,-2.12438367474671E-5,0.00539040193964274));
#5998=CARTESIAN_POINT('',(0.0553615684437938,-0.000591121448078185,0.00539040193964274));
#5999=CARTESIAN_POINT('',(0.0556261771759487,-1.17091459589935E-5,0.00539040193964274));
#6000=CARTESIAN_POINT('',(0.0552495540119896,-0.000836398840376056,0.00539040193964274));
#6001=CARTESIAN_POINT('',(0.0553405172115251,-0.000877940341676244,0.00539040193964274));
#6002=CARTESIAN_POINT('',(0.0553405172115251,-0.000877940341676244,0.00539040193964274));
#6003=CARTESIAN_POINT('',(0.0557171403754841,-5.32506472591815E-5,0.00539040193964274));
#6004=CARTESIAN_POINT('',(0.0553891547230385,-0.000771439047157888,0.00539040193964274));
#6005=CARTESIAN_POINT('',(0.055480117922574,-0.000812980548458075,0.00539040193964274));
#6006=CARTESIAN_POINT('',(0.055480117922574,-0.000812980548458075,0.00539040193964274));
#6007=CARTESIAN_POINT('',(0.055856741086533,1.17091459589935E-5,0.00539040193964274));
#6008=CARTESIAN_POINT('',(0.0555434948428647,-0.000674204450678522,0.00539040193964274));
#6009=CARTESIAN_POINT('',(0.0556341457527829,-4.37135232968233E-5,0.00539040193964274));
#6010=CARTESIAN_POINT('',(0.0555051204094727,-0.000941104497450169,0.00539040193964274));
#6011=CARTESIAN_POINT('',(0.0556041025536608,-0.000955335981277498,0.00539040193964274));
#6012=CARTESIAN_POINT('',(0.0556041025536608,-0.000955335981277498,0.00539040193964274));
#6013=CARTESIAN_POINT('',(0.055733127896971,-5.79450071241522E-5,0.00539040193964274));
#6014=CARTESIAN_POINT('',(0.0556207650222004,-0.000839445967029201,0.00539040193964274));
#6015=CARTESIAN_POINT('',(0.0557197471663885,-0.00085367745085653,0.00539040193964274));
#6016=CARTESIAN_POINT('',(0.0557197471663885,-0.00085367745085653,0.00539040193964274));
#6017=CARTESIAN_POINT('',(0.0558487725096988,4.37135232968233E-5,0.00539040193964274));
#6018=CARTESIAN_POINT('',(0.0557414591312408,-0.000702667418333203,0.00539040193964274));
#6019=CARTESIAN_POINT('',(0.0556508082213226,-7.2176490951481E-5,0.00539040193964274));
#6020=CARTESIAN_POINT('',(0.0557798335646329,-0.000969567465104827,0.00539040193964274));
#6021=CARTESIAN_POINT('',(0.0558788157088209,-0.000955335981277498,0.00539040193964274));
#6022=CARTESIAN_POINT('',(0.0558788157088209,-0.000955335981277498,0.00539040193964274));
#6023=CARTESIAN_POINT('',(0.0557497903655107,-5.79450071241522E-5,0.00539040193964274));
#6024=CARTESIAN_POINT('',(0.0558621532402813,-0.000839445967029201,0.00539040193964274));
#6025=CARTESIAN_POINT('',(0.0559611353844694,-0.000825214483201872,0.00539040193964274));
#6026=CARTESIAN_POINT('',(0.0559611353844694,-0.000825214483201872,0.00539040193964274));
#6027=CARTESIAN_POINT('',(0.0558321100411591,7.2176490951481E-5,0.00539040193964274));
#6028=CARTESIAN_POINT('',(0.055939423419617,-0.00067420445067861,0.00539040193964274));
#6029=CARTESIAN_POINT('',(0.0556748146874621,-9.47921485593695E-5,0.00539040193964274));
#6030=CARTESIAN_POINT('',(0.0560514378514212,-0.000919481842976431,0.00539040193964274));
#6031=CARTESIAN_POINT('',(0.0561424010509566,-0.000877940341676244,0.00539040193964274));
#6032=CARTESIAN_POINT('',(0.0561424010509566,-0.000877940341676244,0.00539040193964274));
#6033=CARTESIAN_POINT('',(0.0557657778869976,-5.32506472591815E-5,0.00539040193964274));
#6034=CARTESIAN_POINT('',(0.0560937635394432,-0.000771439047157888,0.00539040193964274));
#6035=CARTESIAN_POINT('',(0.0561847267389786,-0.0007298975458577,0.00539040193964274));
#6036=CARTESIAN_POINT('',(0.0561847267389786,-0.0007298975458577,0.00539040193964274));
#6037=CARTESIAN_POINT('',(0.0558081035750196,9.47921485593695E-5,0.00539040193964274));
#6038=CARTESIAN_POINT('',(0.0561213498186879,-0.000591121448078208,0.00539040193964274));
#6039=CARTESIAN_POINT('',(0.0557042202900868,-0.000109728310041593,0.00539040193964274));
#6040=CARTESIAN_POINT('',(0.0562979295058149,-0.000794905270299164,0.00539040193964274));
#6041=CARTESIAN_POINT('',(0.0563735044632503,-0.000729419196904634,0.00539040193964274));
#6042=CARTESIAN_POINT('',(0.0563735044632503,-0.000729419196904634,0.00539040193964274));
#6043=CARTESIAN_POINT('',(0.0557797952475223,-4.4242236647063E-5,0.00539040193964274));
#6044=CARTESIAN_POINT('',(0.0562968322306875,-0.000640934723610515,0.00539040193964274));
#6045=CARTESIAN_POINT('',(0.0563724071881229,-0.000575448650215985,0.00539040193964274));
#6046=CARTESIAN_POINT('',(0.0563724071881229,-0.000575448650215985,0.00539040193964274));
#6047=CARTESIAN_POINT('',(0.0557786979723949,0.000109728310041593,0.00539040193964274));
#6048=CARTESIAN_POINT('',(0.0562724997335588,-0.000460149301289143,0.00539040193964274));
#6049=CARTESIAN_POINT('',(0.0557366427621539,-0.000115774936423632,0.00539040193964274));
#6050=CARTESIAN_POINT('',(0.0564993392399174,-0.000605930200105929,0.00539040193964274));
#6051=CARTESIAN_POINT('',(0.0565534033216629,-0.000521804846822811,0.00539040193964274));
#6052=CARTESIAN_POINT('',(0.0565534033216629,-0.000521804846822811,0.00539040193964274));
#6053=CARTESIAN_POINT('',(0.0557907068438995,-3.16495831405132E-5,0.00539040193964274));
#6054=CARTESIAN_POINT('',(0.0564549078963456,-0.000458505680541788,0.00539040193964273));
#6055=CARTESIAN_POINT('',(0.0565089719780912,-0.000374380327258669,0.00539040193964273));
#6056=CARTESIAN_POINT('',(0.0565089719780912,-0.000374380327258669,0.00539040193964273));
#6057=CARTESIAN_POINT('',(0.0557462755003278,0.000115774936423632,0.00539040193964273));
#6058=CARTESIAN_POINT('',(0.0563806278970499,-0.000291898594722901,0.00539040193964273));
#6059=CARTESIAN_POINT('',(0.0557694554278004,-0.000112442165996686,0.00539040193964274));
#6060=CARTESIAN_POINT('',(0.0566393500349015,-0.000367866268705764,0.00539040193964274));
#6061=CARTESIAN_POINT('',(0.0566675232905856,-0.000271916971344314,0.00539040193964274));
#6062=CARTESIAN_POINT('',(0.0566675232905856,-0.000271916971344314,0.00539040193964274));
#6063=CARTESIAN_POINT('',(0.0557976286834845,-1.64928686352366E-5,0.00539040193964274));
#6064=CARTESIAN_POINT('',(0.0565551841860982,-0.000238931234073843,0.00539040193964274));
#6065=CARTESIAN_POINT('',(0.0565833574417823,-0.000142981936712394,0.00539040193964274));
#6066=CARTESIAN_POINT('',(0.0565833574417823,-0.000142981936712394,0.00539040193964274));
#6067=CARTESIAN_POINT('',(0.0557134628346813,0.000112442165996686,0.00539040193964274));
#6068=CARTESIAN_POINT('',(0.0567066190488338,0.,0.00539040193964274));
#6069=CARTESIAN_POINT('',(0.0548933809511662,-0.0001,0.00379702098847649));
#6070=CARTESIAN_POINT('',(0.0548933809511662,0.,0.00379702098847649));
#6071=CARTESIAN_POINT('',(0.0567066190488338,-0.0001,0.00379702098847649));
#6072=CARTESIAN_POINT('',(0.0582245343732049,0.000624874963377362,0.00318797192929685));
#6073=CARTESIAN_POINT('',(0.0581963611175208,0.000720824260738811,0.00318797192929685));
#6074=CARTESIAN_POINT('',(0.0581963611175208,0.000720824260738811,0.000985541918950963));
#6075=CARTESIAN_POINT('',(0.0581963611175208,0.000720824260738811,0.00379702098847649));
#6076=CARTESIAN_POINT('',(0.0582245343732049,0.000624874963377362,0.00379702098847649));
#6077=CARTESIAN_POINT('',(0.0582245343732049,0.000624874963377362,0.00379702098847649));
#6078=CARTESIAN_POINT('',(0.0582245343732049,0.000624874963377362,0.00318797192929685));
#6079=CARTESIAN_POINT('',(0.0582245343732049,0.000624874963377362,0.000985541918950963));
#6080=CARTESIAN_POINT('',(0.0582245343732049,0.000624874963377362,0.000985541918950963));
#6081=CARTESIAN_POINT('',(0.0580558487573493,0.000783787820829787,0.00318797192929685));
#6082=CARTESIAN_POINT('',(0.0580558487573493,0.000783787820829787,0.00318797192929685));
#6083=CARTESIAN_POINT('',(0.0580558487573493,0.000783787820829787,0.000985541918950956));
#6084=CARTESIAN_POINT('',(0.0580558487573493,0.000783787820829787,0.00379702098847649));
#6085=CARTESIAN_POINT('',(0.0580558487573493,0.000783787820829787,0.00379702098847649));
#6086=CARTESIAN_POINT('',(0.0580840220130334,0.000687838523468341,0.00379702098847649));
#6087=CARTESIAN_POINT('',(0.0580840220130334,0.000687838523468338,0.00318797192929685));
#6088=CARTESIAN_POINT('',(0.0580840220130334,0.00068783852346834,0.000985541918950956));
#6089=CARTESIAN_POINT('',(0.0580558487573493,0.000783787820829787,0.000985541918950956));
#6090=CARTESIAN_POINT('',(0.0574925220398209,0.00186813009913818,0.00318797192929685));
#6091=CARTESIAN_POINT('',(0.0574169470823855,0.00193361617253271,0.00318797192929685));
#6092=CARTESIAN_POINT('',(0.0574169470823855,0.00193361617253271,0.000985541918950963));
#6093=CARTESIAN_POINT('',(0.0574169470823855,0.00193361617253271,0.00379702098847649));
#6094=CARTESIAN_POINT('',(0.0574925220398209,0.00186813009913818,0.00379702098847649));
#6095=CARTESIAN_POINT('',(0.0574925220398209,0.00186813009913818,0.00379702098847649));
#6096=CARTESIAN_POINT('',(0.0574925220398209,0.00186813009913818,0.00318797192929685));
#6097=CARTESIAN_POINT('',(0.0574925220398209,0.00186813009913818,0.000985541918950963));
#6098=CARTESIAN_POINT('',(0.0574925220398209,0.00186813009913818,0.000985541918950963));
#6099=CARTESIAN_POINT('',(0.0572646998923872,0.00191061777263312,0.00318797192929685));
#6100=CARTESIAN_POINT('',(0.0572646998923872,0.00191061777263312,0.00318797192929685));
#6101=CARTESIAN_POINT('',(0.0572646998923872,0.00191061777263312,0.000985541918950956));
#6102=CARTESIAN_POINT('',(0.0572646998923872,0.00191061777263312,0.00379702098847649));
#6103=CARTESIAN_POINT('',(0.0572646998923872,0.00191061777263312,0.00379702098847649));
#6104=CARTESIAN_POINT('',(0.0573402748498227,0.0018451316992386,0.00379702098847649));
#6105=CARTESIAN_POINT('',(0.0573402748498227,0.00184513169923859,0.00318797192929685));
#6106=CARTESIAN_POINT('',(0.0573402748498227,0.00184513169923859,0.000985541918950956));
#6107=CARTESIAN_POINT('',(0.0572646998923872,0.00191061777263312,0.000985541918950956));
#6108=CARTESIAN_POINT('',(0.056204559605382,0.00251826712799915,0.00318797192929685));
#6109=CARTESIAN_POINT('',(0.0561055774611939,0.00253249861182648,0.00318797192929685));
#6110=CARTESIAN_POINT('',(0.0561055774611939,0.00253249861182648,0.000985541918950963));
#6111=CARTESIAN_POINT('',(0.0561055774611939,0.00253249861182648,0.00379702098847649));
#6112=CARTESIAN_POINT('',(0.056204559605382,0.00251826712799915,0.00379702098847649));
#6113=CARTESIAN_POINT('',(0.056204559605382,0.00251826712799915,0.00379702098847649));
#6114=CARTESIAN_POINT('',(0.056204559605382,0.00251826712799915,0.00318797192929685));
#6115=CARTESIAN_POINT('',(0.056204559605382,0.00251826712799915,0.000985541918950963));
#6116=CARTESIAN_POINT('',(0.056204559605382,0.00251826712799915,0.000985541918950963));
#6117=CARTESIAN_POINT('',(0.0559899328484661,0.00243084008140551,0.00318797192929685));
#6118=CARTESIAN_POINT('',(0.0559899328484661,0.00243084008140551,0.00318797192929685));
#6119=CARTESIAN_POINT('',(0.0559899328484661,0.00243084008140551,0.000985541918950956));
#6120=CARTESIAN_POINT('',(0.0559899328484661,0.00243084008140551,0.00379702098847649));
#6121=CARTESIAN_POINT('',(0.0559899328484661,0.00243084008140551,0.00379702098847649));
#6122=CARTESIAN_POINT('',(0.0560889149926542,0.00241660859757819,0.00379702098847649));
#6123=CARTESIAN_POINT('',(0.0560889149926542,0.00241660859757818,0.00318797192929685));
#6124=CARTESIAN_POINT('',(0.0560889149926542,0.00241660859757819,0.000985541918950956));
#6125=CARTESIAN_POINT('',(0.0559899328484661,0.00243084008140551,0.000985541918950956));
#6126=CARTESIAN_POINT('',(0.0547695660425149,0.00236887213694566,0.00318797192929685));
#6127=CARTESIAN_POINT('',(0.0546786028429794,0.00232733063564547,0.00318797192929685));
#6128=CARTESIAN_POINT('',(0.0546786028429794,0.00232733063564547,0.000985541918950963));
#6129=CARTESIAN_POINT('',(0.0546786028429794,0.00232733063564547,0.00379702098847649));
#6130=CARTESIAN_POINT('',(0.0547695660425149,0.00236887213694566,0.00379702098847649));
#6131=CARTESIAN_POINT('',(0.0547695660425149,0.00236887213694566,0.00379702098847649));
#6132=CARTESIAN_POINT('',(0.0547695660425149,0.00236887213694566,0.00318797192929685));
#6133=CARTESIAN_POINT('',(0.0547695660425149,0.00236887213694566,0.000985541918950963));
#6134=CARTESIAN_POINT('',(0.0547695660425149,0.00236887213694566,0.000985541918950963));
#6135=CARTESIAN_POINT('',(0.0546362771549574,0.00217928783982693,0.00318797192929685));
#6136=CARTESIAN_POINT('',(0.0546362771549574,0.00217928783982693,0.00318797192929685));
#6137=CARTESIAN_POINT('',(0.0546362771549574,0.00217928783982693,0.000985541918950956));
#6138=CARTESIAN_POINT('',(0.0546362771549574,0.00217928783982693,0.00379702098847649));
#6139=CARTESIAN_POINT('',(0.0546362771549574,0.00217928783982693,0.00379702098847649));
#6140=CARTESIAN_POINT('',(0.0547272403544929,0.00222082934112712,0.00379702098847649));
#6141=CARTESIAN_POINT('',(0.0547272403544929,0.00222082934112712,0.00318797192929685));
#6142=CARTESIAN_POINT('',(0.0547272403544929,0.00222082934112712,0.000985541918950956));
#6143=CARTESIAN_POINT('',(0.0546362771549574,0.00217928783982693,0.000985541918950956));
#6144=CARTESIAN_POINT('',(0.0536431416682498,0.00146737698006262,0.00318797192929685));
#6145=CARTESIAN_POINT('',(0.0535890775865042,0.0013832516267795,0.00318797192929685));
#6146=CARTESIAN_POINT('',(0.0535890775865042,0.0013832516267795,0.000985541918950963));
#6147=CARTESIAN_POINT('',(0.0535890775865042,0.0013832516267795,0.00379702098847649));
#6148=CARTESIAN_POINT('',(0.0536431416682498,0.00146737698006262,0.00379702098847649));
#6149=CARTESIAN_POINT('',(0.0536431416682498,0.00146737698006262,0.00379702098847649));
#6150=CARTESIAN_POINT('',(0.0536431416682498,0.00146737698006262,0.00318797192929685));
#6151=CARTESIAN_POINT('',(0.0536431416682498,0.00146737698006262,0.000985541918950963));
#6152=CARTESIAN_POINT('',(0.0536431416682498,0.00146737698006262,0.000985541918950963));
#6153=CARTESIAN_POINT('',(0.053633508930076,0.00123582710721536,0.00318797192929685));
#6154=CARTESIAN_POINT('',(0.053633508930076,0.00123582710721536,0.00318797192929685));
#6155=CARTESIAN_POINT('',(0.053633508930076,0.00123582710721536,0.000985541918950956));
#6156=CARTESIAN_POINT('',(0.053633508930076,0.00123582710721536,0.00379702098847649));
#6157=CARTESIAN_POINT('',(0.053633508930076,0.00123582710721536,0.00379702098847649));
#6158=CARTESIAN_POINT('',(0.0536875730118215,0.00131995246049849,0.00379702098847649));
#6159=CARTESIAN_POINT('',(0.0536875730118215,0.00131995246049848,0.00318797192929685));
#6160=CARTESIAN_POINT('',(0.0536875730118215,0.00131995246049849,0.000985541918950956));
#6161=CARTESIAN_POINT('',(0.053633508930076,0.00123582710721536,0.000985541918950956));
#6162=CARTESIAN_POINT('',(0.0531829182624817,0.0001,0.00318797192929685));
#6163=CARTESIAN_POINT('',(0.0531829182624817,5.58260248370828E-19,0.00318797192929685));
#6164=CARTESIAN_POINT('',(0.0531829182624817,5.58260248370828E-19,0.00379702098847649));
#6165=CARTESIAN_POINT('',(0.0531829182624817,0.0001,0.00379702098847649));
#6166=CARTESIAN_POINT('',(0.0531829182624817,0.0001,0.00379702098847649));
#6167=CARTESIAN_POINT('',(0.0531829182624817,0.0001,0.00318797192929685));
#6168=CARTESIAN_POINT('',(0.0533707229937642,0.000591889226106888,0.00318797192929685));
#6169=CARTESIAN_POINT('',(0.0533707229937642,0.000591889226106888,0.00318797192929685));
#6170=CARTESIAN_POINT('',(0.0533707229937642,0.000591889226106888,0.000985541918950956));
#6171=CARTESIAN_POINT('',(0.0533707229937642,0.000591889226106888,0.00379702098847649));
#6172=CARTESIAN_POINT('',(0.0533707229937642,0.000591889226106888,0.00379702098847649));
#6173=CARTESIAN_POINT('',(0.0533988962494483,0.000687838523468339,0.00379702098847649));
#6174=CARTESIAN_POINT('',(0.0533988962494483,0.000687838523468338,0.00318797192929685));
#6175=CARTESIAN_POINT('',(0.0533988962494483,0.000687838523468339,0.000985541918950956));
#6176=CARTESIAN_POINT('',(0.0533707229937642,0.000591889226106888,0.000985541918950956));
#6177=CARTESIAN_POINT('',(0.053314730400645,0.00081677355810026,0.00318797192929685));
#6178=CARTESIAN_POINT('',(0.0532865571449609,0.000720824260738811,0.00318797192929685));
#6179=CARTESIAN_POINT('',(0.0532865571449609,0.000720824260738811,0.000985541918950963));
#6180=CARTESIAN_POINT('',(0.0532865571449609,0.000720824260738811,0.00379702098847649));
#6181=CARTESIAN_POINT('',(0.053314730400645,0.00081677355810026,0.00379702098847649));
#6182=CARTESIAN_POINT('',(0.053314730400645,0.00081677355810026,0.00379702098847649));
#6183=CARTESIAN_POINT('',(0.053314730400645,0.00081677355810026,0.00318797192929685));
#6184=CARTESIAN_POINT('',(0.053314730400645,0.00081677355810026,0.000985541918950963));
#6185=CARTESIAN_POINT('',(0.053314730400645,0.00081677355810026,0.000985541918950963));
#6186=CARTESIAN_POINT('',(0.0540670684552236,0.00177964562584406,0.00318797192929685));
#6187=CARTESIAN_POINT('',(0.0540670684552236,0.00177964562584406,0.00318797192929685));
#6188=CARTESIAN_POINT('',(0.0540670684552236,0.00177964562584406,0.000985541918950956));
#6189=CARTESIAN_POINT('',(0.0540670684552236,0.00177964562584406,0.00379702098847649));
#6190=CARTESIAN_POINT('',(0.0540670684552236,0.00177964562584406,0.00379702098847649));
#6191=CARTESIAN_POINT('',(0.054142643412659,0.00184513169923859,0.00379702098847649));
#6192=CARTESIAN_POINT('',(0.054142643412659,0.00184513169923859,0.00318797192929685));
#6193=CARTESIAN_POINT('',(0.054142643412659,0.00184513169923859,0.000985541918950956));
#6194=CARTESIAN_POINT('',(0.0540670684552236,0.00177964562584406,0.000985541918950956));
#6195=CARTESIAN_POINT('',(0.0541415461375316,0.00199910224592724,0.00318797192929685));
#6196=CARTESIAN_POINT('',(0.0540659711800962,0.00193361617253271,0.00318797192929685));
#6197=CARTESIAN_POINT('',(0.0540659711800962,0.00193361617253271,0.000985541918950963));
#6198=CARTESIAN_POINT('',(0.0540659711800962,0.00193361617253271,0.00379702098847649));
#6199=CARTESIAN_POINT('',(0.0541415461375316,0.00199910224592724,0.00379702098847649));
#6200=CARTESIAN_POINT('',(0.0541415461375316,0.00199910224592724,0.00379702098847649));
#6201=CARTESIAN_POINT('',(0.0541415461375316,0.00199910224592724,0.00318797192929685));
#6202=CARTESIAN_POINT('',(0.0541415461375316,0.00199910224592724,0.000985541918950963));
#6203=CARTESIAN_POINT('',(0.0541415461375316,0.00199910224592724,0.000985541918950963));
#6204=CARTESIAN_POINT('',(0.0552950211256394,0.00240237711375085,0.00318797192929685));
#6205=CARTESIAN_POINT('',(0.0552950211256394,0.00240237711375085,0.00318797192929685));
#6206=CARTESIAN_POINT('',(0.0552950211256394,0.00240237711375085,0.000985541918950956));
#6207=CARTESIAN_POINT('',(0.0552950211256394,0.00240237711375085,0.00379702098847649));
#6208=CARTESIAN_POINT('',(0.0552950211256394,0.00240237711375085,0.00379702098847649));
#6209=CARTESIAN_POINT('',(0.0553940032698275,0.00241660859757819,0.00379702098847649));
#6210=CARTESIAN_POINT('',(0.0553940032698275,0.00241660859757818,0.00318797192929685));
#6211=CARTESIAN_POINT('',(0.0553940032698275,0.00241660859757818,0.000985541918950956));
#6212=CARTESIAN_POINT('',(0.0552950211256394,0.00240237711375085,0.000985541918950956));
#6213=CARTESIAN_POINT('',(0.0554763229454759,0.00254673009565381,0.00318797192929685));
#6214=CARTESIAN_POINT('',(0.0553773408012878,0.00253249861182648,0.00318797192929685));
#6215=CARTESIAN_POINT('',(0.0553773408012878,0.00253249861182648,0.000985541918950963));
#6216=CARTESIAN_POINT('',(0.0553773408012878,0.00253249861182648,0.00379702098847649));
#6217=CARTESIAN_POINT('',(0.0554763229454759,0.00254673009565381,0.00379702098847649));
#6218=CARTESIAN_POINT('',(0.0554763229454759,0.00254673009565381,0.00379702098847649));
#6219=CARTESIAN_POINT('',(0.0554763229454759,0.00254673009565381,0.00318797192929685));
#6220=CARTESIAN_POINT('',(0.0554763229454759,0.00254673009565381,0.000985541918950963));
#6221=CARTESIAN_POINT('',(0.0554763229454759,0.00254673009565381,0.000985541918950963));
#6222=CARTESIAN_POINT('',(0.0566647147084534,0.00226237084242731,0.00318797192929685));
#6223=CARTESIAN_POINT('',(0.0566647147084534,0.00226237084242731,0.00318797192929685));
#6224=CARTESIAN_POINT('',(0.0566647147084534,0.00226237084242731,0.000985541918950956));
#6225=CARTESIAN_POINT('',(0.0566647147084534,0.00226237084242731,0.00379702098847649));
#6226=CARTESIAN_POINT('',(0.0566647147084534,0.00226237084242731,0.00379702098847649));
#6227=CARTESIAN_POINT('',(0.0567556779079888,0.00222082934112711,0.00379702098847649));
#6228=CARTESIAN_POINT('',(0.0567556779079888,0.00222082934112712,0.00318797192929685));
#6229=CARTESIAN_POINT('',(0.0567556779079888,0.00222082934112712,0.000985541918950956));
#6230=CARTESIAN_POINT('',(0.0566647147084534,0.00226237084242731,0.000985541918950956));
#6231=CARTESIAN_POINT('',(0.0568952786190377,0.00228578913434528,0.00318797192929685));
#6232=CARTESIAN_POINT('',(0.0568043154195023,0.00232733063564547,0.00318797192929685));
#6233=CARTESIAN_POINT('',(0.0568043154195023,0.00232733063564547,0.000985541918950963));
#6234=CARTESIAN_POINT('',(0.0568043154195023,0.00232733063564547,0.00379702098847649));
#6235=CARTESIAN_POINT('',(0.0568952786190377,0.00228578913434528,0.00379702098847649));
#6236=CARTESIAN_POINT('',(0.0568952786190377,0.00228578913434528,0.00379702098847649));
#6237=CARTESIAN_POINT('',(0.0568952786190377,0.00228578913434528,0.00318797192929685));
#6238=CARTESIAN_POINT('',(0.0568952786190377,0.00228578913434528,0.000985541918950963));
#6239=CARTESIAN_POINT('',(0.0568952786190377,0.00228578913434528,0.000985541918950963));
#6240=CARTESIAN_POINT('',(0.0577412811689146,0.0014040778137816,0.00318797192929685));
#6241=CARTESIAN_POINT('',(0.0577412811689146,0.0014040778137816,0.00318797192929685));
#6242=CARTESIAN_POINT('',(0.0577412811689146,0.0014040778137816,0.000985541918950956));
#6243=CARTESIAN_POINT('',(0.0577412811689146,0.0014040778137816,0.00379702098847649));
#6244=CARTESIAN_POINT('',(0.0577412811689146,0.0014040778137816,0.00379702098847649));
#6245=CARTESIAN_POINT('',(0.0577953452506602,0.00131995246049849,0.00379702098847649));
#6246=CARTESIAN_POINT('',(0.0577953452506602,0.00131995246049848,0.00318797192929685));
#6247=CARTESIAN_POINT('',(0.0577953452506602,0.00131995246049848,0.000985541918950956));
#6248=CARTESIAN_POINT('',(0.0577412811689146,0.0014040778137816,0.000985541918950956));
#6249=CARTESIAN_POINT('',(0.057947904757723,0.00129912627349639,0.00318797192929685));
#6250=CARTESIAN_POINT('',(0.0578938406759774,0.0013832516267795,0.00318797192929685));
#6251=CARTESIAN_POINT('',(0.0578938406759774,0.0013832516267795,0.000985541918950963));
#6252=CARTESIAN_POINT('',(0.0578938406759774,0.0013832516267795,0.00379702098847649));
#6253=CARTESIAN_POINT('',(0.057947904757723,0.00129912627349639,0.00379702098847649));
#6254=CARTESIAN_POINT('',(0.057947904757723,0.00129912627349639,0.00379702098847649));
#6255=CARTESIAN_POINT('',(0.057947904757723,0.00129912627349639,0.00318797192929685));
#6256=CARTESIAN_POINT('',(0.057947904757723,0.00129912627349639,0.000985541918950963));
#6257=CARTESIAN_POINT('',(0.057947904757723,0.00129912627349639,0.000985541918950963));
#6258=CARTESIAN_POINT('',(0.0547762992136479,0.0001,0.00379702098847649));
#6259=CARTESIAN_POINT('',(0.0547762992136479,0.0001,0.00379702098847649));
#6260=CARTESIAN_POINT('',(0.0547762992136479,3.63127360204019E-19,0.00379702098847649));
#6261=CARTESIAN_POINT('',(0.0548995608206994,0.000142981936712394,0.00379702098847649));
#6262=CARTESIAN_POINT('',(0.0548995608206994,0.000142981936712394,0.00379702098847649));
#6263=CARTESIAN_POINT('',(0.0549277340763835,0.000238931234073843,0.00379702098847649));
#6264=CARTESIAN_POINT('',(0.0556852895789972,1.64928686352366E-5,0.00318797192929685));
#6265=CARTESIAN_POINT('',(0.0556852895789972,1.64928686352366E-5,0.000985541918950956));
#6266=CARTESIAN_POINT('',(0.0548153949718961,0.000271916971344314,0.00379702098847649));
#6267=CARTESIAN_POINT('',(0.0548435682275802,0.000367866268705764,0.00379702098847649));
#6268=CARTESIAN_POINT('',(0.0548435682275802,0.000367866268705764,0.00379702098847649));
#6269=CARTESIAN_POINT('',(0.0549739462843905,0.000374380327258669,0.00379702098847649));
#6270=CARTESIAN_POINT('',(0.0549739462843905,0.000374380327258669,0.00379702098847649));
#6271=CARTESIAN_POINT('',(0.055028010366136,0.000458505680541788,0.00379702098847649));
#6272=CARTESIAN_POINT('',(0.0556922114185822,3.16495831405132E-5,0.00318797192929685));
#6273=CARTESIAN_POINT('',(0.0556922114185822,3.16495831405132E-5,0.000985541918950956));
#6274=CARTESIAN_POINT('',(0.0549295149408188,0.000521804846822811,0.00379702098847649));
#6275=CARTESIAN_POINT('',(0.0549835790225643,0.000605930200105929,0.00379702098847649));
#6276=CARTESIAN_POINT('',(0.0549835790225643,0.000605930200105929,0.00379702098847649));
#6277=CARTESIAN_POINT('',(0.0551105110743588,0.000575448650215985,0.00379702098847649));
#6278=CARTESIAN_POINT('',(0.0551105110743588,0.000575448650215985,0.00379702098847649));
#6279=CARTESIAN_POINT('',(0.0551860860317942,0.000640934723610515,0.00379702098847649));
#6280=CARTESIAN_POINT('',(0.0557031230149594,4.4242236647063E-5,0.00318797192929685));
#6281=CARTESIAN_POINT('',(0.0557031230149594,4.4242236647063E-5,0.000985541918950956));
#6282=CARTESIAN_POINT('',(0.0551094137992314,0.000729419196904634,0.00379702098847649));
#6283=CARTESIAN_POINT('',(0.0551849887566668,0.000794905270299164,0.00379702098847649));
#6284=CARTESIAN_POINT('',(0.0551849887566668,0.000794905270299164,0.00379702098847649));
#6285=CARTESIAN_POINT('',(0.0552981915235031,0.0007298975458577,0.00379702098847649));
#6286=CARTESIAN_POINT('',(0.0552981915235031,0.0007298975458577,0.00379702098847649));
#6287=CARTESIAN_POINT('',(0.0553891547230385,0.000771439047157888,0.00379702098847649));
#6288=CARTESIAN_POINT('',(0.0557171403754841,5.32506472591815E-5,0.00318797192929685));
#6289=CARTESIAN_POINT('',(0.0557171403754841,5.32506472591815E-5,0.000985541918950956));
#6290=CARTESIAN_POINT('',(0.0553405172115251,0.000877940341676244,0.00379702098847649));
#6291=CARTESIAN_POINT('',(0.0554314804110605,0.000919481842976431,0.00379702098847649));
#6292=CARTESIAN_POINT('',(0.0554314804110605,0.000919481842976431,0.00379702098847649));
#6293=CARTESIAN_POINT('',(0.0555217828780123,0.000825214483201872,0.00379702098847649));
#6294=CARTESIAN_POINT('',(0.0555217828780123,0.000825214483201872,0.00379702098847649));
#6295=CARTESIAN_POINT('',(0.0556207650222004,0.000839445967029201,0.00379702098847649));
#6296=CARTESIAN_POINT('',(0.055733127896971,5.79450071241522E-5,0.00318797192929685));
#6297=CARTESIAN_POINT('',(0.055733127896971,5.79450071241522E-5,0.000985541918950956));
#6298=CARTESIAN_POINT('',(0.0556041025536608,0.000955335981277498,0.00379702098847649));
#6299=CARTESIAN_POINT('',(0.0557030846978489,0.000969567465104827,0.00379702098847649));
#6300=CARTESIAN_POINT('',(0.0557030846978489,0.000969567465104827,0.00379702098847649));
#6301=CARTESIAN_POINT('',(0.0557631710960932,0.00085367745085653,0.00379702098847649));
#6302=CARTESIAN_POINT('',(0.0557631710960932,0.00085367745085653,0.00379702098847649));
#6303=CARTESIAN_POINT('',(0.0558621532402813,0.000839445967029201,0.00379702098847649));
#6304=CARTESIAN_POINT('',(0.0557497903655107,5.79450071241522E-5,0.00318797192929685));
#6305=CARTESIAN_POINT('',(0.0557497903655107,5.79450071241522E-5,0.000985541918950956));
#6306=CARTESIAN_POINT('',(0.0558788157088209,0.000955335981277498,0.00379702098847649));
#6307=CARTESIAN_POINT('',(0.055977797853009,0.000941104497450169,0.00379702098847649));
#6308=CARTESIAN_POINT('',(0.055977797853009,0.000941104497450169,0.00379702098847649));
#6309=CARTESIAN_POINT('',(0.0560028003399077,0.000812980548458075,0.00379702098847649));
#6310=CARTESIAN_POINT('',(0.0560028003399077,0.000812980548458075,0.00379702098847649));
#6311=CARTESIAN_POINT('',(0.0560937635394432,0.000771439047157888,0.00379702098847649));
#6312=CARTESIAN_POINT('',(0.0557657778869976,5.32506472591815E-5,0.00318797192929685));
#6313=CARTESIAN_POINT('',(0.0557657778869976,5.32506472591815E-5,0.000985541918950956));
#6314=CARTESIAN_POINT('',(0.0561424010509566,0.000877940341676244,0.00379702098847649));
#6315=CARTESIAN_POINT('',(0.0562333642504921,0.000836398840376056,0.00379702098847649));
#6316=CARTESIAN_POINT('',(0.0562333642504921,0.000836398840376056,0.00379702098847649));
#6317=CARTESIAN_POINT('',(0.0562212572732521,0.000706420797005045,0.00379702098847649));
#6318=CARTESIAN_POINT('',(0.0562212572732521,0.000706420797005045,0.00379702098847649));
#6319=CARTESIAN_POINT('',(0.0562968322306875,0.000640934723610515,0.00379702098847649));
#6320=CARTESIAN_POINT('',(0.0557797952475223,4.4242236647063E-5,0.00318797192929685));
#6321=CARTESIAN_POINT('',(0.0557797952475223,4.4242236647063E-5,0.000985541918950956));
#6322=CARTESIAN_POINT('',(0.0563735044632503,0.000729419196904634,0.00379702098847649));
#6323=CARTESIAN_POINT('',(0.0564490794206857,0.000663933123510103,0.00379702098847649));
#6324=CARTESIAN_POINT('',(0.0564490794206857,0.000663933123510103,0.00379702098847649));
#6325=CARTESIAN_POINT('',(0.0564008438146001,0.00054263103382491,0.00379702098847649));
#6326=CARTESIAN_POINT('',(0.0564008438146001,0.00054263103382491,0.00379702098847649));
#6327=CARTESIAN_POINT('',(0.0564549078963457,0.000458505680541791,0.00379702098847649));
#6328=CARTESIAN_POINT('',(0.0557907068438995,3.16495831405098E-5,0.00318797192929685));
#6329=CARTESIAN_POINT('',(0.0557907068438995,3.16495831405098E-5,0.000985541918950956));
#6330=CARTESIAN_POINT('',(0.0565534033216629,0.000521804846822807,0.00379702098847649));
#6331=CARTESIAN_POINT('',(0.0566074674034085,0.000437679493539688,0.00379702098847649));
#6332=CARTESIAN_POINT('',(0.0566074674034085,0.000437679493539688,0.00379702098847649));
#6333=CARTESIAN_POINT('',(0.0565270109304141,0.000334880531435294,0.00379702098847649));
#6334=CARTESIAN_POINT('',(0.0565270109304141,0.000334880531435294,0.00379702098847649));
#6335=CARTESIAN_POINT('',(0.0565551841860982,0.000238931234073845,0.00379702098847649));
#6336=CARTESIAN_POINT('',(0.0557976286834845,1.64928686352366E-5,0.00318797192929685));
#6337=CARTESIAN_POINT('',(0.0557976286834845,1.64928686352366E-5,0.000985541918950956));
#6338=CARTESIAN_POINT('',(0.0566675232905856,0.000271916971344314,0.00379702098847649));
#6339=CARTESIAN_POINT('',(0.0566956965462697,0.000175967673982865,0.00379702098847649));
#6340=CARTESIAN_POINT('',(0.0566956965462697,0.000175967673982865,0.00379702098847649));
#6341=CARTESIAN_POINT('',(0.0556829182624817,0.0001,0.00318797192929685));
#6342=CARTESIAN_POINT('',(0.0564369744084182,0.0001,0.00318797192929685));
#6343=CARTESIAN_POINT('',(0.0565895373113155,0.0001,0.00379702098847649));
#6344=CARTESIAN_POINT('',(0.0581829182624817,0.0001,0.00379702098847649));
#6345=CARTESIAN_POINT('',(0.0581829182624817,0.0001,0.00318797192929685));
#6346=CARTESIAN_POINT('',(0.0558447709256451,-5.24757701426092E-5,0.00318797192929685));
#6347=CARTESIAN_POINT('',(0.0563806278970499,0.000291898594722898,0.00318797192929685));
#6348=CARTESIAN_POINT('',(0.0558447709256451,-5.24757701426092E-5,0.000985541918950956));
#6349=CARTESIAN_POINT('',(0.0558447709256451,-5.24757701426092E-5,0.000985541918950956));
#6350=CARTESIAN_POINT('',(0.0556381473368366,5.24757701426092E-5,0.000985541918950956));
#6351=CARTESIAN_POINT('',(0.0556381473368366,5.24757701426092E-5,0.00318797192929685));
#6352=CARTESIAN_POINT('',(0.0562724997335588,0.000460149301289133,0.00318797192929685));
#6353=CARTESIAN_POINT('',(0.055856741086533,1.17091459589935E-5,0.00318797192929685));
#6354=CARTESIAN_POINT('',(0.0561213498186879,0.000591121448078153,0.00318797192929685));
#6355=CARTESIAN_POINT('',(0.055856741086533,1.17091459589935E-5,0.000985541918950956));
#6356=CARTESIAN_POINT('',(0.055856741086533,1.17091459589935E-5,0.000985541918950956));
#6357=CARTESIAN_POINT('',(0.0556261771759487,-1.17091459589935E-5,0.000985541918950956));
#6358=CARTESIAN_POINT('',(0.0556261771759487,-1.17091459589935E-5,0.00318797192929685));
#6359=CARTESIAN_POINT('',(0.055939423419617,0.000674204450678568,0.00318797192929685));
#6360=CARTESIAN_POINT('',(0.0558321100411591,7.2176490951481E-5,0.00318797192929685));
#6361=CARTESIAN_POINT('',(0.0557414591312409,0.000702667418333225,0.00318797192929685));
#6362=CARTESIAN_POINT('',(0.0558321100411591,7.2176490951481E-5,0.000985541918950956));
#6363=CARTESIAN_POINT('',(0.0558321100411591,7.2176490951481E-5,0.000985541918950956));
#6364=CARTESIAN_POINT('',(0.0556508082213226,-7.2176490951481E-5,0.000985541918950956));
#6365=CARTESIAN_POINT('',(0.0556508082213226,-7.2176490951481E-5,0.00318797192929685));
#6366=CARTESIAN_POINT('',(0.0555434948428647,0.000674204450678557,0.00318797192929685));
#6367=CARTESIAN_POINT('',(0.0557786979723949,0.000109728310041593,0.00318797192929685));
#6368=CARTESIAN_POINT('',(0.0553615684437938,0.000591121448078188,0.00318797192929685));
#6369=CARTESIAN_POINT('',(0.0557786979723949,0.000109728310041593,0.000985541918950956));
#6370=CARTESIAN_POINT('',(0.0557786979723949,0.000109728310041593,0.000985541918950956));
#6371=CARTESIAN_POINT('',(0.0557042202900868,-0.000109728310041593,0.000985541918950956));
#6372=CARTESIAN_POINT('',(0.0557042202900868,-0.000109728310041593,0.00318797192929685));
#6373=CARTESIAN_POINT('',(0.0552104185289229,0.000460149301289145,0.00318797192929685));
#6374=CARTESIAN_POINT('',(0.0557134628346813,0.000112442165996686,0.00318797192929685));
#6375=CARTESIAN_POINT('',(0.0551022903654318,0.000291898594722905,0.00318797192929685));
#6376=CARTESIAN_POINT('',(0.0557134628346813,0.000112442165996686,0.000985541918950956));
#6377=CARTESIAN_POINT('',(0.0557134628346813,0.000112442165996686,0.000985541918950956));
#6378=CARTESIAN_POINT('',(0.0557694554278004,-0.000112442165996686,0.000985541918950956));
#6379=CARTESIAN_POINT('',(0.0557694554278004,-0.000112442165996686,0.00318797192929685));
#6380=CARTESIAN_POINT('',(0.0550459438540635,0.0001,0.00318797192929685));
#6381=CARTESIAN_POINT('',(0.0556829182624817,0.0001,0.00318797192929685));
#6382=CARTESIAN_POINT('',(0.0557366427621539,-0.000115774936423632,0.00318797192929685));
#6383=CARTESIAN_POINT('',(0.0557366427621539,-0.000115774936423632,0.000985541918950956));
#6384=CARTESIAN_POINT('',(0.0557462755003278,0.000115774936423632,0.000985541918950956));
#6385=CARTESIAN_POINT('',(0.0557462755003278,0.000115774936423632,0.000985541918950956));
#6386=CARTESIAN_POINT('',(0.0557462755003278,0.000115774936423632,0.00318797192929685));
#6387=CARTESIAN_POINT('',(0.0556748146874621,-9.47921485593695E-5,0.00318797192929685));
#6388=CARTESIAN_POINT('',(0.0556748146874621,-9.47921485593695E-5,0.000985541918950956));
#6389=CARTESIAN_POINT('',(0.0558081035750196,9.47921485593695E-5,0.000985541918950956));
#6390=CARTESIAN_POINT('',(0.0558081035750196,9.47921485593695E-5,0.000985541918950956));
#6391=CARTESIAN_POINT('',(0.0558081035750196,9.47921485593695E-5,0.00318797192929685));
#6392=CARTESIAN_POINT('',(0.0556341457527829,-4.37135232968233E-5,0.00318797192929685));
#6393=CARTESIAN_POINT('',(0.0556341457527829,-4.37135232968233E-5,0.000985541918950956));
#6394=CARTESIAN_POINT('',(0.0558487725096988,4.37135232968233E-5,0.000985541918950956));
#6395=CARTESIAN_POINT('',(0.0558487725096988,4.37135232968233E-5,0.000985541918950956));
#6396=CARTESIAN_POINT('',(0.0558487725096988,4.37135232968233E-5,0.00318797192929685));
#6397=CARTESIAN_POINT('',(0.055627548057524,2.12438367474671E-5,0.00318797192929685));
#6398=CARTESIAN_POINT('',(0.055627548057524,2.12438367474671E-5,0.000985541918950956));
#6399=CARTESIAN_POINT('',(0.0558553702049577,-2.12438367474671E-5,0.000985541918950956));
#6400=CARTESIAN_POINT('',(0.0558553702049577,-2.12438367474671E-5,0.000985541918950956));
#6401=CARTESIAN_POINT('',(0.0558553702049577,-2.12438367474671E-5,0.00318797192929685));
#6402=CARTESIAN_POINT('',(0.055657116323313,7.94564287262128E-5,0.00318797192929685));
#6403=CARTESIAN_POINT('',(0.055657116323313,7.94564287262128E-5,0.000985541918950956));
#6404=CARTESIAN_POINT('',(0.0558258019391687,-7.94564287262128E-5,0.000985541918950956));
#6405=CARTESIAN_POINT('',(0.0558258019391687,-7.94564287262128E-5,0.000985541918950956));
#6406=CARTESIAN_POINT('',(0.0558258019391687,-7.94564287262128E-5,0.00318797192929685));
#6407=CARTESIAN_POINT('',(0.0565895373113155,0.0001,0.00379702098847649));
#6408=CARTESIAN_POINT('',(0.0581829182624817,0.0001,0.00379702098847649));
#6409=CARTESIAN_POINT('',(0.0581829182624817,0.0001,0.00318797192929685));
#6410=CARTESIAN_POINT('',(0.0556829182624817,2.52098548583991E-19,0.00318797192929685));
#6411=CARTESIAN_POINT('',(0.0558258019391687,-7.94564287262128E-5,0.00318797192929685));
#6412=CARTESIAN_POINT('',(0.0551022903654318,-0.000291898594722895,0.00318797192929685));
#6413=CARTESIAN_POINT('',(0.0549559073320676,-0.000334880531435292,0.00379702098847649));
#6414=CARTESIAN_POINT('',(0.0534270695051324,-0.000783787820829787,0.00379702098847649));
#6415=CARTESIAN_POINT('',(0.0534270695051324,-0.000783787820829787,0.00318797192929685));
#6416=CARTESIAN_POINT('',(0.0534270695051324,-0.000783787820829787,0.000985541918950956));
#6417=CARTESIAN_POINT('',(0.0558258019391687,-7.94564287262128E-5,0.000985541918950956));
#6418=CARTESIAN_POINT('',(0.0558258019391687,-7.94564287262128E-5,0.000985541918950956));
#6419=CARTESIAN_POINT('',(0.0534270695051324,-0.000783787820829787,0.000985541918950956));
#6420=CARTESIAN_POINT('',(0.0533988962494483,-0.000687838523468338,0.000985541918950956));
#6421=CARTESIAN_POINT('',(0.0556852895789971,-1.64928686352366E-5,0.000985541918950956));
#6422=CARTESIAN_POINT('',(0.0532865571449609,-0.000720824260738807,0.000985541918950963));
#6423=CARTESIAN_POINT('',(0.0532583838892768,-0.000624874963377358,0.000985541918950963));
#6424=CARTESIAN_POINT('',(0.0532583838892768,-0.000624874963377358,0.000985541918950963));
#6425=CARTESIAN_POINT('',(0.055657116323313,7.94564287262128E-5,0.000985541918950956));
#6426=CARTESIAN_POINT('',(0.0534270695051324,-0.000783787820829787,0.00318797192929685));
#6427=CARTESIAN_POINT('',(0.0534270695051324,-0.000783787820829787,0.00379702098847649));
#6428=CARTESIAN_POINT('',(0.0533988962494483,-0.000687838523468338,0.00379702098847649));
#6429=CARTESIAN_POINT('',(0.0533988962494483,-0.000687838523468338,0.00318797192929685));
#6430=CARTESIAN_POINT('',(0.0549559073320676,-0.000334880531435292,0.00379702098847649));
#6431=CARTESIAN_POINT('',(0.0549277340763835,-0.000238931234073843,0.00379702098847649));
#6432=CARTESIAN_POINT('',(0.0532583838892768,-0.000624874963377358,0.00318797192929685));
#6433=CARTESIAN_POINT('',(0.0532865571449609,-0.000720824260738807,0.00318797192929685));
#6434=CARTESIAN_POINT('',(0.0532865571449609,-0.000720824260738807,0.00379702098847649));
#6435=CARTESIAN_POINT('',(0.0532583838892768,-0.000624874963377358,0.00379702098847649));
#6436=CARTESIAN_POINT('',(0.0532583838892768,-0.000624874963377358,0.00379702098847649));
#6437=CARTESIAN_POINT('',(0.0532583838892768,-0.000624874963377358,0.00318797192929685));
#6438=CARTESIAN_POINT('',(0.054787221716212,-0.000175967673982865,0.00379702098847649));
#6439=CARTESIAN_POINT('',(0.054787221716212,-0.000175967673982865,0.00379702098847649));
#6440=CARTESIAN_POINT('',(0.0548153949718961,-0.000271916971344314,0.00379702098847649));
#6441=CARTESIAN_POINT('',(0.055657116323313,7.94564287262128E-5,0.00318797192929685));
#6442=CARTESIAN_POINT('',(0.0556852895789971,-1.64928686352366E-5,0.00318797192929685));
#6443=CARTESIAN_POINT('',(0.0558447709256451,-5.24757701426092E-5,0.00318797192929685));
#6444=CARTESIAN_POINT('',(0.0552104185289229,-0.000460149301289123,0.00318797192929685));
#6445=CARTESIAN_POINT('',(0.0550820744478816,-0.00054263103382491,0.00379702098847649));
#6446=CARTESIAN_POINT('',(0.0537416370935671,-0.0014040778137816,0.00379702098847649));
#6447=CARTESIAN_POINT('',(0.0537416370935671,-0.0014040778137816,0.00318797192929685));
#6448=CARTESIAN_POINT('',(0.0537416370935671,-0.0014040778137816,0.000985541918950956));
#6449=CARTESIAN_POINT('',(0.0558447709256451,-5.24757701426092E-5,0.000985541918950956));
#6450=CARTESIAN_POINT('',(0.0558447709256451,-5.24757701426092E-5,0.000985541918950956));
#6451=CARTESIAN_POINT('',(0.0537416370935671,-0.0014040778137816,0.000985541918950956));
#6452=CARTESIAN_POINT('',(0.0536875730118215,-0.00131995246049848,0.000985541918950956));
#6453=CARTESIAN_POINT('',(0.0556922114185822,-3.16495831405098E-5,0.000985541918950956));
#6454=CARTESIAN_POINT('',(0.0535890775865043,-0.0013832516267795,0.000985541918950963));
#6455=CARTESIAN_POINT('',(0.0535350135047587,-0.00129912627349639,0.000985541918950963));
#6456=CARTESIAN_POINT('',(0.0535350135047587,-0.00129912627349639,0.000985541918950963));
#6457=CARTESIAN_POINT('',(0.0556381473368366,5.24757701426092E-5,0.000985541918950956));
#6458=CARTESIAN_POINT('',(0.0537416370935671,-0.0014040778137816,0.00318797192929685));
#6459=CARTESIAN_POINT('',(0.0537416370935671,-0.0014040778137816,0.00379702098847649));
#6460=CARTESIAN_POINT('',(0.0536875730118215,-0.00131995246049848,0.00379702098847649));
#6461=CARTESIAN_POINT('',(0.0536875730118215,-0.00131995246049848,0.00318797192929685));
#6462=CARTESIAN_POINT('',(0.0550820744478816,-0.00054263103382491,0.00379702098847649));
#6463=CARTESIAN_POINT('',(0.055028010366136,-0.000458505680541791,0.00379702098847649));
#6464=CARTESIAN_POINT('',(0.0535350135047587,-0.00129912627349639,0.00318797192929685));
#6465=CARTESIAN_POINT('',(0.0535890775865043,-0.0013832516267795,0.00318797192929685));
#6466=CARTESIAN_POINT('',(0.0535890775865043,-0.0013832516267795,0.00379702098847649));
#6467=CARTESIAN_POINT('',(0.0535350135047587,-0.00129912627349639,0.00379702098847649));
#6468=CARTESIAN_POINT('',(0.0535350135047587,-0.00129912627349639,0.00379702098847649));
#6469=CARTESIAN_POINT('',(0.0535350135047587,-0.00129912627349639,0.00318797192929685));
#6470=CARTESIAN_POINT('',(0.0548754508590732,-0.000437679493539688,0.00379702098847649));
#6471=CARTESIAN_POINT('',(0.0548754508590732,-0.000437679493539688,0.00379702098847649));
#6472=CARTESIAN_POINT('',(0.0549295149408188,-0.000521804846822807,0.00379702098847649));
#6473=CARTESIAN_POINT('',(0.0556381473368366,5.24757701426092E-5,0.00318797192929685));
#6474=CARTESIAN_POINT('',(0.0556922114185822,-3.16495831405098E-5,0.00318797192929685));
#6475=CARTESIAN_POINT('',(0.0558553702049577,-2.12438367474671E-5,0.00318797192929685));
#6476=CARTESIAN_POINT('',(0.0553615684437938,-0.000591121448078187,0.00318797192929685));
#6477=CARTESIAN_POINT('',(0.0552616609892296,-0.000706420797005045,0.00379702098847649));
#6478=CARTESIAN_POINT('',(0.0542182183700945,-0.00191061777263312,0.00379702098847649));
#6479=CARTESIAN_POINT('',(0.0542182183700945,-0.00191061777263312,0.00318797192929685));
#6480=CARTESIAN_POINT('',(0.0542182183700945,-0.00191061777263312,0.000985541918950956));
#6481=CARTESIAN_POINT('',(0.0558553702049577,-2.12438367474671E-5,0.000985541918950956));
#6482=CARTESIAN_POINT('',(0.0558553702049577,-2.12438367474671E-5,0.000985541918950956));
#6483=CARTESIAN_POINT('',(0.0542182183700945,-0.00191061777263312,0.000985541918950956));
#6484=CARTESIAN_POINT('',(0.054142643412659,-0.00184513169923859,0.000985541918950956));
#6485=CARTESIAN_POINT('',(0.0557031230149594,-4.4242236647063E-5,0.000985541918950956));
#6486=CARTESIAN_POINT('',(0.0540659711800962,-0.00193361617253271,0.000985541918950963));
#6487=CARTESIAN_POINT('',(0.0539903962226608,-0.00186813009913818,0.000985541918950963));
#6488=CARTESIAN_POINT('',(0.0539903962226608,-0.00186813009913818,0.000985541918950963));
#6489=CARTESIAN_POINT('',(0.055627548057524,2.12438367474671E-5,0.000985541918950956));
#6490=CARTESIAN_POINT('',(0.0542182183700945,-0.00191061777263312,0.00318797192929685));
#6491=CARTESIAN_POINT('',(0.0542182183700945,-0.00191061777263312,0.00379702098847649));
#6492=CARTESIAN_POINT('',(0.054142643412659,-0.00184513169923859,0.00379702098847649));
#6493=CARTESIAN_POINT('',(0.054142643412659,-0.00184513169923859,0.00318797192929685));
#6494=CARTESIAN_POINT('',(0.0552616609892296,-0.000706420797005045,0.00379702098847649));
#6495=CARTESIAN_POINT('',(0.0551860860317942,-0.000640934723610515,0.00379702098847649));
#6496=CARTESIAN_POINT('',(0.0539903962226608,-0.00186813009913818,0.00318797192929685));
#6497=CARTESIAN_POINT('',(0.0540659711800962,-0.00193361617253271,0.00318797192929685));
#6498=CARTESIAN_POINT('',(0.0540659711800962,-0.00193361617253271,0.00379702098847649));
#6499=CARTESIAN_POINT('',(0.0539903962226608,-0.00186813009913818,0.00379702098847649));
#6500=CARTESIAN_POINT('',(0.0539903962226608,-0.00186813009913818,0.00379702098847649));
#6501=CARTESIAN_POINT('',(0.0539903962226608,-0.00186813009913818,0.00318797192929685));
#6502=CARTESIAN_POINT('',(0.055033838841796,-0.000663933123510103,0.00379702098847649));
#6503=CARTESIAN_POINT('',(0.055033838841796,-0.000663933123510103,0.00379702098847649));
#6504=CARTESIAN_POINT('',(0.0551094137992314,-0.000729419196904634,0.00379702098847649));
#6505=CARTESIAN_POINT('',(0.055627548057524,2.12438367474671E-5,0.00318797192929685));
#6506=CARTESIAN_POINT('',(0.0557031230149594,-4.4242236647063E-5,0.00318797192929685));
#6507=CARTESIAN_POINT('',(0.055856741086533,1.17091459589935E-5,0.00318797192929685));
#6508=CARTESIAN_POINT('',(0.0555434948428647,-0.000674204450678523,0.00318797192929685));
#6509=CARTESIAN_POINT('',(0.055480117922574,-0.000812980548458075,0.00379702098847649));
#6510=CARTESIAN_POINT('',(0.0548182035540283,-0.00226237084242731,0.00379702098847649));
#6511=CARTESIAN_POINT('',(0.0548182035540283,-0.00226237084242731,0.00318797192929685));
#6512=CARTESIAN_POINT('',(0.0548182035540283,-0.00226237084242731,0.000985541918950956));
#6513=CARTESIAN_POINT('',(0.055856741086533,1.17091459589935E-5,0.000985541918950956));
#6514=CARTESIAN_POINT('',(0.055856741086533,1.17091459589935E-5,0.000985541918950956));
#6515=CARTESIAN_POINT('',(0.0548182035540283,-0.00226237084242731,0.000985541918950956));
#6516=CARTESIAN_POINT('',(0.0547272403544929,-0.00222082934112712,0.000985541918950956));
#6517=CARTESIAN_POINT('',(0.0557171403754841,-5.32506472591815E-5,0.000985541918950956));
#6518=CARTESIAN_POINT('',(0.0546786028429794,-0.00232733063564547,0.000985541918950963));
#6519=CARTESIAN_POINT('',(0.0545876396434439,-0.00228578913434528,0.000985541918950963));
#6520=CARTESIAN_POINT('',(0.0545876396434439,-0.00228578913434528,0.000985541918950963));
#6521=CARTESIAN_POINT('',(0.0556261771759487,-1.17091459589935E-5,0.000985541918950956));
#6522=CARTESIAN_POINT('',(0.0548182035540283,-0.00226237084242731,0.00318797192929685));
#6523=CARTESIAN_POINT('',(0.0548182035540283,-0.00226237084242731,0.00379702098847649));
#6524=CARTESIAN_POINT('',(0.0547272403544929,-0.00222082934112712,0.00379702098847649));
#6525=CARTESIAN_POINT('',(0.0547272403544929,-0.00222082934112712,0.00318797192929685));
#6526=CARTESIAN_POINT('',(0.055480117922574,-0.000812980548458075,0.00379702098847649));
#6527=CARTESIAN_POINT('',(0.0553891547230385,-0.000771439047157888,0.00379702098847649));
#6528=CARTESIAN_POINT('',(0.0545876396434439,-0.00228578913434528,0.00318797192929685));
#6529=CARTESIAN_POINT('',(0.0546786028429794,-0.00232733063564547,0.00318797192929685));
#6530=CARTESIAN_POINT('',(0.0546786028429794,-0.00232733063564547,0.00379702098847649));
#6531=CARTESIAN_POINT('',(0.0545876396434439,-0.00228578913434528,0.00379702098847649));
#6532=CARTESIAN_POINT('',(0.0545876396434439,-0.00228578913434528,0.00379702098847649));
#6533=CARTESIAN_POINT('',(0.0545876396434439,-0.00228578913434528,0.00318797192929685));
#6534=CARTESIAN_POINT('',(0.0552495540119896,-0.000836398840376056,0.00379702098847649));
#6535=CARTESIAN_POINT('',(0.0552495540119896,-0.000836398840376056,0.00379702098847649));
#6536=CARTESIAN_POINT('',(0.0553405172115251,-0.000877940341676244,0.00379702098847649));
#6537=CARTESIAN_POINT('',(0.0556261771759487,-1.17091459589935E-5,0.00318797192929685));
#6538=CARTESIAN_POINT('',(0.0557171403754841,-5.32506472591815E-5,0.00318797192929685));
#6539=CARTESIAN_POINT('',(0.0558487725096988,4.37135232968233E-5,0.00318797192929685));
#6540=CARTESIAN_POINT('',(0.0557414591312408,-0.000702667418333202,0.00318797192929685));
#6541=CARTESIAN_POINT('',(0.0557197471663885,-0.00085367745085653,0.00379702098847649));
#6542=CARTESIAN_POINT('',(0.0554929854140156,-0.00243084008140551,0.00379702098847649));
#6543=CARTESIAN_POINT('',(0.0554929854140156,-0.00243084008140551,0.00318797192929685));
#6544=CARTESIAN_POINT('',(0.0554929854140156,-0.00243084008140551,0.000985541918950956));
#6545=CARTESIAN_POINT('',(0.0558487725096988,4.37135232968233E-5,0.000985541918950956));
#6546=CARTESIAN_POINT('',(0.0558487725096988,4.37135232968233E-5,0.000985541918950956));
#6547=CARTESIAN_POINT('',(0.0554929854140156,-0.00243084008140551,0.000985541918950956));
#6548=CARTESIAN_POINT('',(0.0553940032698275,-0.00241660859757818,0.000985541918950956));
#6549=CARTESIAN_POINT('',(0.055733127896971,-5.79450071241522E-5,0.000985541918950956));
#6550=CARTESIAN_POINT('',(0.0553773408012878,-0.00253249861182648,0.000985541918950963));
#6551=CARTESIAN_POINT('',(0.0552783586570997,-0.00251826712799915,0.000985541918950963));
#6552=CARTESIAN_POINT('',(0.0552783586570997,-0.00251826712799915,0.000985541918950963));
#6553=CARTESIAN_POINT('',(0.0556341457527829,-4.37135232968233E-5,0.000985541918950956));
#6554=CARTESIAN_POINT('',(0.0554929854140156,-0.00243084008140551,0.00318797192929685));
#6555=CARTESIAN_POINT('',(0.0554929854140156,-0.00243084008140551,0.00379702098847649));
#6556=CARTESIAN_POINT('',(0.0553940032698275,-0.00241660859757818,0.00379702098847649));
#6557=CARTESIAN_POINT('',(0.0553940032698275,-0.00241660859757818,0.00318797192929685));
#6558=CARTESIAN_POINT('',(0.0557197471663885,-0.00085367745085653,0.00379702098847649));
#6559=CARTESIAN_POINT('',(0.0556207650222004,-0.000839445967029201,0.00379702098847649));
#6560=CARTESIAN_POINT('',(0.0552783586570997,-0.00251826712799915,0.00318797192929685));
#6561=CARTESIAN_POINT('',(0.0553773408012878,-0.00253249861182648,0.00318797192929685));
#6562=CARTESIAN_POINT('',(0.0553773408012878,-0.00253249861182648,0.00379702098847649));
#6563=CARTESIAN_POINT('',(0.0552783586570997,-0.00251826712799915,0.00379702098847649));
#6564=CARTESIAN_POINT('',(0.0552783586570997,-0.00251826712799915,0.00379702098847649));
#6565=CARTESIAN_POINT('',(0.0552783586570997,-0.00251826712799915,0.00318797192929685));
#6566=CARTESIAN_POINT('',(0.0555051204094727,-0.000941104497450169,0.00379702098847649));
#6567=CARTESIAN_POINT('',(0.0555051204094727,-0.000941104497450169,0.00379702098847649));
#6568=CARTESIAN_POINT('',(0.0556041025536608,-0.000955335981277498,0.00379702098847649));
#6569=CARTESIAN_POINT('',(0.0556341457527829,-4.37135232968233E-5,0.00318797192929685));
#6570=CARTESIAN_POINT('',(0.055733127896971,-5.79450071241522E-5,0.00318797192929685));
#6571=CARTESIAN_POINT('',(0.0558321100411591,7.2176490951481E-5,0.00318797192929685));
#6572=CARTESIAN_POINT('',(0.055939423419617,-0.000674204450678602,0.00318797192929685));
#6573=CARTESIAN_POINT('',(0.0559611353844694,-0.000825214483201872,0.00379702098847649));
#6574=CARTESIAN_POINT('',(0.0561878971368423,-0.00240237711375085,0.00379702098847649));
#6575=CARTESIAN_POINT('',(0.0561878971368423,-0.00240237711375085,0.00318797192929685));
#6576=CARTESIAN_POINT('',(0.0561878971368423,-0.00240237711375085,0.000985541918950956));
#6577=CARTESIAN_POINT('',(0.0558321100411591,7.2176490951481E-5,0.000985541918950956));
#6578=CARTESIAN_POINT('',(0.0558321100411591,7.2176490951481E-5,0.000985541918950956));
#6579=CARTESIAN_POINT('',(0.0561878971368423,-0.00240237711375085,0.000985541918950956));
#6580=CARTESIAN_POINT('',(0.0560889149926542,-0.00241660859757818,0.000985541918950956));
#6581=CARTESIAN_POINT('',(0.0557497903655107,-5.79450071241522E-5,0.000985541918950956));
#6582=CARTESIAN_POINT('',(0.0561055774611939,-0.00253249861182648,0.000985541918950963));
#6583=CARTESIAN_POINT('',(0.0560065953170058,-0.00254673009565381,0.000985541918950963));
#6584=CARTESIAN_POINT('',(0.0560065953170058,-0.00254673009565381,0.000985541918950963));
#6585=CARTESIAN_POINT('',(0.0556508082213226,-7.2176490951481E-5,0.000985541918950956));
#6586=CARTESIAN_POINT('',(0.0561878971368423,-0.00240237711375085,0.00318797192929685));
#6587=CARTESIAN_POINT('',(0.0561878971368423,-0.00240237711375085,0.00379702098847649));
#6588=CARTESIAN_POINT('',(0.0560889149926542,-0.00241660859757818,0.00379702098847649));
#6589=CARTESIAN_POINT('',(0.0560889149926542,-0.00241660859757818,0.00318797192929685));
#6590=CARTESIAN_POINT('',(0.0559611353844694,-0.000825214483201872,0.00379702098847649));
#6591=CARTESIAN_POINT('',(0.0558621532402813,-0.000839445967029201,0.00379702098847649));
#6592=CARTESIAN_POINT('',(0.0560065953170058,-0.00254673009565381,0.00318797192929685));
#6593=CARTESIAN_POINT('',(0.0561055774611939,-0.00253249861182648,0.00318797192929685));
#6594=CARTESIAN_POINT('',(0.0561055774611939,-0.00253249861182648,0.00379702098847649));
#6595=CARTESIAN_POINT('',(0.0560065953170058,-0.00254673009565381,0.00379702098847649));
#6596=CARTESIAN_POINT('',(0.0560065953170058,-0.00254673009565381,0.00379702098847649));
#6597=CARTESIAN_POINT('',(0.0560065953170058,-0.00254673009565381,0.00318797192929685));
#6598=CARTESIAN_POINT('',(0.0557798335646329,-0.000969567465104827,0.00379702098847649));
#6599=CARTESIAN_POINT('',(0.0557798335646329,-0.000969567465104827,0.00379702098847649));
#6600=CARTESIAN_POINT('',(0.0558788157088209,-0.000955335981277498,0.00379702098847649));
#6601=CARTESIAN_POINT('',(0.0556508082213226,-7.2176490951481E-5,0.00318797192929685));
#6602=CARTESIAN_POINT('',(0.0557497903655107,-5.79450071241522E-5,0.00318797192929685));
#6603=CARTESIAN_POINT('',(0.0558081035750196,9.47921485593695E-5,0.00318797192929685));
#6604=CARTESIAN_POINT('',(0.0561213498186879,-0.000591121448078204,0.00318797192929685));
#6605=CARTESIAN_POINT('',(0.0561847267389786,-0.0007298975458577,0.00379702098847649));
#6606=CARTESIAN_POINT('',(0.0568466411075243,-0.00217928783982693,0.00379702098847649));
#6607=CARTESIAN_POINT('',(0.0568466411075243,-0.00217928783982693,0.00318797192929685));
#6608=CARTESIAN_POINT('',(0.0568466411075243,-0.00217928783982693,0.000985541918950956));
#6609=CARTESIAN_POINT('',(0.0558081035750196,9.47921485593695E-5,0.000985541918950956));
#6610=CARTESIAN_POINT('',(0.0558081035750196,9.47921485593695E-5,0.000985541918950956));
#6611=CARTESIAN_POINT('',(0.0568466411075243,-0.00217928783982693,0.000985541918950956));
#6612=CARTESIAN_POINT('',(0.0567556779079888,-0.00222082934112712,0.000985541918950956));
#6613=CARTESIAN_POINT('',(0.0557657778869976,-5.32506472591815E-5,0.000985541918950956));
#6614=CARTESIAN_POINT('',(0.0568043154195023,-0.00232733063564547,0.000985541918950963));
#6615=CARTESIAN_POINT('',(0.0567133522199668,-0.00236887213694566,0.000985541918950963));
#6616=CARTESIAN_POINT('',(0.0567133522199668,-0.00236887213694566,0.000985541918950963));
#6617=CARTESIAN_POINT('',(0.0556748146874621,-9.47921485593695E-5,0.000985541918950956));
#6618=CARTESIAN_POINT('',(0.0568466411075243,-0.00217928783982693,0.00318797192929685));
#6619=CARTESIAN_POINT('',(0.0568466411075243,-0.00217928783982693,0.00379702098847649));
#6620=CARTESIAN_POINT('',(0.0567556779079888,-0.00222082934112712,0.00379702098847649));
#6621=CARTESIAN_POINT('',(0.0567556779079888,-0.00222082934112712,0.00318797192929685));
#6622=CARTESIAN_POINT('',(0.0561847267389786,-0.0007298975458577,0.00379702098847649));
#6623=CARTESIAN_POINT('',(0.0560937635394432,-0.000771439047157888,0.00379702098847649));
#6624=CARTESIAN_POINT('',(0.0567133522199668,-0.00236887213694566,0.00318797192929685));
#6625=CARTESIAN_POINT('',(0.0568043154195023,-0.00232733063564547,0.00318797192929685));
#6626=CARTESIAN_POINT('',(0.0568043154195023,-0.00232733063564547,0.00379702098847649));
#6627=CARTESIAN_POINT('',(0.0567133522199668,-0.00236887213694566,0.00379702098847649));
#6628=CARTESIAN_POINT('',(0.0567133522199668,-0.00236887213694566,0.00379702098847649));
#6629=CARTESIAN_POINT('',(0.0567133522199668,-0.00236887213694566,0.00318797192929685));
#6630=CARTESIAN_POINT('',(0.0560514378514212,-0.000919481842976431,0.00379702098847649));
#6631=CARTESIAN_POINT('',(0.0560514378514212,-0.000919481842976431,0.00379702098847649));
#6632=CARTESIAN_POINT('',(0.0561424010509566,-0.000877940341676244,0.00379702098847649));
#6633=CARTESIAN_POINT('',(0.0556748146874621,-9.47921485593695E-5,0.00318797192929685));
#6634=CARTESIAN_POINT('',(0.0557657778869976,-5.32506472591815E-5,0.00318797192929685));
#6635=CARTESIAN_POINT('',(0.0557786979723949,0.000109728310041593,0.00318797192929685));
#6636=CARTESIAN_POINT('',(0.0562724997335588,-0.000460149301289144,0.00318797192929685));
#6637=CARTESIAN_POINT('',(0.0563724071881229,-0.000575448650215985,0.00379702098847649));
#6638=CARTESIAN_POINT('',(0.0574158498072581,-0.00177964562584406,0.00379702098847649));
#6639=CARTESIAN_POINT('',(0.0574158498072581,-0.00177964562584406,0.00318797192929685));
#6640=CARTESIAN_POINT('',(0.0574158498072581,-0.00177964562584406,0.000985541918950956));
#6641=CARTESIAN_POINT('',(0.0557786979723949,0.000109728310041593,0.000985541918950956));
#6642=CARTESIAN_POINT('',(0.0557786979723949,0.000109728310041593,0.000985541918950956));
#6643=CARTESIAN_POINT('',(0.0574158498072581,-0.00177964562584406,0.000985541918950956));
#6644=CARTESIAN_POINT('',(0.0573402748498226,-0.00184513169923859,0.000985541918950956));
#6645=CARTESIAN_POINT('',(0.0557797952475223,-4.4242236647063E-5,0.000985541918950956));
#6646=CARTESIAN_POINT('',(0.0574169470823855,-0.00193361617253271,0.000985541918950963));
#6647=CARTESIAN_POINT('',(0.05734137212495,-0.00199910224592724,0.000985541918950963));
#6648=CARTESIAN_POINT('',(0.05734137212495,-0.00199910224592724,0.000985541918950963));
#6649=CARTESIAN_POINT('',(0.0557042202900868,-0.000109728310041593,0.000985541918950956));
#6650=CARTESIAN_POINT('',(0.0574158498072581,-0.00177964562584406,0.00318797192929685));
#6651=CARTESIAN_POINT('',(0.0574158498072581,-0.00177964562584406,0.00379702098847649));
#6652=CARTESIAN_POINT('',(0.0573402748498226,-0.00184513169923859,0.00379702098847649));
#6653=CARTESIAN_POINT('',(0.0573402748498226,-0.00184513169923859,0.00318797192929685));
#6654=CARTESIAN_POINT('',(0.0563724071881229,-0.000575448650215985,0.00379702098847649));
#6655=CARTESIAN_POINT('',(0.0562968322306875,-0.000640934723610515,0.00379702098847649));
#6656=CARTESIAN_POINT('',(0.05734137212495,-0.00199910224592724,0.00318797192929685));
#6657=CARTESIAN_POINT('',(0.0574169470823855,-0.00193361617253271,0.00318797192929685));
#6658=CARTESIAN_POINT('',(0.0574169470823855,-0.00193361617253271,0.00379702098847649));
#6659=CARTESIAN_POINT('',(0.05734137212495,-0.00199910224592724,0.00379702098847649));
#6660=CARTESIAN_POINT('',(0.05734137212495,-0.00199910224592724,0.00379702098847649));
#6661=CARTESIAN_POINT('',(0.05734137212495,-0.00199910224592724,0.00318797192929685));
#6662=CARTESIAN_POINT('',(0.0562979295058149,-0.000794905270299164,0.00379702098847649));
#6663=CARTESIAN_POINT('',(0.0562979295058149,-0.000794905270299164,0.00379702098847649));
#6664=CARTESIAN_POINT('',(0.0563735044632503,-0.000729419196904634,0.00379702098847649));
#6665=CARTESIAN_POINT('',(0.0557042202900868,-0.000109728310041593,0.00318797192929685));
#6666=CARTESIAN_POINT('',(0.0557797952475223,-4.4242236647063E-5,0.00318797192929685));
#6667=CARTESIAN_POINT('',(0.0557462755003278,0.000115774936423632,0.00318797192929685));
#6668=CARTESIAN_POINT('',(0.0563806278970499,-0.000291898594722901,0.00318797192929685));
#6669=CARTESIAN_POINT('',(0.0565089719780912,-0.000374380327258669,0.00379702098847649));
#6670=CARTESIAN_POINT('',(0.0578494093324057,-0.00123582710721536,0.00379702098847649));
#6671=CARTESIAN_POINT('',(0.0578494093324057,-0.00123582710721536,0.00318797192929685));
#6672=CARTESIAN_POINT('',(0.0578494093324057,-0.00123582710721536,0.000985541918950956));
#6673=CARTESIAN_POINT('',(0.0557462755003278,0.000115774936423632,0.000985541918950956));
#6674=CARTESIAN_POINT('',(0.0557462755003278,0.000115774936423632,0.000985541918950956));
#6675=CARTESIAN_POINT('',(0.0578494093324057,-0.00123582710721536,0.000985541918950956));
#6676=CARTESIAN_POINT('',(0.0577953452506601,-0.00131995246049848,0.000985541918950956));
#6677=CARTESIAN_POINT('',(0.0557907068438995,-3.16495831405132E-5,0.000985541918950956));
#6678=CARTESIAN_POINT('',(0.0578938406759774,-0.0013832516267795,0.000985541918950963));
#6679=CARTESIAN_POINT('',(0.0578397765942319,-0.00146737698006262,0.000985541918950963));
#6680=CARTESIAN_POINT('',(0.0578397765942319,-0.00146737698006262,0.000985541918950963));
#6681=CARTESIAN_POINT('',(0.0557366427621539,-0.000115774936423632,0.000985541918950956));
#6682=CARTESIAN_POINT('',(0.0578494093324057,-0.00123582710721536,0.00318797192929685));
#6683=CARTESIAN_POINT('',(0.0578494093324057,-0.00123582710721536,0.00379702098847649));
#6684=CARTESIAN_POINT('',(0.0577953452506601,-0.00131995246049848,0.00379702098847649));
#6685=CARTESIAN_POINT('',(0.0577953452506601,-0.00131995246049848,0.00318797192929685));
#6686=CARTESIAN_POINT('',(0.0565089719780912,-0.000374380327258669,0.00379702098847649));
#6687=CARTESIAN_POINT('',(0.0564549078963456,-0.000458505680541788,0.00379702098847649));
#6688=CARTESIAN_POINT('',(0.0578397765942319,-0.00146737698006262,0.00318797192929685));
#6689=CARTESIAN_POINT('',(0.0578938406759774,-0.0013832516267795,0.00318797192929685));
#6690=CARTESIAN_POINT('',(0.0578938406759774,-0.0013832516267795,0.00379702098847649));
#6691=CARTESIAN_POINT('',(0.0578397765942319,-0.00146737698006262,0.00379702098847649));
#6692=CARTESIAN_POINT('',(0.0578397765942319,-0.00146737698006262,0.00379702098847649));
#6693=CARTESIAN_POINT('',(0.0578397765942319,-0.00146737698006262,0.00318797192929685));
#6694=CARTESIAN_POINT('',(0.0564993392399174,-0.000605930200105929,0.00379702098847649));
#6695=CARTESIAN_POINT('',(0.0564993392399174,-0.000605930200105929,0.00379702098847649));
#6696=CARTESIAN_POINT('',(0.0565534033216629,-0.000521804846822811,0.00379702098847649));
#6697=CARTESIAN_POINT('',(0.0557366427621539,-0.000115774936423632,0.00318797192929685));
#6698=CARTESIAN_POINT('',(0.0557907068438995,-3.16495831405132E-5,0.00318797192929685));
#6699=CARTESIAN_POINT('',(0.0557134628346813,0.000112442165996686,0.00318797192929685));
#6700=CARTESIAN_POINT('',(0.0565833574417823,-0.000142981936712394,0.00379702098847649));
#6701=CARTESIAN_POINT('',(0.0581121952687175,-0.000591889226106888,0.00379702098847649));
#6702=CARTESIAN_POINT('',(0.0581121952687175,-0.000591889226106888,0.00318797192929685));
#6703=CARTESIAN_POINT('',(0.0581121952687175,-0.000591889226106888,0.000985541918950956));
#6704=CARTESIAN_POINT('',(0.0557134628346813,0.000112442165996686,0.000985541918950956));
#6705=CARTESIAN_POINT('',(0.0557134628346813,0.000112442165996686,0.000985541918950956));
#6706=CARTESIAN_POINT('',(0.0581121952687175,-0.000591889226106888,0.000985541918950956));
#6707=CARTESIAN_POINT('',(0.0580840220130334,-0.000687838523468338,0.000985541918950956));
#6708=CARTESIAN_POINT('',(0.0557976286834845,-1.64928686352366E-5,0.000985541918950956));
#6709=CARTESIAN_POINT('',(0.0581963611175208,-0.000720824260738811,0.000985541918950963));
#6710=CARTESIAN_POINT('',(0.0581681878618367,-0.00081677355810026,0.000985541918950963));
#6711=CARTESIAN_POINT('',(0.0581681878618367,-0.00081677355810026,0.000985541918950963));
#6712=CARTESIAN_POINT('',(0.0557694554278004,-0.000112442165996686,0.000985541918950956));
#6713=CARTESIAN_POINT('',(0.0581121952687175,-0.000591889226106888,0.00318797192929685));
#6714=CARTESIAN_POINT('',(0.0581121952687175,-0.000591889226106888,0.00379702098847649));
#6715=CARTESIAN_POINT('',(0.0580840220130334,-0.000687838523468338,0.00379702098847649));
#6716=CARTESIAN_POINT('',(0.0580840220130334,-0.000687838523468338,0.00318797192929685));
#6717=CARTESIAN_POINT('',(0.0565833574417823,-0.000142981936712394,0.00379702098847649));
#6718=CARTESIAN_POINT('',(0.0565551841860982,-0.000238931234073843,0.00379702098847649));
#6719=CARTESIAN_POINT('',(0.0557694554278004,-0.000112442165996686,0.00318797192929685));
#6720=CARTESIAN_POINT('',(0.0581681878618367,-0.00081677355810026,0.00318797192929685));
#6721=CARTESIAN_POINT('',(0.0581681878618367,-0.00081677355810026,0.00379702098847649));
#6722=CARTESIAN_POINT('',(0.0566393500349015,-0.000367866268705764,0.00379702098847649));
#6723=CARTESIAN_POINT('',(0.0566393500349015,-0.000367866268705764,0.00379702098847649));
#6724=CARTESIAN_POINT('',(0.0581681878618367,-0.00081677355810026,0.00379702098847649));
#6725=CARTESIAN_POINT('',(0.0581963611175208,-0.000720824260738811,0.00379702098847649));
#6726=CARTESIAN_POINT('',(0.0566675232905856,-0.000271916971344314,0.00379702098847649));
#6727=CARTESIAN_POINT('',(0.0581681878618367,-0.00081677355810026,0.00318797192929685));
#6728=CARTESIAN_POINT('',(0.0581963611175208,-0.000720824260738811,0.00318797192929685));
#6729=CARTESIAN_POINT('',(0.0557976286834845,-1.64928686352366E-5,0.00318797192929685));
#6730=MECHANICAL_DESIGN_GEOMETRIC_PRESENTATION_REPRESENTATION('',(#4058),
#6731);
#6731=(
GEOMETRIC_REPRESENTATION_CONTEXT(3)
GLOBAL_UNCERTAINTY_ASSIGNED_CONTEXT((#6732))
GLOBAL_UNIT_ASSIGNED_CONTEXT((#6735,#6734,#6733))
REPRESENTATION_CONTEXT('PlantTop1','TOP_LEVEL_ASSEMBLY_PART')
);
#6732=UNCERTAINTY_MEASURE_WITH_UNIT(LENGTH_MEASURE(1.E-8),#6735,
'DISTANCE_ACCURACY_VALUE','Maximum Tolerance applied to model');
#6733=(
NAMED_UNIT(*)
SI_UNIT($,.STERADIAN.)
SOLID_ANGLE_UNIT()
);
#6734=(
NAMED_UNIT(*)
PLANE_ANGLE_UNIT()
SI_UNIT($,.RADIAN.)
);
#6735=(
LENGTH_UNIT()
NAMED_UNIT(*)
SI_UNIT($,.METRE.)
);
#6736=PRODUCT_DEFINITION_SHAPE('','',#6737);
#6737=PRODUCT_DEFINITION('','',#6739,#6738);
#6738=PRODUCT_DEFINITION_CONTEXT('',#6745,'design');
#6739=PRODUCT_DEFINITION_FORMATION_WITH_SPECIFIED_SOURCE('','',#6741,
 .NOT_KNOWN.);
#6740=PRODUCT_RELATED_PRODUCT_CATEGORY('','',(#6741));
#6741=PRODUCT('PlantTop1','PlantTop1','PlantTop1',(#6743));
#6742=PRODUCT_CATEGORY('','');
#6743=PRODUCT_CONTEXT('',#6745,'mechanical');
#6744=APPLICATION_PROTOCOL_DEFINITION('international standard',
'ap242_managed_model_based_3d_engineering',2020,#6745);
#6745=APPLICATION_CONTEXT('managed model based 3d engineering');
ENDSEC;
END-ISO-10303-21;
