ISO-10303-21;
HEADER;
/* Generated by software containing ST-Developer
 * from STEP Tools, Inc. (www.steptools.com) 
 */
/* OPTION: using custom renumber hook */

FILE_DESCRIPTION(
/* description */ ('STEP AP242 Edition 2',
'CAx-IF Rec.Pracs.---Representation and Presentation of Product Manufa
cturing Information (PMI)---4.0---2014-10-13',
'CAx-IF Rec.Pracs.---3D Tessellated Geometry---0.4---2014-09-14','2;1',
'CAx-IF Rec.Pracs.---User Defined Attributes---1.5---2016-08-15'),
/* implementation_level */ '2;1');

FILE_NAME(
/* name */ 'Assembly 1 - Bed',
/* time_stamp */ '2026-09-04T01:58:22Z',
/* author */ (''),
/* organization */ (''),
/* preprocessor_version */ 'ST-DEVELOPER v20',
/* originating_system */ 'ONSHAPE BY PTC INC, 1.220',
/* authorisation */ '  ');

FILE_SCHEMA (('AP242_MANAGED_MODEL_BASED_3D_ENGINEERING_MIM_LF { 1 0 10303 442 3 1 4 }'));
ENDSEC;

DATA;
#10=SHAPE_REPRESENTATION_RELATIONSHIP('','',#1839,#11);
#11=ADVANCED_BREP_SHAPE_REPRESENTATION('',(#1837),#3185);
#12=SPHERICAL_SURFACE('',#1886,0.00072426);
#13=SPHERICAL_SURFACE('',#1888,0.00072426);
#14=SPHERICAL_SURFACE('',#1899,0.00072426);
#15=SPHERICAL_SURFACE('',#1909,0.00072426);
#16=SPHERICAL_SURFACE('',#1915,0.00072426);
#17=SPHERICAL_SURFACE('',#1926,0.00072426);
#18=SPHERICAL_SURFACE('',#1930,0.00072426);
#19=SPHERICAL_SURFACE('',#1950,0.00072426);
#20=SPHERICAL_SURFACE('',#1952,0.00072426);
#21=SPHERICAL_SURFACE('',#1955,0.00072426);
#22=SPHERICAL_SURFACE('',#1957,0.00072426);
#23=SPHERICAL_SURFACE('',#1976,0.00072426);
#24=SPHERICAL_SURFACE('',#1980,0.00072426);
#25=SPHERICAL_SURFACE('',#1986,0.00072426);
#26=SPHERICAL_SURFACE('',#1990,0.00072426);
#27=SPHERICAL_SURFACE('',#2012,0.00072426);
#28=SPHERICAL_SURFACE('',#2014,0.00072426);
#29=SPHERICAL_SURFACE('',#2016,0.00072426);
#30=SPHERICAL_SURFACE('',#2018,0.00072426);
#31=SPHERICAL_SURFACE('',#2030,0.00072426);
#32=SPHERICAL_SURFACE('',#2032,0.00072426);
#33=SPHERICAL_SURFACE('',#2047,0.00072426);
#34=SPHERICAL_SURFACE('',#2049,0.00072426);
#35=SPHERICAL_SURFACE('',#2057,0.00072426);
#36=ELLIPSE('',#1885,0.00102425831468434,0.00072426);
#37=ELLIPSE('',#1896,0.00102425831468434,0.00072426);
#38=ELLIPSE('',#1902,0.00102425831468434,0.00072426);
#39=ELLIPSE('',#1907,0.00102425831468434,0.00072426);
#40=ELLIPSE('',#1912,0.00102425831468434,0.00072426);
#41=ELLIPSE('',#1922,0.00102425831468434,0.00072426);
#42=ELLIPSE('',#1925,0.00102425831468434,0.00072426);
#43=ELLIPSE('',#1929,0.00102425831468434,0.00072426);
#44=ELLIPSE('',#1936,0.00102425831468434,0.00072426);
#45=ELLIPSE('',#1947,0.00102425831468434,0.00072426);
#46=ELLIPSE('',#1949,0.00102425831468434,0.00072426);
#47=ELLIPSE('',#1962,0.00102425831468434,0.00072426);
#48=ELLIPSE('',#1968,0.00102425831468434,0.00072426);
#49=ELLIPSE('',#1970,0.00102425831468434,0.00072426);
#50=ELLIPSE('',#1983,0.00102425831468434,0.00072426);
#51=ELLIPSE('',#1985,0.00102425831468434,0.00072426);
#52=ELLIPSE('',#1989,0.00102425831468434,0.00072426);
#53=ELLIPSE('',#2001,0.00102425831468434,0.00072426);
#54=ELLIPSE('',#2011,0.00102425831468434,0.00072426);
#55=ELLIPSE('',#2029,0.00102425831468434,0.00072426);
#56=ELLIPSE('',#2035,0.00102425831468434,0.00072426);
#57=ELLIPSE('',#2037,0.00102425831468434,0.00072426);
#58=ELLIPSE('',#2046,0.00102425831468434,0.00072426);
#59=ELLIPSE('',#2056,0.00102425831468434,0.00072426);
#60=CYLINDRICAL_SURFACE('',#1880,0.00072426);
#61=CYLINDRICAL_SURFACE('',#1883,0.00072426);
#62=CYLINDRICAL_SURFACE('',#1891,0.00072426);
#63=CYLINDRICAL_SURFACE('',#1893,0.00072426);
#64=CYLINDRICAL_SURFACE('',#1895,0.00072426);
#65=CYLINDRICAL_SURFACE('',#1897,0.00072426);
#66=CYLINDRICAL_SURFACE('',#1901,0.00072426);
#67=CYLINDRICAL_SURFACE('',#1903,0.00072426);
#68=CYLINDRICAL_SURFACE('',#1906,0.00072426);
#69=CYLINDRICAL_SURFACE('',#1911,0.00072426);
#70=CYLINDRICAL_SURFACE('',#1913,0.00072426);
#71=CYLINDRICAL_SURFACE('',#1917,0.00072426);
#72=CYLINDRICAL_SURFACE('',#1919,0.00072426);
#73=CYLINDRICAL_SURFACE('',#1921,0.00072426);
#74=CYLINDRICAL_SURFACE('',#1923,0.00072426);
#75=CYLINDRICAL_SURFACE('',#1928,0.00072426);
#76=CYLINDRICAL_SURFACE('',#1932,0.00072426);
#77=CYLINDRICAL_SURFACE('',#1934,0.00072426);
#78=CYLINDRICAL_SURFACE('',#1937,0.00072426);
#79=CYLINDRICAL_SURFACE('',#1939,0.00072426);
#80=CYLINDRICAL_SURFACE('',#1941,0.00072426);
#81=CYLINDRICAL_SURFACE('',#1944,0.00072426);
#82=CYLINDRICAL_SURFACE('',#1946,0.00072426);
#83=CYLINDRICAL_SURFACE('',#1948,0.00072426);
#84=CYLINDRICAL_SURFACE('',#1959,0.00072426);
#85=CYLINDRICAL_SURFACE('',#1961,0.00072426);
#86=CYLINDRICAL_SURFACE('',#1963,0.00072426);
#87=CYLINDRICAL_SURFACE('',#1965,0.00072426);
#88=CYLINDRICAL_SURFACE('',#1967,0.00072426);
#89=CYLINDRICAL_SURFACE('',#1969,0.00072426);
#90=CYLINDRICAL_SURFACE('',#1971,0.00072426);
#91=CYLINDRICAL_SURFACE('',#1973,0.00072426);
#92=CYLINDRICAL_SURFACE('',#1978,0.00072426);
#93=CYLINDRICAL_SURFACE('',#1982,0.00072426);
#94=CYLINDRICAL_SURFACE('',#1984,0.00072426);
#95=CYLINDRICAL_SURFACE('',#1988,0.00072426);
#96=CYLINDRICAL_SURFACE('',#1993,0.00072426);
#97=CYLINDRICAL_SURFACE('',#1995,0.00072426);
#98=CYLINDRICAL_SURFACE('',#1997,0.00072426);
#99=CYLINDRICAL_SURFACE('',#1999,0.00072426);
#100=CYLINDRICAL_SURFACE('',#2002,0.00072426);
#101=CYLINDRICAL_SURFACE('',#2004,0.00072426);
#102=CYLINDRICAL_SURFACE('',#2006,0.00072426);
#103=CYLINDRICAL_SURFACE('',#2008,0.00072426);
#104=CYLINDRICAL_SURFACE('',#2010,0.00072426);
#105=CYLINDRICAL_SURFACE('',#2020,0.00072426);
#106=CYLINDRICAL_SURFACE('',#2022,0.00072426);
#107=CYLINDRICAL_SURFACE('',#2024,0.00072426);
#108=CYLINDRICAL_SURFACE('',#2026,0.00072426);
#109=CYLINDRICAL_SURFACE('',#2028,0.00072426);
#110=CYLINDRICAL_SURFACE('',#2034,0.00072426);
#111=CYLINDRICAL_SURFACE('',#2036,0.00072426);
#112=CYLINDRICAL_SURFACE('',#2038,0.00072426);
#113=CYLINDRICAL_SURFACE('',#2040,0.00072426);
#114=CYLINDRICAL_SURFACE('',#2043,0.00072426);
#115=CYLINDRICAL_SURFACE('',#2045,0.00072426);
#116=CYLINDRICAL_SURFACE('',#2051,0.00072426);
#117=CYLINDRICAL_SURFACE('',#2053,0.00072426);
#118=CYLINDRICAL_SURFACE('',#2055,0.00072426);
#119=CYLINDRICAL_SURFACE('',#2059,0.00072426);
#120=CYLINDRICAL_SURFACE('',#2060,0.00072426);
#121=CYLINDRICAL_SURFACE('',#2061,0.00072426);
#122=CIRCLE('',#1871,0.00072426);
#123=CIRCLE('',#1873,0.00072426);
#124=CIRCLE('',#1876,0.00072426);
#125=CIRCLE('',#1878,0.00072426);
#126=CIRCLE('',#1881,0.00072426);
#127=CIRCLE('',#1882,0.00072426);
#128=CIRCLE('',#1884,0.00072426);
#129=CIRCLE('',#1887,0.00072426);
#130=CIRCLE('',#1889,0.00072426);
#131=CIRCLE('',#1890,0.00072426);
#132=CIRCLE('',#1892,0.00072426);
#133=CIRCLE('',#1894,0.00072426);
#134=CIRCLE('',#1898,0.00072426);
#135=CIRCLE('',#1900,0.00072426);
#136=CIRCLE('',#1904,0.00072426);
#137=CIRCLE('',#1905,0.00072426);
#138=CIRCLE('',#1908,0.00072426);
#139=CIRCLE('',#1910,0.00072426);
#140=CIRCLE('',#1914,0.00072426);
#141=CIRCLE('',#1916,0.00072426);
#142=CIRCLE('',#1918,0.00072426);
#143=CIRCLE('',#1920,0.00072426);
#144=CIRCLE('',#1924,0.00072426);
#145=CIRCLE('',#1927,0.00072426);
#146=CIRCLE('',#1931,0.00072426);
#147=CIRCLE('',#1933,0.00072426);
#148=CIRCLE('',#1935,0.00072426);
#149=CIRCLE('',#1938,0.00072426);
#150=CIRCLE('',#1940,0.00072426);
#151=CIRCLE('',#1942,0.00072426);
#152=CIRCLE('',#1943,0.00072426);
#153=CIRCLE('',#1945,0.00072426);
#154=CIRCLE('',#1951,0.00072426);
#155=CIRCLE('',#1953,0.00072426);
#156=CIRCLE('',#1954,0.00072426);
#157=CIRCLE('',#1956,0.00072426);
#158=CIRCLE('',#1958,0.00072426);
#159=CIRCLE('',#1960,0.00072426);
#160=CIRCLE('',#1964,0.00072426);
#161=CIRCLE('',#1966,0.00072426);
#162=CIRCLE('',#1972,0.00072426);
#163=CIRCLE('',#1974,0.00072426);
#164=CIRCLE('',#1975,0.00072426);
#165=CIRCLE('',#1977,0.00072426);
#166=CIRCLE('',#1979,0.00072426);
#167=CIRCLE('',#1981,0.00072426);
#168=CIRCLE('',#1987,0.00072426);
#169=CIRCLE('',#1991,0.00072426);
#170=CIRCLE('',#1992,0.00072426);
#171=CIRCLE('',#1994,0.00072426);
#172=CIRCLE('',#1996,0.00072426);
#173=CIRCLE('',#1998,0.00072426);
#174=CIRCLE('',#2000,0.00072426);
#175=CIRCLE('',#2003,0.00072426);
#176=CIRCLE('',#2005,0.00072426);
#177=CIRCLE('',#2007,0.00072426);
#178=CIRCLE('',#2009,0.00072426);
#179=CIRCLE('',#2013,0.00072426);
#180=CIRCLE('',#2015,0.00072426);
#181=CIRCLE('',#2017,0.00072426);
#182=CIRCLE('',#2019,0.00072426);
#183=CIRCLE('',#2021,0.00072426);
#184=CIRCLE('',#2023,0.00072426);
#185=CIRCLE('',#2025,0.00072426);
#186=CIRCLE('',#2027,0.00072426);
#187=CIRCLE('',#2031,0.00072426);
#188=CIRCLE('',#2033,0.00072426);
#189=CIRCLE('',#2039,0.00072426);
#190=CIRCLE('',#2041,0.00072426);
#191=CIRCLE('',#2042,0.00072426);
#192=CIRCLE('',#2044,0.00072426);
#193=CIRCLE('',#2048,0.00072426);
#194=CIRCLE('',#2050,0.00072426);
#195=CIRCLE('',#2052,0.00072426);
#196=CIRCLE('',#2054,0.00072426);
#197=CIRCLE('',#2058,0.00072426);
#198=ORIENTED_EDGE('',*,*,#714,.T.);
#199=ORIENTED_EDGE('',*,*,#715,.T.);
#200=ORIENTED_EDGE('',*,*,#716,.T.);
#201=ORIENTED_EDGE('',*,*,#717,.T.);
#202=ORIENTED_EDGE('',*,*,#718,.T.);
#203=ORIENTED_EDGE('',*,*,#719,.T.);
#204=ORIENTED_EDGE('',*,*,#720,.T.);
#205=ORIENTED_EDGE('',*,*,#721,.T.);
#206=ORIENTED_EDGE('',*,*,#722,.T.);
#207=ORIENTED_EDGE('',*,*,#723,.T.);
#208=ORIENTED_EDGE('',*,*,#724,.T.);
#209=ORIENTED_EDGE('',*,*,#725,.T.);
#210=ORIENTED_EDGE('',*,*,#726,.T.);
#211=ORIENTED_EDGE('',*,*,#727,.T.);
#212=ORIENTED_EDGE('',*,*,#728,.T.);
#213=ORIENTED_EDGE('',*,*,#729,.T.);
#214=ORIENTED_EDGE('',*,*,#730,.T.);
#215=ORIENTED_EDGE('',*,*,#731,.T.);
#216=ORIENTED_EDGE('',*,*,#732,.T.);
#217=ORIENTED_EDGE('',*,*,#733,.F.);
#218=ORIENTED_EDGE('',*,*,#734,.T.);
#219=ORIENTED_EDGE('',*,*,#735,.T.);
#220=ORIENTED_EDGE('',*,*,#736,.T.);
#221=ORIENTED_EDGE('',*,*,#737,.T.);
#222=ORIENTED_EDGE('',*,*,#738,.T.);
#223=ORIENTED_EDGE('',*,*,#739,.T.);
#224=ORIENTED_EDGE('',*,*,#740,.T.);
#225=ORIENTED_EDGE('',*,*,#741,.T.);
#226=ORIENTED_EDGE('',*,*,#730,.F.);
#227=ORIENTED_EDGE('',*,*,#742,.T.);
#228=ORIENTED_EDGE('',*,*,#743,.T.);
#229=ORIENTED_EDGE('',*,*,#744,.T.);
#230=ORIENTED_EDGE('',*,*,#745,.F.);
#231=ORIENTED_EDGE('',*,*,#746,.T.);
#232=ORIENTED_EDGE('',*,*,#747,.T.);
#233=ORIENTED_EDGE('',*,*,#748,.F.);
#234=ORIENTED_EDGE('',*,*,#749,.T.);
#235=ORIENTED_EDGE('',*,*,#750,.T.);
#236=ORIENTED_EDGE('',*,*,#751,.T.);
#237=ORIENTED_EDGE('',*,*,#752,.T.);
#238=ORIENTED_EDGE('',*,*,#753,.T.);
#239=ORIENTED_EDGE('',*,*,#754,.T.);
#240=ORIENTED_EDGE('',*,*,#755,.T.);
#241=ORIENTED_EDGE('',*,*,#756,.T.);
#242=ORIENTED_EDGE('',*,*,#757,.T.);
#243=ORIENTED_EDGE('',*,*,#758,.T.);
#244=ORIENTED_EDGE('',*,*,#759,.T.);
#245=ORIENTED_EDGE('',*,*,#760,.T.);
#246=ORIENTED_EDGE('',*,*,#761,.T.);
#247=ORIENTED_EDGE('',*,*,#762,.T.);
#248=ORIENTED_EDGE('',*,*,#763,.T.);
#249=ORIENTED_EDGE('',*,*,#764,.T.);
#250=ORIENTED_EDGE('',*,*,#765,.T.);
#251=ORIENTED_EDGE('',*,*,#766,.T.);
#252=ORIENTED_EDGE('',*,*,#767,.T.);
#253=ORIENTED_EDGE('',*,*,#768,.T.);
#254=ORIENTED_EDGE('',*,*,#769,.T.);
#255=ORIENTED_EDGE('',*,*,#770,.T.);
#256=ORIENTED_EDGE('',*,*,#771,.T.);
#257=ORIENTED_EDGE('',*,*,#772,.T.);
#258=ORIENTED_EDGE('',*,*,#773,.T.);
#259=ORIENTED_EDGE('',*,*,#774,.T.);
#260=ORIENTED_EDGE('',*,*,#775,.T.);
#261=ORIENTED_EDGE('',*,*,#776,.T.);
#262=ORIENTED_EDGE('',*,*,#777,.T.);
#263=ORIENTED_EDGE('',*,*,#778,.T.);
#264=ORIENTED_EDGE('',*,*,#779,.T.);
#265=ORIENTED_EDGE('',*,*,#780,.T.);
#266=ORIENTED_EDGE('',*,*,#781,.T.);
#267=ORIENTED_EDGE('',*,*,#782,.T.);
#268=ORIENTED_EDGE('',*,*,#783,.T.);
#269=ORIENTED_EDGE('',*,*,#784,.T.);
#270=ORIENTED_EDGE('',*,*,#785,.T.);
#271=ORIENTED_EDGE('',*,*,#786,.T.);
#272=ORIENTED_EDGE('',*,*,#787,.T.);
#273=ORIENTED_EDGE('',*,*,#788,.T.);
#274=ORIENTED_EDGE('',*,*,#789,.T.);
#275=ORIENTED_EDGE('',*,*,#790,.T.);
#276=ORIENTED_EDGE('',*,*,#791,.T.);
#277=ORIENTED_EDGE('',*,*,#792,.T.);
#278=ORIENTED_EDGE('',*,*,#793,.T.);
#279=ORIENTED_EDGE('',*,*,#794,.T.);
#280=ORIENTED_EDGE('',*,*,#795,.T.);
#281=ORIENTED_EDGE('',*,*,#796,.T.);
#282=ORIENTED_EDGE('',*,*,#797,.T.);
#283=ORIENTED_EDGE('',*,*,#798,.T.);
#284=ORIENTED_EDGE('',*,*,#799,.T.);
#285=ORIENTED_EDGE('',*,*,#800,.T.);
#286=ORIENTED_EDGE('',*,*,#801,.T.);
#287=ORIENTED_EDGE('',*,*,#802,.T.);
#288=ORIENTED_EDGE('',*,*,#803,.T.);
#289=ORIENTED_EDGE('',*,*,#804,.T.);
#290=ORIENTED_EDGE('',*,*,#743,.F.);
#291=ORIENTED_EDGE('',*,*,#805,.T.);
#292=ORIENTED_EDGE('',*,*,#806,.T.);
#293=ORIENTED_EDGE('',*,*,#807,.F.);
#294=ORIENTED_EDGE('',*,*,#808,.T.);
#295=ORIENTED_EDGE('',*,*,#809,.T.);
#296=ORIENTED_EDGE('',*,*,#810,.T.);
#297=ORIENTED_EDGE('',*,*,#811,.T.);
#298=ORIENTED_EDGE('',*,*,#812,.T.);
#299=ORIENTED_EDGE('',*,*,#813,.T.);
#300=ORIENTED_EDGE('',*,*,#814,.T.);
#301=ORIENTED_EDGE('',*,*,#815,.T.);
#302=ORIENTED_EDGE('',*,*,#816,.T.);
#303=ORIENTED_EDGE('',*,*,#817,.T.);
#304=ORIENTED_EDGE('',*,*,#818,.F.);
#305=ORIENTED_EDGE('',*,*,#819,.F.);
#306=ORIENTED_EDGE('',*,*,#818,.T.);
#307=ORIENTED_EDGE('',*,*,#820,.T.);
#308=ORIENTED_EDGE('',*,*,#821,.T.);
#309=ORIENTED_EDGE('',*,*,#822,.T.);
#310=ORIENTED_EDGE('',*,*,#823,.T.);
#311=ORIENTED_EDGE('',*,*,#824,.T.);
#312=ORIENTED_EDGE('',*,*,#825,.F.);
#313=ORIENTED_EDGE('',*,*,#826,.F.);
#314=ORIENTED_EDGE('',*,*,#825,.T.);
#315=ORIENTED_EDGE('',*,*,#827,.T.);
#316=ORIENTED_EDGE('',*,*,#828,.T.);
#317=ORIENTED_EDGE('',*,*,#829,.F.);
#318=ORIENTED_EDGE('',*,*,#830,.T.);
#319=ORIENTED_EDGE('',*,*,#831,.T.);
#320=ORIENTED_EDGE('',*,*,#832,.F.);
#321=ORIENTED_EDGE('',*,*,#833,.T.);
#322=ORIENTED_EDGE('',*,*,#832,.T.);
#323=ORIENTED_EDGE('',*,*,#834,.T.);
#324=ORIENTED_EDGE('',*,*,#835,.T.);
#325=ORIENTED_EDGE('',*,*,#836,.F.);
#326=ORIENTED_EDGE('',*,*,#837,.T.);
#327=ORIENTED_EDGE('',*,*,#838,.T.);
#328=ORIENTED_EDGE('',*,*,#839,.F.);
#329=ORIENTED_EDGE('',*,*,#840,.T.);
#330=ORIENTED_EDGE('',*,*,#839,.T.);
#331=ORIENTED_EDGE('',*,*,#841,.T.);
#332=ORIENTED_EDGE('',*,*,#842,.T.);
#333=ORIENTED_EDGE('',*,*,#843,.T.);
#334=ORIENTED_EDGE('',*,*,#822,.F.);
#335=ORIENTED_EDGE('',*,*,#844,.T.);
#336=ORIENTED_EDGE('',*,*,#826,.T.);
#337=ORIENTED_EDGE('',*,*,#829,.T.);
#338=ORIENTED_EDGE('',*,*,#845,.T.);
#339=ORIENTED_EDGE('',*,*,#833,.F.);
#340=ORIENTED_EDGE('',*,*,#836,.T.);
#341=ORIENTED_EDGE('',*,*,#846,.T.);
#342=ORIENTED_EDGE('',*,*,#840,.F.);
#343=ORIENTED_EDGE('',*,*,#843,.F.);
#344=ORIENTED_EDGE('',*,*,#847,.T.);
#345=ORIENTED_EDGE('',*,*,#819,.T.);
#346=ORIENTED_EDGE('',*,*,#746,.F.);
#347=ORIENTED_EDGE('',*,*,#848,.F.);
#348=ORIENTED_EDGE('',*,*,#849,.T.);
#349=ORIENTED_EDGE('',*,*,#850,.T.);
#350=ORIENTED_EDGE('',*,*,#745,.T.);
#351=ORIENTED_EDGE('',*,*,#851,.F.);
#352=ORIENTED_EDGE('',*,*,#852,.F.);
#353=ORIENTED_EDGE('',*,*,#848,.T.);
#354=ORIENTED_EDGE('',*,*,#748,.T.);
#355=ORIENTED_EDGE('',*,*,#853,.F.);
#356=ORIENTED_EDGE('',*,*,#854,.F.);
#357=ORIENTED_EDGE('',*,*,#851,.T.);
#358=ORIENTED_EDGE('',*,*,#747,.F.);
#359=ORIENTED_EDGE('',*,*,#850,.F.);
#360=ORIENTED_EDGE('',*,*,#855,.T.);
#361=ORIENTED_EDGE('',*,*,#853,.T.);
#362=ORIENTED_EDGE('',*,*,#849,.F.);
#363=ORIENTED_EDGE('',*,*,#852,.T.);
#364=ORIENTED_EDGE('',*,*,#854,.T.);
#365=ORIENTED_EDGE('',*,*,#855,.F.);
#366=ORIENTED_EDGE('',*,*,#856,.F.);
#367=ORIENTED_EDGE('',*,*,#857,.T.);
#368=ORIENTED_EDGE('',*,*,#858,.T.);
#369=ORIENTED_EDGE('',*,*,#809,.F.);
#370=ORIENTED_EDGE('',*,*,#859,.T.);
#371=ORIENTED_EDGE('',*,*,#860,.T.);
#372=ORIENTED_EDGE('',*,*,#861,.T.);
#373=ORIENTED_EDGE('',*,*,#862,.T.);
#374=ORIENTED_EDGE('',*,*,#863,.T.);
#375=ORIENTED_EDGE('',*,*,#807,.T.);
#376=ORIENTED_EDGE('',*,*,#862,.F.);
#377=ORIENTED_EDGE('',*,*,#864,.T.);
#378=ORIENTED_EDGE('',*,*,#856,.T.);
#379=ORIENTED_EDGE('',*,*,#865,.T.);
#380=ORIENTED_EDGE('',*,*,#866,.T.);
#381=ORIENTED_EDGE('',*,*,#867,.T.);
#382=ORIENTED_EDGE('',*,*,#868,.F.);
#383=ORIENTED_EDGE('',*,*,#869,.T.);
#384=ORIENTED_EDGE('',*,*,#733,.T.);
#385=ORIENTED_EDGE('',*,*,#870,.T.);
#386=ORIENTED_EDGE('',*,*,#871,.T.);
#387=ORIENTED_EDGE('',*,*,#872,.T.);
#388=ORIENTED_EDGE('',*,*,#735,.F.);
#389=ORIENTED_EDGE('',*,*,#873,.T.);
#390=ORIENTED_EDGE('',*,*,#868,.T.);
#391=ORIENTED_EDGE('',*,*,#874,.T.);
#392=ORIENTED_EDGE('',*,*,#870,.F.);
#393=ORIENTED_EDGE('',*,*,#875,.T.);
#394=ORIENTED_EDGE('',*,*,#876,.F.);
#395=ORIENTED_EDGE('',*,*,#799,.F.);
#396=ORIENTED_EDGE('',*,*,#877,.F.);
#397=ORIENTED_EDGE('',*,*,#790,.F.);
#398=ORIENTED_EDGE('',*,*,#878,.F.);
#399=ORIENTED_EDGE('',*,*,#798,.F.);
#400=ORIENTED_EDGE('',*,*,#879,.F.);
#401=ORIENTED_EDGE('',*,*,#858,.F.);
#402=ORIENTED_EDGE('',*,*,#877,.T.);
#403=ORIENTED_EDGE('',*,*,#878,.T.);
#404=ORIENTED_EDGE('',*,*,#880,.F.);
#405=ORIENTED_EDGE('',*,*,#881,.F.);
#406=ORIENTED_EDGE('',*,*,#882,.F.);
#407=ORIENTED_EDGE('',*,*,#876,.T.);
#408=ORIENTED_EDGE('',*,*,#882,.T.);
#409=ORIENTED_EDGE('',*,*,#784,.F.);
#410=ORIENTED_EDGE('',*,*,#883,.F.);
#411=ORIENTED_EDGE('',*,*,#800,.F.);
#412=ORIENTED_EDGE('',*,*,#879,.T.);
#413=ORIENTED_EDGE('',*,*,#797,.F.);
#414=ORIENTED_EDGE('',*,*,#884,.F.);
#415=ORIENTED_EDGE('',*,*,#810,.F.);
#416=ORIENTED_EDGE('',*,*,#880,.T.);
#417=ORIENTED_EDGE('',*,*,#857,.F.);
#418=ORIENTED_EDGE('',*,*,#885,.F.);
#419=ORIENTED_EDGE('',*,*,#791,.F.);
#420=ORIENTED_EDGE('',*,*,#881,.T.);
#421=ORIENTED_EDGE('',*,*,#789,.F.);
#422=ORIENTED_EDGE('',*,*,#886,.F.);
#423=ORIENTED_EDGE('',*,*,#773,.F.);
#424=ORIENTED_EDGE('',*,*,#884,.T.);
#425=ORIENTED_EDGE('',*,*,#883,.T.);
#426=ORIENTED_EDGE('',*,*,#887,.F.);
#427=ORIENTED_EDGE('',*,*,#885,.T.);
#428=ORIENTED_EDGE('',*,*,#864,.F.);
#429=ORIENTED_EDGE('',*,*,#888,.F.);
#430=ORIENTED_EDGE('',*,*,#792,.F.);
#431=ORIENTED_EDGE('',*,*,#889,.F.);
#432=ORIENTED_EDGE('',*,*,#749,.F.);
#433=ORIENTED_EDGE('',*,*,#890,.F.);
#434=ORIENTED_EDGE('',*,*,#788,.F.);
#435=ORIENTED_EDGE('',*,*,#891,.F.);
#436=ORIENTED_EDGE('',*,*,#750,.F.);
#437=ORIENTED_EDGE('',*,*,#892,.F.);
#438=ORIENTED_EDGE('',*,*,#820,.F.);
#439=ORIENTED_EDGE('',*,*,#886,.T.);
#440=ORIENTED_EDGE('',*,*,#890,.T.);
#441=ORIENTED_EDGE('',*,*,#893,.F.);
#442=ORIENTED_EDGE('',*,*,#887,.T.);
#443=ORIENTED_EDGE('',*,*,#783,.F.);
#444=ORIENTED_EDGE('',*,*,#894,.F.);
#445=ORIENTED_EDGE('',*,*,#811,.F.);
#446=ORIENTED_EDGE('',*,*,#888,.T.);
#447=ORIENTED_EDGE('',*,*,#861,.F.);
#448=ORIENTED_EDGE('',*,*,#895,.F.);
#449=ORIENTED_EDGE('',*,*,#793,.F.);
#450=ORIENTED_EDGE('',*,*,#892,.T.);
#451=ORIENTED_EDGE('',*,*,#889,.T.);
#452=ORIENTED_EDGE('',*,*,#896,.F.);
#453=ORIENTED_EDGE('',*,*,#891,.T.);
#454=ORIENTED_EDGE('',*,*,#817,.F.);
#455=ORIENTED_EDGE('',*,*,#897,.F.);
#456=ORIENTED_EDGE('',*,*,#751,.F.);
#457=ORIENTED_EDGE('',*,*,#893,.T.);
#458=ORIENTED_EDGE('',*,*,#752,.F.);
#459=ORIENTED_EDGE('',*,*,#898,.F.);
#460=ORIENTED_EDGE('',*,*,#774,.F.);
#461=ORIENTED_EDGE('',*,*,#894,.T.);
#462=ORIENTED_EDGE('',*,*,#782,.F.);
#463=ORIENTED_EDGE('',*,*,#899,.F.);
#464=ORIENTED_EDGE('',*,*,#744,.F.);
#465=ORIENTED_EDGE('',*,*,#900,.F.);
#466=ORIENTED_EDGE('',*,*,#860,.F.);
#467=ORIENTED_EDGE('',*,*,#901,.F.);
#468=ORIENTED_EDGE('',*,*,#739,.F.);
#469=ORIENTED_EDGE('',*,*,#895,.T.);
#470=ORIENTED_EDGE('',*,*,#900,.T.);
#471=ORIENTED_EDGE('',*,*,#902,.F.);
#472=ORIENTED_EDGE('',*,*,#896,.T.);
#473=ORIENTED_EDGE('',*,*,#787,.F.);
#474=ORIENTED_EDGE('',*,*,#903,.F.);
#475=ORIENTED_EDGE('',*,*,#821,.F.);
#476=ORIENTED_EDGE('',*,*,#898,.T.);
#477=ORIENTED_EDGE('',*,*,#897,.T.);
#478=ORIENTED_EDGE('',*,*,#904,.F.);
#479=ORIENTED_EDGE('',*,*,#899,.T.);
#480=ORIENTED_EDGE('',*,*,#781,.F.);
#481=ORIENTED_EDGE('',*,*,#905,.F.);
#482=ORIENTED_EDGE('',*,*,#731,.F.);
#483=ORIENTED_EDGE('',*,*,#906,.F.);
#484=ORIENTED_EDGE('',*,*,#815,.F.);
#485=ORIENTED_EDGE('',*,*,#907,.F.);
#486=ORIENTED_EDGE('',*,*,#732,.F.);
#487=ORIENTED_EDGE('',*,*,#907,.T.);
#488=ORIENTED_EDGE('',*,*,#814,.F.);
#489=ORIENTED_EDGE('',*,*,#908,.F.);
#490=ORIENTED_EDGE('',*,*,#866,.F.);
#491=ORIENTED_EDGE('',*,*,#901,.T.);
#492=ORIENTED_EDGE('',*,*,#806,.F.);
#493=ORIENTED_EDGE('',*,*,#909,.F.);
#494=ORIENTED_EDGE('',*,*,#740,.F.);
#495=ORIENTED_EDGE('',*,*,#910,.F.);
#496=ORIENTED_EDGE('',*,*,#741,.F.);
#497=ORIENTED_EDGE('',*,*,#911,.F.);
#498=ORIENTED_EDGE('',*,*,#764,.F.);
#499=ORIENTED_EDGE('',*,*,#902,.T.);
#500=ORIENTED_EDGE('',*,*,#738,.F.);
#501=ORIENTED_EDGE('',*,*,#912,.F.);
#502=ORIENTED_EDGE('',*,*,#794,.F.);
#503=ORIENTED_EDGE('',*,*,#903,.T.);
#504=ORIENTED_EDGE('',*,*,#786,.F.);
#505=ORIENTED_EDGE('',*,*,#913,.F.);
#506=ORIENTED_EDGE('',*,*,#844,.F.);
#507=ORIENTED_EDGE('',*,*,#904,.T.);
#508=ORIENTED_EDGE('',*,*,#816,.F.);
#509=ORIENTED_EDGE('',*,*,#914,.F.);
#510=ORIENTED_EDGE('',*,*,#775,.F.);
#511=ORIENTED_EDGE('',*,*,#906,.T.);
#512=ORIENTED_EDGE('',*,*,#905,.T.);
#513=ORIENTED_EDGE('',*,*,#915,.F.);
#514=ORIENTED_EDGE('',*,*,#916,.F.);
#515=ORIENTED_EDGE('',*,*,#908,.T.);
#516=ORIENTED_EDGE('',*,*,#917,.F.);
#517=ORIENTED_EDGE('',*,*,#911,.T.);
#518=ORIENTED_EDGE('',*,*,#909,.T.);
#519=ORIENTED_EDGE('',*,*,#918,.F.);
#520=ORIENTED_EDGE('',*,*,#912,.T.);
#521=ORIENTED_EDGE('',*,*,#910,.T.);
#522=ORIENTED_EDGE('',*,*,#919,.F.);
#523=ORIENTED_EDGE('',*,*,#913,.T.);
#524=ORIENTED_EDGE('',*,*,#785,.F.);
#525=ORIENTED_EDGE('',*,*,#920,.F.);
#526=ORIENTED_EDGE('',*,*,#823,.F.);
#527=ORIENTED_EDGE('',*,*,#914,.T.);
#528=ORIENTED_EDGE('',*,*,#847,.F.);
#529=ORIENTED_EDGE('',*,*,#921,.F.);
#530=ORIENTED_EDGE('',*,*,#776,.F.);
#531=ORIENTED_EDGE('',*,*,#915,.T.);
#532=ORIENTED_EDGE('',*,*,#780,.F.);
#533=ORIENTED_EDGE('',*,*,#922,.F.);
#534=ORIENTED_EDGE('',*,*,#812,.F.);
#535=ORIENTED_EDGE('',*,*,#917,.T.);
#536=ORIENTED_EDGE('',*,*,#813,.F.);
#537=ORIENTED_EDGE('',*,*,#923,.F.);
#538=ORIENTED_EDGE('',*,*,#727,.F.);
#539=ORIENTED_EDGE('',*,*,#916,.T.);
#540=ORIENTED_EDGE('',*,*,#726,.F.);
#541=ORIENTED_EDGE('',*,*,#924,.F.);
#542=ORIENTED_EDGE('',*,*,#867,.F.);
#543=ORIENTED_EDGE('',*,*,#918,.T.);
#544=ORIENTED_EDGE('',*,*,#805,.F.);
#545=ORIENTED_EDGE('',*,*,#925,.F.);
#546=ORIENTED_EDGE('',*,*,#765,.F.);
#547=ORIENTED_EDGE('',*,*,#919,.T.);
#548=ORIENTED_EDGE('',*,*,#763,.F.);
#549=ORIENTED_EDGE('',*,*,#926,.F.);
#550=ORIENTED_EDGE('',*,*,#795,.F.);
#551=ORIENTED_EDGE('',*,*,#927,.F.);
#552=ORIENTED_EDGE('',*,*,#796,.F.);
#553=ORIENTED_EDGE('',*,*,#928,.F.);
#554=ORIENTED_EDGE('',*,*,#755,.F.);
#555=ORIENTED_EDGE('',*,*,#920,.T.);
#556=ORIENTED_EDGE('',*,*,#927,.T.);
#557=ORIENTED_EDGE('',*,*,#929,.F.);
#558=ORIENTED_EDGE('',*,*,#921,.T.);
#559=ORIENTED_EDGE('',*,*,#842,.F.);
#560=ORIENTED_EDGE('',*,*,#930,.F.);
#561=ORIENTED_EDGE('',*,*,#777,.F.);
#562=ORIENTED_EDGE('',*,*,#923,.T.);
#563=ORIENTED_EDGE('',*,*,#922,.T.);
#564=ORIENTED_EDGE('',*,*,#931,.F.);
#565=ORIENTED_EDGE('',*,*,#924,.T.);
#566=ORIENTED_EDGE('',*,*,#725,.F.);
#567=ORIENTED_EDGE('',*,*,#932,.F.);
#568=ORIENTED_EDGE('',*,*,#874,.F.);
#569=ORIENTED_EDGE('',*,*,#925,.T.);
#570=ORIENTED_EDGE('',*,*,#742,.F.);
#571=ORIENTED_EDGE('',*,*,#933,.F.);
#572=ORIENTED_EDGE('',*,*,#766,.F.);
#573=ORIENTED_EDGE('',*,*,#928,.T.);
#574=ORIENTED_EDGE('',*,*,#926,.T.);
#575=ORIENTED_EDGE('',*,*,#934,.F.);
#576=ORIENTED_EDGE('',*,*,#929,.T.);
#577=ORIENTED_EDGE('',*,*,#754,.F.);
#578=ORIENTED_EDGE('',*,*,#935,.F.);
#579=ORIENTED_EDGE('',*,*,#824,.F.);
#580=ORIENTED_EDGE('',*,*,#936,.F.);
#581=ORIENTED_EDGE('',*,*,#937,.F.);
#582=ORIENTED_EDGE('',*,*,#930,.T.);
#583=ORIENTED_EDGE('',*,*,#937,.T.);
#584=ORIENTED_EDGE('',*,*,#804,.F.);
#585=ORIENTED_EDGE('',*,*,#938,.F.);
#586=ORIENTED_EDGE('',*,*,#778,.F.);
#587=ORIENTED_EDGE('',*,*,#931,.T.);
#588=ORIENTED_EDGE('',*,*,#779,.F.);
#589=ORIENTED_EDGE('',*,*,#939,.F.);
#590=ORIENTED_EDGE('',*,*,#728,.F.);
#591=ORIENTED_EDGE('',*,*,#932,.T.);
#592=ORIENTED_EDGE('',*,*,#724,.F.);
#593=ORIENTED_EDGE('',*,*,#940,.F.);
#594=ORIENTED_EDGE('',*,*,#871,.F.);
#595=ORIENTED_EDGE('',*,*,#941,.F.);
#596=ORIENTED_EDGE('',*,*,#716,.F.);
#597=ORIENTED_EDGE('',*,*,#942,.F.);
#598=ORIENTED_EDGE('',*,*,#872,.F.);
#599=ORIENTED_EDGE('',*,*,#942,.T.);
#600=ORIENTED_EDGE('',*,*,#715,.F.);
#601=ORIENTED_EDGE('',*,*,#943,.F.);
#602=ORIENTED_EDGE('',*,*,#736,.F.);
#603=ORIENTED_EDGE('',*,*,#933,.T.);
#604=ORIENTED_EDGE('',*,*,#737,.F.);
#605=ORIENTED_EDGE('',*,*,#944,.F.);
#606=ORIENTED_EDGE('',*,*,#767,.F.);
#607=ORIENTED_EDGE('',*,*,#934,.T.);
#608=ORIENTED_EDGE('',*,*,#762,.F.);
#609=ORIENTED_EDGE('',*,*,#945,.F.);
#610=ORIENTED_EDGE('',*,*,#756,.F.);
#611=ORIENTED_EDGE('',*,*,#935,.T.);
#612=ORIENTED_EDGE('',*,*,#753,.F.);
#613=ORIENTED_EDGE('',*,*,#946,.F.);
#614=ORIENTED_EDGE('',*,*,#827,.F.);
#615=ORIENTED_EDGE('',*,*,#936,.T.);
#616=ORIENTED_EDGE('',*,*,#841,.F.);
#617=ORIENTED_EDGE('',*,*,#947,.F.);
#618=ORIENTED_EDGE('',*,*,#801,.F.);
#619=ORIENTED_EDGE('',*,*,#939,.T.);
#620=ORIENTED_EDGE('',*,*,#938,.T.);
#621=ORIENTED_EDGE('',*,*,#948,.F.);
#622=ORIENTED_EDGE('',*,*,#941,.T.);
#623=ORIENTED_EDGE('',*,*,#940,.T.);
#624=ORIENTED_EDGE('',*,*,#949,.F.);
#625=ORIENTED_EDGE('',*,*,#944,.T.);
#626=ORIENTED_EDGE('',*,*,#943,.T.);
#627=ORIENTED_EDGE('',*,*,#950,.F.);
#628=ORIENTED_EDGE('',*,*,#946,.T.);
#629=ORIENTED_EDGE('',*,*,#945,.T.);
#630=ORIENTED_EDGE('',*,*,#951,.F.);
#631=ORIENTED_EDGE('',*,*,#947,.T.);
#632=ORIENTED_EDGE('',*,*,#838,.F.);
#633=ORIENTED_EDGE('',*,*,#952,.F.);
#634=ORIENTED_EDGE('',*,*,#802,.F.);
#635=ORIENTED_EDGE('',*,*,#948,.T.);
#636=ORIENTED_EDGE('',*,*,#803,.F.);
#637=ORIENTED_EDGE('',*,*,#953,.F.);
#638=ORIENTED_EDGE('',*,*,#729,.F.);
#639=ORIENTED_EDGE('',*,*,#949,.T.);
#640=ORIENTED_EDGE('',*,*,#723,.F.);
#641=ORIENTED_EDGE('',*,*,#954,.F.);
#642=ORIENTED_EDGE('',*,*,#717,.F.);
#643=ORIENTED_EDGE('',*,*,#950,.T.);
#644=ORIENTED_EDGE('',*,*,#714,.F.);
#645=ORIENTED_EDGE('',*,*,#955,.F.);
#646=ORIENTED_EDGE('',*,*,#768,.F.);
#647=ORIENTED_EDGE('',*,*,#951,.T.);
#648=ORIENTED_EDGE('',*,*,#761,.F.);
#649=ORIENTED_EDGE('',*,*,#956,.F.);
#650=ORIENTED_EDGE('',*,*,#828,.F.);
#651=ORIENTED_EDGE('',*,*,#953,.T.);
#652=ORIENTED_EDGE('',*,*,#952,.T.);
#653=ORIENTED_EDGE('',*,*,#957,.F.);
#654=ORIENTED_EDGE('',*,*,#955,.T.);
#655=ORIENTED_EDGE('',*,*,#954,.T.);
#656=ORIENTED_EDGE('',*,*,#958,.F.);
#657=ORIENTED_EDGE('',*,*,#956,.T.);
#658=ORIENTED_EDGE('',*,*,#772,.F.);
#659=ORIENTED_EDGE('',*,*,#959,.F.);
#660=ORIENTED_EDGE('',*,*,#845,.F.);
#661=ORIENTED_EDGE('',*,*,#957,.T.);
#662=ORIENTED_EDGE('',*,*,#837,.F.);
#663=ORIENTED_EDGE('',*,*,#960,.F.);
#664=ORIENTED_EDGE('',*,*,#718,.F.);
#665=ORIENTED_EDGE('',*,*,#958,.T.);
#666=ORIENTED_EDGE('',*,*,#722,.F.);
#667=ORIENTED_EDGE('',*,*,#961,.F.);
#668=ORIENTED_EDGE('',*,*,#769,.F.);
#669=ORIENTED_EDGE('',*,*,#962,.F.);
#670=ORIENTED_EDGE('',*,*,#770,.F.);
#671=ORIENTED_EDGE('',*,*,#963,.F.);
#672=ORIENTED_EDGE('',*,*,#760,.F.);
#673=ORIENTED_EDGE('',*,*,#959,.T.);
#674=ORIENTED_EDGE('',*,*,#771,.F.);
#675=ORIENTED_EDGE('',*,*,#964,.F.);
#676=ORIENTED_EDGE('',*,*,#830,.F.);
#677=ORIENTED_EDGE('',*,*,#960,.T.);
#678=ORIENTED_EDGE('',*,*,#846,.F.);
#679=ORIENTED_EDGE('',*,*,#965,.F.);
#680=ORIENTED_EDGE('',*,*,#719,.F.);
#681=ORIENTED_EDGE('',*,*,#963,.T.);
#682=ORIENTED_EDGE('',*,*,#961,.T.);
#683=ORIENTED_EDGE('',*,*,#966,.F.);
#684=ORIENTED_EDGE('',*,*,#964,.T.);
#685=ORIENTED_EDGE('',*,*,#962,.T.);
#686=ORIENTED_EDGE('',*,*,#967,.F.);
#687=ORIENTED_EDGE('',*,*,#965,.T.);
#688=ORIENTED_EDGE('',*,*,#835,.F.);
#689=ORIENTED_EDGE('',*,*,#968,.F.);
#690=ORIENTED_EDGE('',*,*,#720,.F.);
#691=ORIENTED_EDGE('',*,*,#966,.T.);
#692=ORIENTED_EDGE('',*,*,#721,.F.);
#693=ORIENTED_EDGE('',*,*,#969,.F.);
#694=ORIENTED_EDGE('',*,*,#757,.F.);
#695=ORIENTED_EDGE('',*,*,#967,.T.);
#696=ORIENTED_EDGE('',*,*,#759,.F.);
#697=ORIENTED_EDGE('',*,*,#970,.F.);
#698=ORIENTED_EDGE('',*,*,#831,.F.);
#699=ORIENTED_EDGE('',*,*,#969,.T.);
#700=ORIENTED_EDGE('',*,*,#968,.T.);
#701=ORIENTED_EDGE('',*,*,#971,.F.);
#702=ORIENTED_EDGE('',*,*,#970,.T.);
#703=ORIENTED_EDGE('',*,*,#758,.F.);
#704=ORIENTED_EDGE('',*,*,#971,.T.);
#705=ORIENTED_EDGE('',*,*,#834,.F.);
#706=ORIENTED_EDGE('',*,*,#873,.F.);
#707=ORIENTED_EDGE('',*,*,#734,.F.);
#708=ORIENTED_EDGE('',*,*,#869,.F.);
#709=ORIENTED_EDGE('',*,*,#875,.F.);
#710=ORIENTED_EDGE('',*,*,#863,.F.);
#711=ORIENTED_EDGE('',*,*,#865,.F.);
#712=ORIENTED_EDGE('',*,*,#859,.F.);
#713=ORIENTED_EDGE('',*,*,#808,.F.);
#714=EDGE_CURVE('',#972,#973,#1112,.F.);
#715=EDGE_CURVE('',#973,#974,#1113,.T.);
#716=EDGE_CURVE('',#974,#975,#1114,.T.);
#717=EDGE_CURVE('',#975,#972,#1115,.F.);
#718=EDGE_CURVE('',#976,#977,#1116,.F.);
#719=EDGE_CURVE('',#977,#978,#1117,.F.);
#720=EDGE_CURVE('',#978,#979,#1118,.T.);
#721=EDGE_CURVE('',#979,#980,#1119,.F.);
#722=EDGE_CURVE('',#980,#981,#1120,.F.);
#723=EDGE_CURVE('',#981,#982,#1121,.T.);
#724=EDGE_CURVE('',#982,#983,#1122,.F.);
#725=EDGE_CURVE('',#983,#984,#1123,.T.);
#726=EDGE_CURVE('',#984,#985,#1124,.T.);
#727=EDGE_CURVE('',#985,#986,#1125,.T.);
#728=EDGE_CURVE('',#986,#987,#1126,.T.);
#729=EDGE_CURVE('',#987,#976,#1127,.F.);
#730=EDGE_CURVE('',#988,#989,#1128,.T.);
#731=EDGE_CURVE('',#989,#990,#1129,.T.);
#732=EDGE_CURVE('',#990,#991,#1130,.F.);
#733=EDGE_CURVE('',#992,#991,#1131,.T.);
#734=EDGE_CURVE('',#992,#993,#1132,.F.);
#735=EDGE_CURVE('',#993,#994,#1133,.T.);
#736=EDGE_CURVE('',#994,#995,#1134,.F.);
#737=EDGE_CURVE('',#995,#988,#1135,.F.);
#738=EDGE_CURVE('',#996,#997,#1136,.T.);
#739=EDGE_CURVE('',#997,#998,#1137,.T.);
#740=EDGE_CURVE('',#998,#999,#1138,.F.);
#741=EDGE_CURVE('',#999,#996,#1139,.F.);
#742=EDGE_CURVE('',#988,#1000,#1140,.F.);
#743=EDGE_CURVE('',#1000,#1001,#1141,.T.);
#744=EDGE_CURVE('',#1001,#989,#1142,.T.);
#745=EDGE_CURVE('',#1002,#1003,#1143,.T.);
#746=EDGE_CURVE('',#1002,#1004,#1144,.T.);
#747=EDGE_CURVE('',#1004,#1005,#1145,.T.);
#748=EDGE_CURVE('',#1003,#1005,#1146,.T.);
#749=EDGE_CURVE('',#1006,#1007,#1147,.F.);
#750=EDGE_CURVE('',#1007,#1008,#1148,.T.);
#751=EDGE_CURVE('',#1008,#1009,#1149,.F.);
#752=EDGE_CURVE('',#1009,#1006,#1150,.F.);
#753=EDGE_CURVE('',#1010,#1011,#1151,.F.);
#754=EDGE_CURVE('',#1011,#1012,#1152,.F.);
#755=EDGE_CURVE('',#1012,#1013,#1153,.F.);
#756=EDGE_CURVE('',#1013,#1010,#1154,.T.);
#757=EDGE_CURVE('',#1014,#1015,#1155,.T.);
#758=EDGE_CURVE('',#1015,#1016,#1156,.F.);
#759=EDGE_CURVE('',#1016,#1017,#1157,.T.);
#760=EDGE_CURVE('',#1017,#1014,#1158,.T.);
#761=EDGE_CURVE('',#1018,#1019,#1159,.T.);
#762=EDGE_CURVE('',#1019,#1020,#1160,.F.);
#763=EDGE_CURVE('',#1020,#1021,#1161,.F.);
#764=EDGE_CURVE('',#1021,#1022,#1162,.T.);
#765=EDGE_CURVE('',#1022,#1023,#1163,.F.);
#766=EDGE_CURVE('',#1023,#1024,#1164,.T.);
#767=EDGE_CURVE('',#1024,#1025,#1165,.T.);
#768=EDGE_CURVE('',#1025,#1026,#1166,.T.);
#769=EDGE_CURVE('',#1026,#1027,#1167,.T.);
#770=EDGE_CURVE('',#1027,#1028,#1168,.F.);
#771=EDGE_CURVE('',#1028,#1029,#1169,.F.);
#772=EDGE_CURVE('',#1029,#1018,#1170,.F.);
#773=EDGE_CURVE('',#1030,#1031,#1171,.T.);
#774=EDGE_CURVE('',#1031,#1032,#1172,.T.);
#775=EDGE_CURVE('',#1032,#1033,#1173,.F.);
#776=EDGE_CURVE('',#1033,#1034,#1174,.T.);
#777=EDGE_CURVE('',#1034,#1035,#1175,.T.);
#778=EDGE_CURVE('',#1035,#1036,#1176,.T.);
#779=EDGE_CURVE('',#1036,#1037,#1177,.F.);
#780=EDGE_CURVE('',#1037,#1038,#1178,.F.);
#781=EDGE_CURVE('',#1038,#1039,#1179,.F.);
#782=EDGE_CURVE('',#1039,#1040,#1180,.F.);
#783=EDGE_CURVE('',#1040,#1041,#1181,.T.);
#784=EDGE_CURVE('',#1041,#1030,#1182,.F.);
#785=EDGE_CURVE('',#1042,#1043,#1183,.F.);
#786=EDGE_CURVE('',#1043,#1044,#1184,.T.);
#787=EDGE_CURVE('',#1044,#1045,#1185,.T.);
#788=EDGE_CURVE('',#1045,#1046,#1186,.T.);
#789=EDGE_CURVE('',#1046,#1047,#1187,.F.);
#790=EDGE_CURVE('',#1047,#1048,#1188,.F.);
#791=EDGE_CURVE('',#1048,#1049,#1189,.F.);
#792=EDGE_CURVE('',#1049,#1050,#1190,.F.);
#793=EDGE_CURVE('',#1050,#1051,#1191,.T.);
#794=EDGE_CURVE('',#1051,#1052,#1192,.F.);
#795=EDGE_CURVE('',#1052,#1053,#1193,.T.);
#796=EDGE_CURVE('',#1053,#1042,#1194,.T.);
#797=EDGE_CURVE('',#1054,#1055,#1195,.F.);
#798=EDGE_CURVE('',#1055,#1056,#1196,.F.);
#799=EDGE_CURVE('',#1056,#1057,#1197,.T.);
#800=EDGE_CURVE('',#1057,#1054,#1198,.T.);
#801=EDGE_CURVE('',#1058,#1059,#1199,.T.);
#802=EDGE_CURVE('',#1059,#1060,#1200,.T.);
#803=EDGE_CURVE('',#1060,#1061,#1201,.T.);
#804=EDGE_CURVE('',#1061,#1058,#1202,.F.);
#805=EDGE_CURVE('',#1000,#1062,#1203,.T.);
#806=EDGE_CURVE('',#1062,#1063,#1204,.T.);
#807=EDGE_CURVE('',#1064,#1063,#1205,.T.);
#808=EDGE_CURVE('',#1064,#1065,#1206,.T.);
#809=EDGE_CURVE('',#1065,#1066,#1207,.T.);
#810=EDGE_CURVE('',#1066,#1067,#1208,.T.);
#811=EDGE_CURVE('',#1067,#1001,#1209,.F.);
#812=EDGE_CURVE('',#1068,#1069,#1210,.T.);
#813=EDGE_CURVE('',#1069,#1070,#1211,.F.);
#814=EDGE_CURVE('',#1070,#1071,#1212,.F.);
#815=EDGE_CURVE('',#1071,#1068,#1213,.T.);
#816=EDGE_CURVE('',#1072,#1073,#1214,.T.);
#817=EDGE_CURVE('',#1073,#1074,#1215,.T.);
#818=EDGE_CURVE('',#1075,#1074,#1216,.T.);
#819=EDGE_CURVE('',#1072,#1075,#1217,.T.);
#820=EDGE_CURVE('',#1074,#1076,#1218,.F.);
#821=EDGE_CURVE('',#1076,#1077,#1219,.F.);
#822=EDGE_CURVE('',#1077,#1075,#1220,.T.);
#823=EDGE_CURVE('',#1078,#1079,#1221,.T.);
#824=EDGE_CURVE('',#1079,#1080,#1222,.T.);
#825=EDGE_CURVE('',#1081,#1080,#1223,.T.);
#826=EDGE_CURVE('',#1078,#1081,#1224,.T.);
#827=EDGE_CURVE('',#1080,#1082,#1225,.T.);
#828=EDGE_CURVE('',#1082,#1083,#1226,.F.);
#829=EDGE_CURVE('',#1081,#1083,#1227,.T.);
#830=EDGE_CURVE('',#1084,#1085,#1228,.T.);
#831=EDGE_CURVE('',#1085,#1086,#1229,.F.);
#832=EDGE_CURVE('',#1087,#1086,#1230,.T.);
#833=EDGE_CURVE('',#1087,#1084,#1231,.T.);
#834=EDGE_CURVE('',#1086,#1088,#1232,.T.);
#835=EDGE_CURVE('',#1088,#1089,#1233,.F.);
#836=EDGE_CURVE('',#1087,#1089,#1234,.T.);
#837=EDGE_CURVE('',#1090,#1091,#1235,.T.);
#838=EDGE_CURVE('',#1091,#1092,#1236,.F.);
#839=EDGE_CURVE('',#1093,#1092,#1237,.T.);
#840=EDGE_CURVE('',#1093,#1090,#1238,.T.);
#841=EDGE_CURVE('',#1092,#1094,#1239,.F.);
#842=EDGE_CURVE('',#1094,#1095,#1240,.F.);
#843=EDGE_CURVE('',#1095,#1093,#1241,.T.);
#844=EDGE_CURVE('',#1077,#1078,#1242,.F.);
#845=EDGE_CURVE('',#1083,#1084,#1243,.T.);
#846=EDGE_CURVE('',#1089,#1090,#1244,.T.);
#847=EDGE_CURVE('',#1095,#1072,#1245,.F.);
#848=EDGE_CURVE('',#1096,#1002,#1246,.T.);
#849=EDGE_CURVE('',#1096,#1097,#1247,.T.);
#850=EDGE_CURVE('',#1097,#1004,#1248,.T.);
#851=EDGE_CURVE('',#1098,#1003,#1249,.T.);
#852=EDGE_CURVE('',#1096,#1098,#1250,.T.);
#853=EDGE_CURVE('',#1099,#1005,#1251,.T.);
#854=EDGE_CURVE('',#1098,#1099,#1252,.T.);
#855=EDGE_CURVE('',#1097,#1099,#1253,.T.);
#856=EDGE_CURVE('',#1100,#1101,#1254,.T.);
#857=EDGE_CURVE('',#1100,#1102,#1255,.T.);
#858=EDGE_CURVE('',#1102,#1066,#1256,.T.);
#859=EDGE_CURVE('',#1065,#1101,#122,.T.);
#860=EDGE_CURVE('',#1063,#1103,#1257,.F.);
#861=EDGE_CURVE('',#1103,#1104,#1258,.F.);
#862=EDGE_CURVE('',#1104,#1105,#1259,.T.);
#863=EDGE_CURVE('',#1105,#1064,#123,.F.);
#864=EDGE_CURVE('',#1104,#1100,#1260,.T.);
#865=EDGE_CURVE('',#1101,#1105,#1261,.F.);
#866=EDGE_CURVE('',#991,#1106,#1262,.T.);
#867=EDGE_CURVE('',#1106,#1107,#1263,.F.);
#868=EDGE_CURVE('',#1108,#1107,#1264,.T.);
#869=EDGE_CURVE('',#1108,#992,#124,.T.);
#870=EDGE_CURVE('',#1109,#1110,#1265,.T.);
#871=EDGE_CURVE('',#1110,#1111,#1266,.T.);
#872=EDGE_CURVE('',#1111,#994,#1267,.F.);
#873=EDGE_CURVE('',#993,#1109,#125,.F.);
#874=EDGE_CURVE('',#1107,#1110,#1268,.F.);
#875=EDGE_CURVE('',#1109,#1108,#1269,.T.);
#876=EDGE_CURVE('',#1057,#1047,#126,.T.);
#877=EDGE_CURVE('',#1048,#1056,#127,.T.);
#878=EDGE_CURVE('',#1056,#1102,#128,.T.);
#879=EDGE_CURVE('',#1066,#1055,#36,.F.);
#880=EDGE_CURVE('',#1048,#1102,#129,.F.);
#881=EDGE_CURVE('',#1030,#1047,#130,.F.);
#882=EDGE_CURVE('',#1057,#1030,#131,.F.);
#883=EDGE_CURVE('',#1054,#1041,#132,.T.);
#884=EDGE_CURVE('',#1067,#1054,#133,.T.);
#885=EDGE_CURVE('',#1049,#1100,#37,.F.);
#886=EDGE_CURVE('',#1031,#1046,#134,.T.);
#887=EDGE_CURVE('',#1067,#1041,#135,.F.);
#888=EDGE_CURVE('',#1050,#1104,#38,.F.);
#889=EDGE_CURVE('',#1007,#1045,#136,.T.);
#890=EDGE_CURVE('',#1046,#1006,#137,.T.);
#891=EDGE_CURVE('',#1008,#1074,#39,.F.);
#892=EDGE_CURVE('',#1076,#1007,#138,.T.);
#893=EDGE_CURVE('',#1031,#1006,#139,.F.);
#894=EDGE_CURVE('',#1001,#1040,#40,.F.);
#895=EDGE_CURVE('',#1051,#1103,#140,.T.);
#896=EDGE_CURVE('',#1076,#1045,#141,.F.);
#897=EDGE_CURVE('',#1009,#1073,#142,.T.);
#898=EDGE_CURVE('',#1032,#1009,#143,.T.);
#899=EDGE_CURVE('',#989,#1039,#41,.F.);
#900=EDGE_CURVE('',#1103,#997,#144,.T.);
#901=EDGE_CURVE('',#998,#1063,#42,.T.);
#902=EDGE_CURVE('',#1051,#997,#145,.F.);
#903=EDGE_CURVE('',#1077,#1044,#43,.T.);
#904=EDGE_CURVE('',#1032,#1073,#146,.F.);
#905=EDGE_CURVE('',#990,#1038,#147,.T.);
#906=EDGE_CURVE('',#1068,#990,#148,.T.);
#907=EDGE_CURVE('',#991,#1071,#44,.F.);
#908=EDGE_CURVE('',#1106,#1070,#149,.T.);
#909=EDGE_CURVE('',#999,#1062,#150,.T.);
#910=EDGE_CURVE('',#996,#1021,#151,.T.);
#911=EDGE_CURVE('',#1022,#999,#152,.T.);
#912=EDGE_CURVE('',#1052,#996,#153,.T.);
#913=EDGE_CURVE('',#1078,#1043,#45,.T.);
#914=EDGE_CURVE('',#1033,#1072,#46,.F.);
#915=EDGE_CURVE('',#1068,#1038,#154,.F.);
#916=EDGE_CURVE('',#1106,#985,#155,.F.);
#917=EDGE_CURVE('',#985,#1070,#156,.F.);
#918=EDGE_CURVE('',#1022,#1062,#157,.F.);
#919=EDGE_CURVE('',#1052,#1021,#158,.F.);
#920=EDGE_CURVE('',#1079,#1042,#159,.T.);
#921=EDGE_CURVE('',#1034,#1095,#47,.F.);
#922=EDGE_CURVE('',#1069,#1037,#160,.T.);
#923=EDGE_CURVE('',#986,#1069,#161,.T.);
#924=EDGE_CURVE('',#1107,#984,#48,.T.);
#925=EDGE_CURVE('',#1023,#1000,#49,.T.);
#926=EDGE_CURVE('',#1053,#1020,#162,.T.);
#927=EDGE_CURVE('',#1042,#1012,#163,.T.);
#928=EDGE_CURVE('',#1013,#1053,#164,.T.);
#929=EDGE_CURVE('',#1079,#1012,#165,.F.);
#930=EDGE_CURVE('',#1035,#1094,#166,.T.);
#931=EDGE_CURVE('',#986,#1037,#167,.F.);
#932=EDGE_CURVE('',#1110,#983,#50,.T.);
#933=EDGE_CURVE('',#1024,#988,#51,.T.);
#934=EDGE_CURVE('',#1013,#1020,#168,.F.);
#935=EDGE_CURVE('',#1080,#1011,#52,.T.);
#936=EDGE_CURVE('',#1058,#1094,#169,.F.);
#937=EDGE_CURVE('',#1035,#1058,#170,.F.);
#938=EDGE_CURVE('',#1036,#1061,#171,.T.);
#939=EDGE_CURVE('',#987,#1036,#172,.T.);
#940=EDGE_CURVE('',#1111,#982,#173,.T.);
#941=EDGE_CURVE('',#975,#1111,#174,.T.);
#942=EDGE_CURVE('',#994,#974,#53,.F.);
#943=EDGE_CURVE('',#995,#973,#175,.T.);
#944=EDGE_CURVE('',#1025,#995,#176,.T.);
#945=EDGE_CURVE('',#1010,#1019,#177,.T.);
#946=EDGE_CURVE('',#1082,#1010,#178,.T.);
#947=EDGE_CURVE('',#1059,#1092,#54,.F.);
#948=EDGE_CURVE('',#987,#1061,#179,.F.);
#949=EDGE_CURVE('',#975,#982,#180,.F.);
#950=EDGE_CURVE('',#1025,#973,#181,.F.);
#951=EDGE_CURVE('',#1082,#1019,#182,.F.);
#952=EDGE_CURVE('',#1060,#1091,#183,.T.);
#953=EDGE_CURVE('',#976,#1060,#184,.T.);
#954=EDGE_CURVE('',#972,#981,#185,.T.);
#955=EDGE_CURVE('',#1026,#972,#186,.T.);
#956=EDGE_CURVE('',#1083,#1018,#55,.T.);
#957=EDGE_CURVE('',#976,#1091,#187,.F.);
#958=EDGE_CURVE('',#1026,#981,#188,.F.);
#959=EDGE_CURVE('',#1084,#1029,#56,.T.);
#960=EDGE_CURVE('',#977,#1090,#57,.F.);
#961=EDGE_CURVE('',#1027,#980,#189,.T.);
#962=EDGE_CURVE('',#1028,#1017,#190,.T.);
#963=EDGE_CURVE('',#1014,#1027,#191,.T.);
#964=EDGE_CURVE('',#1085,#1028,#192,.T.);
#965=EDGE_CURVE('',#978,#1089,#58,.F.);
#966=EDGE_CURVE('',#1014,#980,#193,.F.);
#967=EDGE_CURVE('',#1085,#1017,#194,.F.);
#968=EDGE_CURVE('',#979,#1088,#195,.T.);
#969=EDGE_CURVE('',#1015,#979,#196,.T.);
#970=EDGE_CURVE('',#1086,#1016,#59,.T.);
#971=EDGE_CURVE('',#1015,#1088,#197,.F.);
#972=VERTEX_POINT('',#2667);
#973=VERTEX_POINT('',#2668);
#974=VERTEX_POINT('',#2670);
#975=VERTEX_POINT('',#2672);
#976=VERTEX_POINT('',#2676);
#977=VERTEX_POINT('',#2677);
#978=VERTEX_POINT('',#2679);
#979=VERTEX_POINT('',#2681);
#980=VERTEX_POINT('',#2683);
#981=VERTEX_POINT('',#2685);
#982=VERTEX_POINT('',#2687);
#983=VERTEX_POINT('',#2689);
#984=VERTEX_POINT('',#2691);
#985=VERTEX_POINT('',#2693);
#986=VERTEX_POINT('',#2695);
#987=VERTEX_POINT('',#2697);
#988=VERTEX_POINT('',#2701);
#989=VERTEX_POINT('',#2702);
#990=VERTEX_POINT('',#2704);
#991=VERTEX_POINT('',#2706);
#992=VERTEX_POINT('',#2708);
#993=VERTEX_POINT('',#2710);
#994=VERTEX_POINT('',#2712);
#995=VERTEX_POINT('',#2714);
#996=VERTEX_POINT('',#2718);
#997=VERTEX_POINT('',#2719);
#998=VERTEX_POINT('',#2721);
#999=VERTEX_POINT('',#2723);
#1000=VERTEX_POINT('',#2727);
#1001=VERTEX_POINT('',#2729);
#1002=VERTEX_POINT('',#2732);
#1003=VERTEX_POINT('',#2733);
#1004=VERTEX_POINT('',#2735);
#1005=VERTEX_POINT('',#2737);
#1006=VERTEX_POINT('',#2741);
#1007=VERTEX_POINT('',#2742);
#1008=VERTEX_POINT('',#2744);
#1009=VERTEX_POINT('',#2746);
#1010=VERTEX_POINT('',#2750);
#1011=VERTEX_POINT('',#2751);
#1012=VERTEX_POINT('',#2753);
#1013=VERTEX_POINT('',#2755);
#1014=VERTEX_POINT('',#2759);
#1015=VERTEX_POINT('',#2760);
#1016=VERTEX_POINT('',#2762);
#1017=VERTEX_POINT('',#2764);
#1018=VERTEX_POINT('',#2768);
#1019=VERTEX_POINT('',#2769);
#1020=VERTEX_POINT('',#2771);
#1021=VERTEX_POINT('',#2773);
#1022=VERTEX_POINT('',#2775);
#1023=VERTEX_POINT('',#2777);
#1024=VERTEX_POINT('',#2779);
#1025=VERTEX_POINT('',#2781);
#1026=VERTEX_POINT('',#2783);
#1027=VERTEX_POINT('',#2785);
#1028=VERTEX_POINT('',#2787);
#1029=VERTEX_POINT('',#2789);
#1030=VERTEX_POINT('',#2793);
#1031=VERTEX_POINT('',#2794);
#1032=VERTEX_POINT('',#2796);
#1033=VERTEX_POINT('',#2798);
#1034=VERTEX_POINT('',#2800);
#1035=VERTEX_POINT('',#2802);
#1036=VERTEX_POINT('',#2804);
#1037=VERTEX_POINT('',#2806);
#1038=VERTEX_POINT('',#2808);
#1039=VERTEX_POINT('',#2810);
#1040=VERTEX_POINT('',#2812);
#1041=VERTEX_POINT('',#2814);
#1042=VERTEX_POINT('',#2818);
#1043=VERTEX_POINT('',#2819);
#1044=VERTEX_POINT('',#2821);
#1045=VERTEX_POINT('',#2823);
#1046=VERTEX_POINT('',#2825);
#1047=VERTEX_POINT('',#2827);
#1048=VERTEX_POINT('',#2829);
#1049=VERTEX_POINT('',#2831);
#1050=VERTEX_POINT('',#2833);
#1051=VERTEX_POINT('',#2835);
#1052=VERTEX_POINT('',#2837);
#1053=VERTEX_POINT('',#2839);
#1054=VERTEX_POINT('',#2843);
#1055=VERTEX_POINT('',#2844);
#1056=VERTEX_POINT('',#2846);
#1057=VERTEX_POINT('',#2848);
#1058=VERTEX_POINT('',#2852);
#1059=VERTEX_POINT('',#2853);
#1060=VERTEX_POINT('',#2855);
#1061=VERTEX_POINT('',#2857);
#1062=VERTEX_POINT('',#2861);
#1063=VERTEX_POINT('',#2863);
#1064=VERTEX_POINT('',#2865);
#1065=VERTEX_POINT('',#2867);
#1066=VERTEX_POINT('',#2869);
#1067=VERTEX_POINT('',#2871);
#1068=VERTEX_POINT('',#2875);
#1069=VERTEX_POINT('',#2876);
#1070=VERTEX_POINT('',#2878);
#1071=VERTEX_POINT('',#2880);
#1072=VERTEX_POINT('',#2884);
#1073=VERTEX_POINT('',#2885);
#1074=VERTEX_POINT('',#2887);
#1075=VERTEX_POINT('',#2889);
#1076=VERTEX_POINT('',#2893);
#1077=VERTEX_POINT('',#2895);
#1078=VERTEX_POINT('',#2899);
#1079=VERTEX_POINT('',#2900);
#1080=VERTEX_POINT('',#2902);
#1081=VERTEX_POINT('',#2904);
#1082=VERTEX_POINT('',#2908);
#1083=VERTEX_POINT('',#2910);
#1084=VERTEX_POINT('',#2914);
#1085=VERTEX_POINT('',#2915);
#1086=VERTEX_POINT('',#2917);
#1087=VERTEX_POINT('',#2919);
#1088=VERTEX_POINT('',#2923);
#1089=VERTEX_POINT('',#2925);
#1090=VERTEX_POINT('',#2929);
#1091=VERTEX_POINT('',#2930);
#1092=VERTEX_POINT('',#2932);
#1093=VERTEX_POINT('',#2934);
#1094=VERTEX_POINT('',#2938);
#1095=VERTEX_POINT('',#2940);
#1096=VERTEX_POINT('',#2949);
#1097=VERTEX_POINT('',#2951);
#1098=VERTEX_POINT('',#2955);
#1099=VERTEX_POINT('',#2959);
#1100=VERTEX_POINT('',#2966);
#1101=VERTEX_POINT('',#2967);
#1102=VERTEX_POINT('',#2969);
#1103=VERTEX_POINT('',#2974);
#1104=VERTEX_POINT('',#2976);
#1105=VERTEX_POINT('',#2978);
#1106=VERTEX_POINT('',#2985);
#1107=VERTEX_POINT('',#2987);
#1108=VERTEX_POINT('',#2989);
#1109=VERTEX_POINT('',#2993);
#1110=VERTEX_POINT('',#2994);
#1111=VERTEX_POINT('',#2996);
#1112=LINE('',#2666,#1270);
#1113=LINE('',#2669,#1271);
#1114=LINE('',#2671,#1272);
#1115=LINE('',#2673,#1273);
#1116=LINE('',#2675,#1274);
#1117=LINE('',#2678,#1275);
#1118=LINE('',#2680,#1276);
#1119=LINE('',#2682,#1277);
#1120=LINE('',#2684,#1278);
#1121=LINE('',#2686,#1279);
#1122=LINE('',#2688,#1280);
#1123=LINE('',#2690,#1281);
#1124=LINE('',#2692,#1282);
#1125=LINE('',#2694,#1283);
#1126=LINE('',#2696,#1284);
#1127=LINE('',#2698,#1285);
#1128=LINE('',#2700,#1286);
#1129=LINE('',#2703,#1287);
#1130=LINE('',#2705,#1288);
#1131=LINE('',#2707,#1289);
#1132=LINE('',#2709,#1290);
#1133=LINE('',#2711,#1291);
#1134=LINE('',#2713,#1292);
#1135=LINE('',#2715,#1293);
#1136=LINE('',#2717,#1294);
#1137=LINE('',#2720,#1295);
#1138=LINE('',#2722,#1296);
#1139=LINE('',#2724,#1297);
#1140=LINE('',#2726,#1298);
#1141=LINE('',#2728,#1299);
#1142=LINE('',#2730,#1300);
#1143=LINE('',#2731,#1301);
#1144=LINE('',#2734,#1302);
#1145=LINE('',#2736,#1303);
#1146=LINE('',#2738,#1304);
#1147=LINE('',#2740,#1305);
#1148=LINE('',#2743,#1306);
#1149=LINE('',#2745,#1307);
#1150=LINE('',#2747,#1308);
#1151=LINE('',#2749,#1309);
#1152=LINE('',#2752,#1310);
#1153=LINE('',#2754,#1311);
#1154=LINE('',#2756,#1312);
#1155=LINE('',#2758,#1313);
#1156=LINE('',#2761,#1314);
#1157=LINE('',#2763,#1315);
#1158=LINE('',#2765,#1316);
#1159=LINE('',#2767,#1317);
#1160=LINE('',#2770,#1318);
#1161=LINE('',#2772,#1319);
#1162=LINE('',#2774,#1320);
#1163=LINE('',#2776,#1321);
#1164=LINE('',#2778,#1322);
#1165=LINE('',#2780,#1323);
#1166=LINE('',#2782,#1324);
#1167=LINE('',#2784,#1325);
#1168=LINE('',#2786,#1326);
#1169=LINE('',#2788,#1327);
#1170=LINE('',#2790,#1328);
#1171=LINE('',#2792,#1329);
#1172=LINE('',#2795,#1330);
#1173=LINE('',#2797,#1331);
#1174=LINE('',#2799,#1332);
#1175=LINE('',#2801,#1333);
#1176=LINE('',#2803,#1334);
#1177=LINE('',#2805,#1335);
#1178=LINE('',#2807,#1336);
#1179=LINE('',#2809,#1337);
#1180=LINE('',#2811,#1338);
#1181=LINE('',#2813,#1339);
#1182=LINE('',#2815,#1340);
#1183=LINE('',#2817,#1341);
#1184=LINE('',#2820,#1342);
#1185=LINE('',#2822,#1343);
#1186=LINE('',#2824,#1344);
#1187=LINE('',#2826,#1345);
#1188=LINE('',#2828,#1346);
#1189=LINE('',#2830,#1347);
#1190=LINE('',#2832,#1348);
#1191=LINE('',#2834,#1349);
#1192=LINE('',#2836,#1350);
#1193=LINE('',#2838,#1351);
#1194=LINE('',#2840,#1352);
#1195=LINE('',#2842,#1353);
#1196=LINE('',#2845,#1354);
#1197=LINE('',#2847,#1355);
#1198=LINE('',#2849,#1356);
#1199=LINE('',#2851,#1357);
#1200=LINE('',#2854,#1358);
#1201=LINE('',#2856,#1359);
#1202=LINE('',#2858,#1360);
#1203=LINE('',#2860,#1361);
#1204=LINE('',#2862,#1362);
#1205=LINE('',#2864,#1363);
#1206=LINE('',#2866,#1364);
#1207=LINE('',#2868,#1365);
#1208=LINE('',#2870,#1366);
#1209=LINE('',#2872,#1367);
#1210=LINE('',#2874,#1368);
#1211=LINE('',#2877,#1369);
#1212=LINE('',#2879,#1370);
#1213=LINE('',#2881,#1371);
#1214=LINE('',#2883,#1372);
#1215=LINE('',#2886,#1373);
#1216=LINE('',#2888,#1374);
#1217=LINE('',#2890,#1375);
#1218=LINE('',#2892,#1376);
#1219=LINE('',#2894,#1377);
#1220=LINE('',#2896,#1378);
#1221=LINE('',#2898,#1379);
#1222=LINE('',#2901,#1380);
#1223=LINE('',#2903,#1381);
#1224=LINE('',#2905,#1382);
#1225=LINE('',#2907,#1383);
#1226=LINE('',#2909,#1384);
#1227=LINE('',#2911,#1385);
#1228=LINE('',#2913,#1386);
#1229=LINE('',#2916,#1387);
#1230=LINE('',#2918,#1388);
#1231=LINE('',#2920,#1389);
#1232=LINE('',#2922,#1390);
#1233=LINE('',#2924,#1391);
#1234=LINE('',#2926,#1392);
#1235=LINE('',#2928,#1393);
#1236=LINE('',#2931,#1394);
#1237=LINE('',#2933,#1395);
#1238=LINE('',#2935,#1396);
#1239=LINE('',#2937,#1397);
#1240=LINE('',#2939,#1398);
#1241=LINE('',#2941,#1399);
#1242=LINE('',#2943,#1400);
#1243=LINE('',#2944,#1401);
#1244=LINE('',#2945,#1402);
#1245=LINE('',#2946,#1403);
#1246=LINE('',#2948,#1404);
#1247=LINE('',#2950,#1405);
#1248=LINE('',#2952,#1406);
#1249=LINE('',#2954,#1407);
#1250=LINE('',#2956,#1408);
#1251=LINE('',#2958,#1409);
#1252=LINE('',#2960,#1410);
#1253=LINE('',#2962,#1411);
#1254=LINE('',#2965,#1412);
#1255=LINE('',#2968,#1413);
#1256=LINE('',#2970,#1414);
#1257=LINE('',#2973,#1415);
#1258=LINE('',#2975,#1416);
#1259=LINE('',#2977,#1417);
#1260=LINE('',#2981,#1418);
#1261=LINE('',#2982,#1419);
#1262=LINE('',#2984,#1420);
#1263=LINE('',#2986,#1421);
#1264=LINE('',#2988,#1422);
#1265=LINE('',#2992,#1423);
#1266=LINE('',#2995,#1424);
#1267=LINE('',#2997,#1425);
#1268=LINE('',#3000,#1426);
#1269=LINE('',#3001,#1427);
#1270=VECTOR('',#2066,1.);
#1271=VECTOR('',#2067,1.);
#1272=VECTOR('',#2068,1.);
#1273=VECTOR('',#2069,1.);
#1274=VECTOR('',#2072,1.);
#1275=VECTOR('',#2073,1.);
#1276=VECTOR('',#2074,1.);
#1277=VECTOR('',#2075,1.);
#1278=VECTOR('',#2076,1.);
#1279=VECTOR('',#2077,1.);
#1280=VECTOR('',#2078,1.);
#1281=VECTOR('',#2079,1.);
#1282=VECTOR('',#2080,1.);
#1283=VECTOR('',#2081,1.);
#1284=VECTOR('',#2082,1.);
#1285=VECTOR('',#2083,1.);
#1286=VECTOR('',#2086,1.);
#1287=VECTOR('',#2087,1.);
#1288=VECTOR('',#2088,1.);
#1289=VECTOR('',#2089,1.);
#1290=VECTOR('',#2090,1.);
#1291=VECTOR('',#2091,1.);
#1292=VECTOR('',#2092,1.);
#1293=VECTOR('',#2093,1.);
#1294=VECTOR('',#2096,1.);
#1295=VECTOR('',#2097,1.);
#1296=VECTOR('',#2098,1.);
#1297=VECTOR('',#2099,1.);
#1298=VECTOR('',#2102,1.);
#1299=VECTOR('',#2103,1.);
#1300=VECTOR('',#2104,1.);
#1301=VECTOR('',#2105,1.);
#1302=VECTOR('',#2106,1.);
#1303=VECTOR('',#2107,1.);
#1304=VECTOR('',#2108,1.);
#1305=VECTOR('',#2111,1.);
#1306=VECTOR('',#2112,1.);
#1307=VECTOR('',#2113,1.);
#1308=VECTOR('',#2114,1.);
#1309=VECTOR('',#2117,1.);
#1310=VECTOR('',#2118,1.);
#1311=VECTOR('',#2119,1.);
#1312=VECTOR('',#2120,1.);
#1313=VECTOR('',#2123,1.);
#1314=VECTOR('',#2124,1.);
#1315=VECTOR('',#2125,1.);
#1316=VECTOR('',#2126,1.);
#1317=VECTOR('',#2129,1.);
#1318=VECTOR('',#2130,1.);
#1319=VECTOR('',#2131,1.);
#1320=VECTOR('',#2132,1.);
#1321=VECTOR('',#2133,1.);
#1322=VECTOR('',#2134,1.);
#1323=VECTOR('',#2135,1.);
#1324=VECTOR('',#2136,1.);
#1325=VECTOR('',#2137,1.);
#1326=VECTOR('',#2138,1.);
#1327=VECTOR('',#2139,1.);
#1328=VECTOR('',#2140,1.);
#1329=VECTOR('',#2143,1.);
#1330=VECTOR('',#2144,1.);
#1331=VECTOR('',#2145,1.);
#1332=VECTOR('',#2146,1.);
#1333=VECTOR('',#2147,1.);
#1334=VECTOR('',#2148,1.);
#1335=VECTOR('',#2149,1.);
#1336=VECTOR('',#2150,1.);
#1337=VECTOR('',#2151,1.);
#1338=VECTOR('',#2152,1.);
#1339=VECTOR('',#2153,1.);
#1340=VECTOR('',#2154,1.);
#1341=VECTOR('',#2157,1.);
#1342=VECTOR('',#2158,1.);
#1343=VECTOR('',#2159,1.);
#1344=VECTOR('',#2160,1.);
#1345=VECTOR('',#2161,1.);
#1346=VECTOR('',#2162,1.);
#1347=VECTOR('',#2163,1.);
#1348=VECTOR('',#2164,1.);
#1349=VECTOR('',#2165,1.);
#1350=VECTOR('',#2166,1.);
#1351=VECTOR('',#2167,1.);
#1352=VECTOR('',#2168,1.);
#1353=VECTOR('',#2171,1.);
#1354=VECTOR('',#2172,1.);
#1355=VECTOR('',#2173,1.);
#1356=VECTOR('',#2174,1.);
#1357=VECTOR('',#2177,1.);
#1358=VECTOR('',#2178,1.);
#1359=VECTOR('',#2179,1.);
#1360=VECTOR('',#2180,1.);
#1361=VECTOR('',#2183,1.);
#1362=VECTOR('',#2184,1.);
#1363=VECTOR('',#2185,1.);
#1364=VECTOR('',#2186,1.);
#1365=VECTOR('',#2187,1.);
#1366=VECTOR('',#2188,1.);
#1367=VECTOR('',#2189,1.);
#1368=VECTOR('',#2192,1.);
#1369=VECTOR('',#2193,1.);
#1370=VECTOR('',#2194,1.);
#1371=VECTOR('',#2195,1.);
#1372=VECTOR('',#2198,1.);
#1373=VECTOR('',#2199,1.);
#1374=VECTOR('',#2200,1.);
#1375=VECTOR('',#2201,1.);
#1376=VECTOR('',#2204,1.);
#1377=VECTOR('',#2205,1.);
#1378=VECTOR('',#2206,1.);
#1379=VECTOR('',#2209,1.);
#1380=VECTOR('',#2210,1.);
#1381=VECTOR('',#2211,1.);
#1382=VECTOR('',#2212,1.);
#1383=VECTOR('',#2215,1.);
#1384=VECTOR('',#2216,1.);
#1385=VECTOR('',#2217,1.);
#1386=VECTOR('',#2220,1.);
#1387=VECTOR('',#2221,1.);
#1388=VECTOR('',#2222,1.);
#1389=VECTOR('',#2223,1.);
#1390=VECTOR('',#2226,1.);
#1391=VECTOR('',#2227,1.);
#1392=VECTOR('',#2228,1.);
#1393=VECTOR('',#2231,1.);
#1394=VECTOR('',#2232,1.);
#1395=VECTOR('',#2233,1.);
#1396=VECTOR('',#2234,1.);
#1397=VECTOR('',#2237,1.);
#1398=VECTOR('',#2238,1.);
#1399=VECTOR('',#2239,1.);
#1400=VECTOR('',#2242,1.);
#1401=VECTOR('',#2243,1.);
#1402=VECTOR('',#2244,1.);
#1403=VECTOR('',#2245,1.);
#1404=VECTOR('',#2248,1.);
#1405=VECTOR('',#2249,1.);
#1406=VECTOR('',#2250,1.);
#1407=VECTOR('',#2253,1.);
#1408=VECTOR('',#2254,1.);
#1409=VECTOR('',#2257,1.);
#1410=VECTOR('',#2258,1.);
#1411=VECTOR('',#2261,1.);
#1412=VECTOR('',#2266,1.);
#1413=VECTOR('',#2267,1.);
#1414=VECTOR('',#2268,1.);
#1415=VECTOR('',#2273,1.);
#1416=VECTOR('',#2274,1.);
#1417=VECTOR('',#2275,1.);
#1418=VECTOR('',#2280,1.);
#1419=VECTOR('',#2281,1.);
#1420=VECTOR('',#2284,1.);
#1421=VECTOR('',#2285,1.);
#1422=VECTOR('',#2286,1.);
#1423=VECTOR('',#2291,1.);
#1424=VECTOR('',#2292,1.);
#1425=VECTOR('',#2293,1.);
#1426=VECTOR('',#2298,1.);
#1427=VECTOR('',#2299,1.);
#1428=EDGE_LOOP('',(#198,#199,#200,#201));
#1429=EDGE_LOOP('',(#202,#203,#204,#205,#206,#207,#208,#209,#210,#211,#212,
#213));
#1430=EDGE_LOOP('',(#214,#215,#216,#217,#218,#219,#220,#221));
#1431=EDGE_LOOP('',(#222,#223,#224,#225));
#1432=EDGE_LOOP('',(#226,#227,#228,#229));
#1433=EDGE_LOOP('',(#230,#231,#232,#233));
#1434=EDGE_LOOP('',(#234,#235,#236,#237));
#1435=EDGE_LOOP('',(#238,#239,#240,#241));
#1436=EDGE_LOOP('',(#242,#243,#244,#245));
#1437=EDGE_LOOP('',(#246,#247,#248,#249,#250,#251,#252,#253,#254,#255,#256,
#257));
#1438=EDGE_LOOP('',(#258,#259,#260,#261,#262,#263,#264,#265,#266,#267,#268,
#269));
#1439=EDGE_LOOP('',(#270,#271,#272,#273,#274,#275,#276,#277,#278,#279,#280,
#281));
#1440=EDGE_LOOP('',(#282,#283,#284,#285));
#1441=EDGE_LOOP('',(#286,#287,#288,#289));
#1442=EDGE_LOOP('',(#290,#291,#292,#293,#294,#295,#296,#297));
#1443=EDGE_LOOP('',(#298,#299,#300,#301));
#1444=EDGE_LOOP('',(#302,#303,#304,#305));
#1445=EDGE_LOOP('',(#306,#307,#308,#309));
#1446=EDGE_LOOP('',(#310,#311,#312,#313));
#1447=EDGE_LOOP('',(#314,#315,#316,#317));
#1448=EDGE_LOOP('',(#318,#319,#320,#321));
#1449=EDGE_LOOP('',(#322,#323,#324,#325));
#1450=EDGE_LOOP('',(#326,#327,#328,#329));
#1451=EDGE_LOOP('',(#330,#331,#332,#333));
#1452=EDGE_LOOP('',(#334,#335,#336,#337,#338,#339,#340,#341,#342,#343,#344,
#345));
#1453=EDGE_LOOP('',(#346,#347,#348,#349));
#1454=EDGE_LOOP('',(#350,#351,#352,#353));
#1455=EDGE_LOOP('',(#354,#355,#356,#357));
#1456=EDGE_LOOP('',(#358,#359,#360,#361));
#1457=EDGE_LOOP('',(#362,#363,#364,#365));
#1458=EDGE_LOOP('',(#366,#367,#368,#369,#370));
#1459=EDGE_LOOP('',(#371,#372,#373,#374,#375));
#1460=EDGE_LOOP('',(#376,#377,#378,#379));
#1461=EDGE_LOOP('',(#380,#381,#382,#383,#384));
#1462=EDGE_LOOP('',(#385,#386,#387,#388,#389));
#1463=EDGE_LOOP('',(#390,#391,#392,#393));
#1464=EDGE_LOOP('',(#394,#395,#396,#397));
#1465=EDGE_LOOP('',(#398,#399,#400,#401));
#1466=EDGE_LOOP('',(#402,#403,#404));
#1467=EDGE_LOOP('',(#405,#406,#407));
#1468=EDGE_LOOP('',(#408,#409,#410,#411));
#1469=EDGE_LOOP('',(#412,#413,#414,#415));
#1470=EDGE_LOOP('',(#416,#417,#418,#419));
#1471=EDGE_LOOP('',(#420,#421,#422,#423));
#1472=EDGE_LOOP('',(#424,#425,#426));
#1473=EDGE_LOOP('',(#427,#428,#429,#430));
#1474=EDGE_LOOP('',(#431,#432,#433,#434));
#1475=EDGE_LOOP('',(#435,#436,#437,#438));
#1476=EDGE_LOOP('',(#439,#440,#441));
#1477=EDGE_LOOP('',(#442,#443,#444,#445));
#1478=EDGE_LOOP('',(#446,#447,#448,#449));
#1479=EDGE_LOOP('',(#450,#451,#452));
#1480=EDGE_LOOP('',(#453,#454,#455,#456));
#1481=EDGE_LOOP('',(#457,#458,#459,#460));
#1482=EDGE_LOOP('',(#461,#462,#463,#464));
#1483=EDGE_LOOP('',(#465,#466,#467,#468));
#1484=EDGE_LOOP('',(#469,#470,#471));
#1485=EDGE_LOOP('',(#472,#473,#474,#475));
#1486=EDGE_LOOP('',(#476,#477,#478));
#1487=EDGE_LOOP('',(#479,#480,#481,#482));
#1488=EDGE_LOOP('',(#483,#484,#485,#486));
#1489=EDGE_LOOP('',(#487,#488,#489,#490));
#1490=EDGE_LOOP('',(#491,#492,#493,#494));
#1491=EDGE_LOOP('',(#495,#496,#497,#498));
#1492=EDGE_LOOP('',(#499,#500,#501,#502));
#1493=EDGE_LOOP('',(#503,#504,#505,#506));
#1494=EDGE_LOOP('',(#507,#508,#509,#510));
#1495=EDGE_LOOP('',(#511,#512,#513));
#1496=EDGE_LOOP('',(#514,#515,#516));
#1497=EDGE_LOOP('',(#517,#518,#519));
#1498=EDGE_LOOP('',(#520,#521,#522));
#1499=EDGE_LOOP('',(#523,#524,#525,#526));
#1500=EDGE_LOOP('',(#527,#528,#529,#530));
#1501=EDGE_LOOP('',(#531,#532,#533,#534));
#1502=EDGE_LOOP('',(#535,#536,#537,#538));
#1503=EDGE_LOOP('',(#539,#540,#541,#542));
#1504=EDGE_LOOP('',(#543,#544,#545,#546));
#1505=EDGE_LOOP('',(#547,#548,#549,#550));
#1506=EDGE_LOOP('',(#551,#552,#553,#554));
#1507=EDGE_LOOP('',(#555,#556,#557));
#1508=EDGE_LOOP('',(#558,#559,#560,#561));
#1509=EDGE_LOOP('',(#562,#563,#564));
#1510=EDGE_LOOP('',(#565,#566,#567,#568));
#1511=EDGE_LOOP('',(#569,#570,#571,#572));
#1512=EDGE_LOOP('',(#573,#574,#575));
#1513=EDGE_LOOP('',(#576,#577,#578,#579));
#1514=EDGE_LOOP('',(#580,#581,#582));
#1515=EDGE_LOOP('',(#583,#584,#585,#586));
#1516=EDGE_LOOP('',(#587,#588,#589,#590));
#1517=EDGE_LOOP('',(#591,#592,#593,#594));
#1518=EDGE_LOOP('',(#595,#596,#597,#598));
#1519=EDGE_LOOP('',(#599,#600,#601,#602));
#1520=EDGE_LOOP('',(#603,#604,#605,#606));
#1521=EDGE_LOOP('',(#607,#608,#609,#610));
#1522=EDGE_LOOP('',(#611,#612,#613,#614));
#1523=EDGE_LOOP('',(#615,#616,#617,#618));
#1524=EDGE_LOOP('',(#619,#620,#621));
#1525=EDGE_LOOP('',(#622,#623,#624));
#1526=EDGE_LOOP('',(#625,#626,#627));
#1527=EDGE_LOOP('',(#628,#629,#630));
#1528=EDGE_LOOP('',(#631,#632,#633,#634));
#1529=EDGE_LOOP('',(#635,#636,#637,#638));
#1530=EDGE_LOOP('',(#639,#640,#641,#642));
#1531=EDGE_LOOP('',(#643,#644,#645,#646));
#1532=EDGE_LOOP('',(#647,#648,#649,#650));
#1533=EDGE_LOOP('',(#651,#652,#653));
#1534=EDGE_LOOP('',(#654,#655,#656));
#1535=EDGE_LOOP('',(#657,#658,#659,#660));
#1536=EDGE_LOOP('',(#661,#662,#663,#664));
#1537=EDGE_LOOP('',(#665,#666,#667,#668));
#1538=EDGE_LOOP('',(#669,#670,#671,#672));
#1539=EDGE_LOOP('',(#673,#674,#675,#676));
#1540=EDGE_LOOP('',(#677,#678,#679,#680));
#1541=EDGE_LOOP('',(#681,#682,#683));
#1542=EDGE_LOOP('',(#684,#685,#686));
#1543=EDGE_LOOP('',(#687,#688,#689,#690));
#1544=EDGE_LOOP('',(#691,#692,#693,#694));
#1545=EDGE_LOOP('',(#695,#696,#697,#698));
#1546=EDGE_LOOP('',(#699,#700,#701));
#1547=EDGE_LOOP('',(#702,#703,#704,#705));
#1548=EDGE_LOOP('',(#706,#707,#708,#709));
#1549=EDGE_LOOP('',(#710,#711,#712,#713));
#1550=FACE_BOUND('',#1428,.T.);
#1551=FACE_BOUND('',#1429,.T.);
#1552=FACE_BOUND('',#1430,.T.);
#1553=FACE_BOUND('',#1431,.T.);
#1554=FACE_BOUND('',#1432,.T.);
#1555=FACE_BOUND('',#1433,.T.);
#1556=FACE_BOUND('',#1434,.T.);
#1557=FACE_BOUND('',#1435,.T.);
#1558=FACE_BOUND('',#1436,.T.);
#1559=FACE_BOUND('',#1437,.T.);
#1560=FACE_BOUND('',#1438,.T.);
#1561=FACE_BOUND('',#1439,.T.);
#1562=FACE_BOUND('',#1440,.T.);
#1563=FACE_BOUND('',#1441,.T.);
#1564=FACE_BOUND('',#1442,.T.);
#1565=FACE_BOUND('',#1443,.T.);
#1566=FACE_BOUND('',#1444,.T.);
#1567=FACE_BOUND('',#1445,.T.);
#1568=FACE_BOUND('',#1446,.T.);
#1569=FACE_BOUND('',#1447,.T.);
#1570=FACE_BOUND('',#1448,.T.);
#1571=FACE_BOUND('',#1449,.T.);
#1572=FACE_BOUND('',#1450,.T.);
#1573=FACE_BOUND('',#1451,.T.);
#1574=FACE_BOUND('',#1452,.T.);
#1575=FACE_BOUND('',#1453,.T.);
#1576=FACE_BOUND('',#1454,.T.);
#1577=FACE_BOUND('',#1455,.T.);
#1578=FACE_BOUND('',#1456,.T.);
#1579=FACE_BOUND('',#1457,.T.);
#1580=FACE_BOUND('',#1458,.T.);
#1581=FACE_BOUND('',#1459,.T.);
#1582=FACE_BOUND('',#1460,.T.);
#1583=FACE_BOUND('',#1461,.T.);
#1584=FACE_BOUND('',#1462,.T.);
#1585=FACE_BOUND('',#1463,.T.);
#1586=FACE_BOUND('',#1464,.T.);
#1587=FACE_BOUND('',#1465,.T.);
#1588=FACE_BOUND('',#1466,.T.);
#1589=FACE_BOUND('',#1467,.T.);
#1590=FACE_BOUND('',#1468,.T.);
#1591=FACE_BOUND('',#1469,.T.);
#1592=FACE_BOUND('',#1470,.T.);
#1593=FACE_BOUND('',#1471,.T.);
#1594=FACE_BOUND('',#1472,.T.);
#1595=FACE_BOUND('',#1473,.T.);
#1596=FACE_BOUND('',#1474,.T.);
#1597=FACE_BOUND('',#1475,.T.);
#1598=FACE_BOUND('',#1476,.T.);
#1599=FACE_BOUND('',#1477,.T.);
#1600=FACE_BOUND('',#1478,.T.);
#1601=FACE_BOUND('',#1479,.T.);
#1602=FACE_BOUND('',#1480,.T.);
#1603=FACE_BOUND('',#1481,.T.);
#1604=FACE_BOUND('',#1482,.T.);
#1605=FACE_BOUND('',#1483,.T.);
#1606=FACE_BOUND('',#1484,.T.);
#1607=FACE_BOUND('',#1485,.T.);
#1608=FACE_BOUND('',#1486,.T.);
#1609=FACE_BOUND('',#1487,.T.);
#1610=FACE_BOUND('',#1488,.T.);
#1611=FACE_BOUND('',#1489,.T.);
#1612=FACE_BOUND('',#1490,.T.);
#1613=FACE_BOUND('',#1491,.T.);
#1614=FACE_BOUND('',#1492,.T.);
#1615=FACE_BOUND('',#1493,.T.);
#1616=FACE_BOUND('',#1494,.T.);
#1617=FACE_BOUND('',#1495,.T.);
#1618=FACE_BOUND('',#1496,.T.);
#1619=FACE_BOUND('',#1497,.T.);
#1620=FACE_BOUND('',#1498,.T.);
#1621=FACE_BOUND('',#1499,.T.);
#1622=FACE_BOUND('',#1500,.T.);
#1623=FACE_BOUND('',#1501,.T.);
#1624=FACE_BOUND('',#1502,.T.);
#1625=FACE_BOUND('',#1503,.T.);
#1626=FACE_BOUND('',#1504,.T.);
#1627=FACE_BOUND('',#1505,.T.);
#1628=FACE_BOUND('',#1506,.T.);
#1629=FACE_BOUND('',#1507,.T.);
#1630=FACE_BOUND('',#1508,.T.);
#1631=FACE_BOUND('',#1509,.T.);
#1632=FACE_BOUND('',#1510,.T.);
#1633=FACE_BOUND('',#1511,.T.);
#1634=FACE_BOUND('',#1512,.T.);
#1635=FACE_BOUND('',#1513,.T.);
#1636=FACE_BOUND('',#1514,.T.);
#1637=FACE_BOUND('',#1515,.T.);
#1638=FACE_BOUND('',#1516,.T.);
#1639=FACE_BOUND('',#1517,.T.);
#1640=FACE_BOUND('',#1518,.T.);
#1641=FACE_BOUND('',#1519,.T.);
#1642=FACE_BOUND('',#1520,.T.);
#1643=FACE_BOUND('',#1521,.T.);
#1644=FACE_BOUND('',#1522,.T.);
#1645=FACE_BOUND('',#1523,.T.);
#1646=FACE_BOUND('',#1524,.T.);
#1647=FACE_BOUND('',#1525,.T.);
#1648=FACE_BOUND('',#1526,.T.);
#1649=FACE_BOUND('',#1527,.T.);
#1650=FACE_BOUND('',#1528,.T.);
#1651=FACE_BOUND('',#1529,.T.);
#1652=FACE_BOUND('',#1530,.T.);
#1653=FACE_BOUND('',#1531,.T.);
#1654=FACE_BOUND('',#1532,.T.);
#1655=FACE_BOUND('',#1533,.T.);
#1656=FACE_BOUND('',#1534,.T.);
#1657=FACE_BOUND('',#1535,.T.);
#1658=FACE_BOUND('',#1536,.T.);
#1659=FACE_BOUND('',#1537,.T.);
#1660=FACE_BOUND('',#1538,.T.);
#1661=FACE_BOUND('',#1539,.T.);
#1662=FACE_BOUND('',#1540,.T.);
#1663=FACE_BOUND('',#1541,.T.);
#1664=FACE_BOUND('',#1542,.T.);
#1665=FACE_BOUND('',#1543,.T.);
#1666=FACE_BOUND('',#1544,.T.);
#1667=FACE_BOUND('',#1545,.T.);
#1668=FACE_BOUND('',#1546,.T.);
#1669=FACE_BOUND('',#1547,.T.);
#1670=FACE_BOUND('',#1548,.T.);
#1671=FACE_BOUND('',#1549,.T.);
#1672=PLANE('',#1841);
#1673=PLANE('',#1842);
#1674=PLANE('',#1843);
#1675=PLANE('',#1844);
#1676=PLANE('',#1845);
#1677=PLANE('',#1846);
#1678=PLANE('',#1847);
#1679=PLANE('',#1848);
#1680=PLANE('',#1849);
#1681=PLANE('',#1850);
#1682=PLANE('',#1851);
#1683=PLANE('',#1852);
#1684=PLANE('',#1853);
#1685=PLANE('',#1854);
#1686=PLANE('',#1855);
#1687=PLANE('',#1856);
#1688=PLANE('',#1857);
#1689=PLANE('',#1858);
#1690=PLANE('',#1859);
#1691=PLANE('',#1860);
#1692=PLANE('',#1861);
#1693=PLANE('',#1862);
#1694=PLANE('',#1863);
#1695=PLANE('',#1864);
#1696=PLANE('',#1865);
#1697=PLANE('',#1866);
#1698=PLANE('',#1867);
#1699=PLANE('',#1868);
#1700=PLANE('',#1869);
#1701=PLANE('',#1870);
#1702=PLANE('',#1872);
#1703=PLANE('',#1874);
#1704=PLANE('',#1875);
#1705=PLANE('',#1877);
#1706=PLANE('',#1879);
#1707=ADVANCED_FACE('',(#1550),#1672,.T.);
#1708=ADVANCED_FACE('',(#1551),#1673,.T.);
#1709=ADVANCED_FACE('',(#1552),#1674,.T.);
#1710=ADVANCED_FACE('',(#1553),#1675,.T.);
#1711=ADVANCED_FACE('',(#1554,#1555),#1676,.T.);
#1712=ADVANCED_FACE('',(#1556),#1677,.F.);
#1713=ADVANCED_FACE('',(#1557),#1678,.F.);
#1714=ADVANCED_FACE('',(#1558),#1679,.F.);
#1715=ADVANCED_FACE('',(#1559),#1680,.T.);
#1716=ADVANCED_FACE('',(#1560),#1681,.F.);
#1717=ADVANCED_FACE('',(#1561),#1682,.F.);
#1718=ADVANCED_FACE('',(#1562),#1683,.T.);
#1719=ADVANCED_FACE('',(#1563),#1684,.F.);
#1720=ADVANCED_FACE('',(#1564),#1685,.F.);
#1721=ADVANCED_FACE('',(#1565),#1686,.T.);
#1722=ADVANCED_FACE('',(#1566),#1687,.F.);
#1723=ADVANCED_FACE('',(#1567),#1688,.T.);
#1724=ADVANCED_FACE('',(#1568),#1689,.F.);
#1725=ADVANCED_FACE('',(#1569),#1690,.F.);
#1726=ADVANCED_FACE('',(#1570),#1691,.T.);
#1727=ADVANCED_FACE('',(#1571),#1692,.F.);
#1728=ADVANCED_FACE('',(#1572),#1693,.T.);
#1729=ADVANCED_FACE('',(#1573),#1694,.T.);
#1730=ADVANCED_FACE('',(#1574),#1695,.T.);
#1731=ADVANCED_FACE('',(#1575),#1696,.T.);
#1732=ADVANCED_FACE('',(#1576),#1697,.F.);
#1733=ADVANCED_FACE('',(#1577),#1698,.F.);
#1734=ADVANCED_FACE('',(#1578),#1699,.T.);
#1735=ADVANCED_FACE('',(#1579),#1700,.T.);
#1736=ADVANCED_FACE('',(#1580),#1701,.F.);
#1737=ADVANCED_FACE('',(#1581),#1702,.T.);
#1738=ADVANCED_FACE('',(#1582),#1703,.T.);
#1739=ADVANCED_FACE('',(#1583),#1704,.F.);
#1740=ADVANCED_FACE('',(#1584),#1705,.T.);
#1741=ADVANCED_FACE('',(#1585),#1706,.T.);
#1742=ADVANCED_FACE('',(#1586),#60,.T.);
#1743=ADVANCED_FACE('',(#1587),#61,.T.);
#1744=ADVANCED_FACE('',(#1588),#12,.T.);
#1745=ADVANCED_FACE('',(#1589),#13,.T.);
#1746=ADVANCED_FACE('',(#1590),#62,.T.);
#1747=ADVANCED_FACE('',(#1591),#63,.T.);
#1748=ADVANCED_FACE('',(#1592),#64,.T.);
#1749=ADVANCED_FACE('',(#1593),#65,.T.);
#1750=ADVANCED_FACE('',(#1594),#14,.T.);
#1751=ADVANCED_FACE('',(#1595),#66,.T.);
#1752=ADVANCED_FACE('',(#1596),#67,.T.);
#1753=ADVANCED_FACE('',(#1597),#68,.T.);
#1754=ADVANCED_FACE('',(#1598),#15,.T.);
#1755=ADVANCED_FACE('',(#1599),#69,.T.);
#1756=ADVANCED_FACE('',(#1600),#70,.T.);
#1757=ADVANCED_FACE('',(#1601),#16,.T.);
#1758=ADVANCED_FACE('',(#1602),#71,.T.);
#1759=ADVANCED_FACE('',(#1603),#72,.T.);
#1760=ADVANCED_FACE('',(#1604),#73,.T.);
#1761=ADVANCED_FACE('',(#1605),#74,.T.);
#1762=ADVANCED_FACE('',(#1606),#17,.T.);
#1763=ADVANCED_FACE('',(#1607),#75,.T.);
#1764=ADVANCED_FACE('',(#1608),#18,.T.);
#1765=ADVANCED_FACE('',(#1609),#76,.T.);
#1766=ADVANCED_FACE('',(#1610),#77,.T.);
#1767=ADVANCED_FACE('',(#1611),#78,.T.);
#1768=ADVANCED_FACE('',(#1612),#79,.T.);
#1769=ADVANCED_FACE('',(#1613),#80,.T.);
#1770=ADVANCED_FACE('',(#1614),#81,.T.);
#1771=ADVANCED_FACE('',(#1615),#82,.T.);
#1772=ADVANCED_FACE('',(#1616),#83,.T.);
#1773=ADVANCED_FACE('',(#1617),#19,.T.);
#1774=ADVANCED_FACE('',(#1618),#20,.T.);
#1775=ADVANCED_FACE('',(#1619),#21,.T.);
#1776=ADVANCED_FACE('',(#1620),#22,.T.);
#1777=ADVANCED_FACE('',(#1621),#84,.T.);
#1778=ADVANCED_FACE('',(#1622),#85,.T.);
#1779=ADVANCED_FACE('',(#1623),#86,.T.);
#1780=ADVANCED_FACE('',(#1624),#87,.T.);
#1781=ADVANCED_FACE('',(#1625),#88,.T.);
#1782=ADVANCED_FACE('',(#1626),#89,.T.);
#1783=ADVANCED_FACE('',(#1627),#90,.T.);
#1784=ADVANCED_FACE('',(#1628),#91,.T.);
#1785=ADVANCED_FACE('',(#1629),#23,.T.);
#1786=ADVANCED_FACE('',(#1630),#92,.T.);
#1787=ADVANCED_FACE('',(#1631),#24,.T.);
#1788=ADVANCED_FACE('',(#1632),#93,.T.);
#1789=ADVANCED_FACE('',(#1633),#94,.T.);
#1790=ADVANCED_FACE('',(#1634),#25,.T.);
#1791=ADVANCED_FACE('',(#1635),#95,.T.);
#1792=ADVANCED_FACE('',(#1636),#26,.T.);
#1793=ADVANCED_FACE('',(#1637),#96,.T.);
#1794=ADVANCED_FACE('',(#1638),#97,.T.);
#1795=ADVANCED_FACE('',(#1639),#98,.T.);
#1796=ADVANCED_FACE('',(#1640),#99,.T.);
#1797=ADVANCED_FACE('',(#1641),#100,.T.);
#1798=ADVANCED_FACE('',(#1642),#101,.T.);
#1799=ADVANCED_FACE('',(#1643),#102,.T.);
#1800=ADVANCED_FACE('',(#1644),#103,.T.);
#1801=ADVANCED_FACE('',(#1645),#104,.T.);
#1802=ADVANCED_FACE('',(#1646),#27,.T.);
#1803=ADVANCED_FACE('',(#1647),#28,.T.);
#1804=ADVANCED_FACE('',(#1648),#29,.T.);
#1805=ADVANCED_FACE('',(#1649),#30,.T.);
#1806=ADVANCED_FACE('',(#1650),#105,.T.);
#1807=ADVANCED_FACE('',(#1651),#106,.T.);
#1808=ADVANCED_FACE('',(#1652),#107,.T.);
#1809=ADVANCED_FACE('',(#1653),#108,.T.);
#1810=ADVANCED_FACE('',(#1654),#109,.T.);
#1811=ADVANCED_FACE('',(#1655),#31,.T.);
#1812=ADVANCED_FACE('',(#1656),#32,.T.);
#1813=ADVANCED_FACE('',(#1657),#110,.T.);
#1814=ADVANCED_FACE('',(#1658),#111,.T.);
#1815=ADVANCED_FACE('',(#1659),#112,.T.);
#1816=ADVANCED_FACE('',(#1660),#113,.T.);
#1817=ADVANCED_FACE('',(#1661),#114,.T.);
#1818=ADVANCED_FACE('',(#1662),#115,.T.);
#1819=ADVANCED_FACE('',(#1663),#33,.T.);
#1820=ADVANCED_FACE('',(#1664),#34,.T.);
#1821=ADVANCED_FACE('',(#1665),#116,.T.);
#1822=ADVANCED_FACE('',(#1666),#117,.T.);
#1823=ADVANCED_FACE('',(#1667),#118,.T.);
#1824=ADVANCED_FACE('',(#1668),#35,.T.);
#1825=ADVANCED_FACE('',(#1669),#119,.T.);
#1826=ADVANCED_FACE('',(#1670),#120,.T.);
#1827=ADVANCED_FACE('',(#1671),#121,.T.);
#1828=CLOSED_SHELL('',(#1707,#1708,#1709,#1710,#1711,#1712,#1713,#1714,
#1715,#1716,#1717,#1718,#1719,#1720,#1721,#1722,#1723,#1724,#1725,#1726,
#1727,#1728,#1729,#1730,#1731,#1732,#1733,#1734,#1735,#1736,#1737,#1738,
#1739,#1740,#1741,#1742,#1743,#1744,#1745,#1746,#1747,#1748,#1749,#1750,
#1751,#1752,#1753,#1754,#1755,#1756,#1757,#1758,#1759,#1760,#1761,#1762,
#1763,#1764,#1765,#1766,#1767,#1768,#1769,#1770,#1771,#1772,#1773,#1774,
#1775,#1776,#1777,#1778,#1779,#1780,#1781,#1782,#1783,#1784,#1785,#1786,
#1787,#1788,#1789,#1790,#1791,#1792,#1793,#1794,#1795,#1796,#1797,#1798,
#1799,#1800,#1801,#1802,#1803,#1804,#1805,#1806,#1807,#1808,#1809,#1810,
#1811,#1812,#1813,#1814,#1815,#1816,#1817,#1818,#1819,#1820,#1821,#1822,
#1823,#1824,#1825,#1826,#1827));
#1829=STYLED_ITEM('',(#1830),#1837);
#1830=PRESENTATION_STYLE_ASSIGNMENT((#1831));
#1831=SURFACE_STYLE_USAGE(.BOTH.,#1832);
#1832=SURFACE_SIDE_STYLE('',(#1833));
#1833=SURFACE_STYLE_FILL_AREA(#1834);
#1834=FILL_AREA_STYLE('',(#1835));
#1835=FILL_AREA_STYLE_COLOUR('',#1836);
#1836=COLOUR_RGB('',0.8,0.635294117647059,0.47843137254902);
#1837=MANIFOLD_SOLID_BREP('Bed',#1828);
#1838=SHAPE_DEFINITION_REPRESENTATION(#3190,#1839);
#1839=SHAPE_REPRESENTATION('Bed',(#1840),#3185);
#1840=AXIS2_PLACEMENT_3D('',#2664,#2062,#2063);
#1841=AXIS2_PLACEMENT_3D('',#2665,#2064,#2065);
#1842=AXIS2_PLACEMENT_3D('',#2674,#2070,#2071);
#1843=AXIS2_PLACEMENT_3D('',#2699,#2084,#2085);
#1844=AXIS2_PLACEMENT_3D('',#2716,#2094,#2095);
#1845=AXIS2_PLACEMENT_3D('',#2725,#2100,#2101);
#1846=AXIS2_PLACEMENT_3D('',#2739,#2109,#2110);
#1847=AXIS2_PLACEMENT_3D('',#2748,#2115,#2116);
#1848=AXIS2_PLACEMENT_3D('',#2757,#2121,#2122);
#1849=AXIS2_PLACEMENT_3D('',#2766,#2127,#2128);
#1850=AXIS2_PLACEMENT_3D('',#2791,#2141,#2142);
#1851=AXIS2_PLACEMENT_3D('',#2816,#2155,#2156);
#1852=AXIS2_PLACEMENT_3D('',#2841,#2169,#2170);
#1853=AXIS2_PLACEMENT_3D('',#2850,#2175,#2176);
#1854=AXIS2_PLACEMENT_3D('',#2859,#2181,#2182);
#1855=AXIS2_PLACEMENT_3D('',#2873,#2190,#2191);
#1856=AXIS2_PLACEMENT_3D('',#2882,#2196,#2197);
#1857=AXIS2_PLACEMENT_3D('',#2891,#2202,#2203);
#1858=AXIS2_PLACEMENT_3D('',#2897,#2207,#2208);
#1859=AXIS2_PLACEMENT_3D('',#2906,#2213,#2214);
#1860=AXIS2_PLACEMENT_3D('',#2912,#2218,#2219);
#1861=AXIS2_PLACEMENT_3D('',#2921,#2224,#2225);
#1862=AXIS2_PLACEMENT_3D('',#2927,#2229,#2230);
#1863=AXIS2_PLACEMENT_3D('',#2936,#2235,#2236);
#1864=AXIS2_PLACEMENT_3D('',#2942,#2240,#2241);
#1865=AXIS2_PLACEMENT_3D('',#2947,#2246,#2247);
#1866=AXIS2_PLACEMENT_3D('',#2953,#2251,#2252);
#1867=AXIS2_PLACEMENT_3D('',#2957,#2255,#2256);
#1868=AXIS2_PLACEMENT_3D('',#2961,#2259,#2260);
#1869=AXIS2_PLACEMENT_3D('',#2963,#2262,#2263);
#1870=AXIS2_PLACEMENT_3D('',#2964,#2264,#2265);
#1871=AXIS2_PLACEMENT_3D('',#2971,#2269,#2270);
#1872=AXIS2_PLACEMENT_3D('',#2972,#2271,#2272);
#1873=AXIS2_PLACEMENT_3D('',#2979,#2276,#2277);
#1874=AXIS2_PLACEMENT_3D('',#2980,#2278,#2279);
#1875=AXIS2_PLACEMENT_3D('',#2983,#2282,#2283);
#1876=AXIS2_PLACEMENT_3D('',#2990,#2287,#2288);
#1877=AXIS2_PLACEMENT_3D('',#2991,#2289,#2290);
#1878=AXIS2_PLACEMENT_3D('',#2998,#2294,#2295);
#1879=AXIS2_PLACEMENT_3D('',#2999,#2296,#2297);
#1880=AXIS2_PLACEMENT_3D('',#3002,#2300,#2301);
#1881=AXIS2_PLACEMENT_3D('',#3003,#2302,#2303);
#1882=AXIS2_PLACEMENT_3D('',#3004,#2304,#2305);
#1883=AXIS2_PLACEMENT_3D('',#3005,#2306,#2307);
#1884=AXIS2_PLACEMENT_3D('',#3006,#2308,#2309);
#1885=AXIS2_PLACEMENT_3D('',#3007,#2310,#2311);
#1886=AXIS2_PLACEMENT_3D('',#3008,#2312,#2313);
#1887=AXIS2_PLACEMENT_3D('',#3009,#2314,#2315);
#1888=AXIS2_PLACEMENT_3D('',#3010,#2316,#2317);
#1889=AXIS2_PLACEMENT_3D('',#3011,#2318,#2319);
#1890=AXIS2_PLACEMENT_3D('',#3012,#2320,#2321);
#1891=AXIS2_PLACEMENT_3D('',#3013,#2322,#2323);
#1892=AXIS2_PLACEMENT_3D('',#3014,#2324,#2325);
#1893=AXIS2_PLACEMENT_3D('',#3015,#2326,#2327);
#1894=AXIS2_PLACEMENT_3D('',#3016,#2328,#2329);
#1895=AXIS2_PLACEMENT_3D('',#3017,#2330,#2331);
#1896=AXIS2_PLACEMENT_3D('',#3018,#2332,#2333);
#1897=AXIS2_PLACEMENT_3D('',#3019,#2334,#2335);
#1898=AXIS2_PLACEMENT_3D('',#3020,#2336,#2337);
#1899=AXIS2_PLACEMENT_3D('',#3021,#2338,#2339);
#1900=AXIS2_PLACEMENT_3D('',#3022,#2340,#2341);
#1901=AXIS2_PLACEMENT_3D('',#3023,#2342,#2343);
#1902=AXIS2_PLACEMENT_3D('',#3024,#2344,#2345);
#1903=AXIS2_PLACEMENT_3D('',#3025,#2346,#2347);
#1904=AXIS2_PLACEMENT_3D('',#3026,#2348,#2349);
#1905=AXIS2_PLACEMENT_3D('',#3027,#2350,#2351);
#1906=AXIS2_PLACEMENT_3D('',#3028,#2352,#2353);
#1907=AXIS2_PLACEMENT_3D('',#3029,#2354,#2355);
#1908=AXIS2_PLACEMENT_3D('',#3030,#2356,#2357);
#1909=AXIS2_PLACEMENT_3D('',#3031,#2358,#2359);
#1910=AXIS2_PLACEMENT_3D('',#3032,#2360,#2361);
#1911=AXIS2_PLACEMENT_3D('',#3033,#2362,#2363);
#1912=AXIS2_PLACEMENT_3D('',#3034,#2364,#2365);
#1913=AXIS2_PLACEMENT_3D('',#3035,#2366,#2367);
#1914=AXIS2_PLACEMENT_3D('',#3036,#2368,#2369);
#1915=AXIS2_PLACEMENT_3D('',#3037,#2370,#2371);
#1916=AXIS2_PLACEMENT_3D('',#3038,#2372,#2373);
#1917=AXIS2_PLACEMENT_3D('',#3039,#2374,#2375);
#1918=AXIS2_PLACEMENT_3D('',#3040,#2376,#2377);
#1919=AXIS2_PLACEMENT_3D('',#3041,#2378,#2379);
#1920=AXIS2_PLACEMENT_3D('',#3042,#2380,#2381);
#1921=AXIS2_PLACEMENT_3D('',#3043,#2382,#2383);
#1922=AXIS2_PLACEMENT_3D('',#3044,#2384,#2385);
#1923=AXIS2_PLACEMENT_3D('',#3045,#2386,#2387);
#1924=AXIS2_PLACEMENT_3D('',#3046,#2388,#2389);
#1925=AXIS2_PLACEMENT_3D('',#3047,#2390,#2391);
#1926=AXIS2_PLACEMENT_3D('',#3048,#2392,#2393);
#1927=AXIS2_PLACEMENT_3D('',#3049,#2394,#2395);
#1928=AXIS2_PLACEMENT_3D('',#3050,#2396,#2397);
#1929=AXIS2_PLACEMENT_3D('',#3051,#2398,#2399);
#1930=AXIS2_PLACEMENT_3D('',#3052,#2400,#2401);
#1931=AXIS2_PLACEMENT_3D('',#3053,#2402,#2403);
#1932=AXIS2_PLACEMENT_3D('',#3054,#2404,#2405);
#1933=AXIS2_PLACEMENT_3D('',#3055,#2406,#2407);
#1934=AXIS2_PLACEMENT_3D('',#3056,#2408,#2409);
#1935=AXIS2_PLACEMENT_3D('',#3057,#2410,#2411);
#1936=AXIS2_PLACEMENT_3D('',#3058,#2412,#2413);
#1937=AXIS2_PLACEMENT_3D('',#3059,#2414,#2415);
#1938=AXIS2_PLACEMENT_3D('',#3060,#2416,#2417);
#1939=AXIS2_PLACEMENT_3D('',#3061,#2418,#2419);
#1940=AXIS2_PLACEMENT_3D('',#3062,#2420,#2421);
#1941=AXIS2_PLACEMENT_3D('',#3063,#2422,#2423);
#1942=AXIS2_PLACEMENT_3D('',#3064,#2424,#2425);
#1943=AXIS2_PLACEMENT_3D('',#3065,#2426,#2427);
#1944=AXIS2_PLACEMENT_3D('',#3066,#2428,#2429);
#1945=AXIS2_PLACEMENT_3D('',#3067,#2430,#2431);
#1946=AXIS2_PLACEMENT_3D('',#3068,#2432,#2433);
#1947=AXIS2_PLACEMENT_3D('',#3069,#2434,#2435);
#1948=AXIS2_PLACEMENT_3D('',#3070,#2436,#2437);
#1949=AXIS2_PLACEMENT_3D('',#3071,#2438,#2439);
#1950=AXIS2_PLACEMENT_3D('',#3072,#2440,#2441);
#1951=AXIS2_PLACEMENT_3D('',#3073,#2442,#2443);
#1952=AXIS2_PLACEMENT_3D('',#3074,#2444,#2445);
#1953=AXIS2_PLACEMENT_3D('',#3075,#2446,#2447);
#1954=AXIS2_PLACEMENT_3D('',#3076,#2448,#2449);
#1955=AXIS2_PLACEMENT_3D('',#3077,#2450,#2451);
#1956=AXIS2_PLACEMENT_3D('',#3078,#2452,#2453);
#1957=AXIS2_PLACEMENT_3D('',#3079,#2454,#2455);
#1958=AXIS2_PLACEMENT_3D('',#3080,#2456,#2457);
#1959=AXIS2_PLACEMENT_3D('',#3081,#2458,#2459);
#1960=AXIS2_PLACEMENT_3D('',#3082,#2460,#2461);
#1961=AXIS2_PLACEMENT_3D('',#3083,#2462,#2463);
#1962=AXIS2_PLACEMENT_3D('',#3084,#2464,#2465);
#1963=AXIS2_PLACEMENT_3D('',#3085,#2466,#2467);
#1964=AXIS2_PLACEMENT_3D('',#3086,#2468,#2469);
#1965=AXIS2_PLACEMENT_3D('',#3087,#2470,#2471);
#1966=AXIS2_PLACEMENT_3D('',#3088,#2472,#2473);
#1967=AXIS2_PLACEMENT_3D('',#3089,#2474,#2475);
#1968=AXIS2_PLACEMENT_3D('',#3090,#2476,#2477);
#1969=AXIS2_PLACEMENT_3D('',#3091,#2478,#2479);
#1970=AXIS2_PLACEMENT_3D('',#3092,#2480,#2481);
#1971=AXIS2_PLACEMENT_3D('',#3093,#2482,#2483);
#1972=AXIS2_PLACEMENT_3D('',#3094,#2484,#2485);
#1973=AXIS2_PLACEMENT_3D('',#3095,#2486,#2487);
#1974=AXIS2_PLACEMENT_3D('',#3096,#2488,#2489);
#1975=AXIS2_PLACEMENT_3D('',#3097,#2490,#2491);
#1976=AXIS2_PLACEMENT_3D('',#3098,#2492,#2493);
#1977=AXIS2_PLACEMENT_3D('',#3099,#2494,#2495);
#1978=AXIS2_PLACEMENT_3D('',#3100,#2496,#2497);
#1979=AXIS2_PLACEMENT_3D('',#3101,#2498,#2499);
#1980=AXIS2_PLACEMENT_3D('',#3102,#2500,#2501);
#1981=AXIS2_PLACEMENT_3D('',#3103,#2502,#2503);
#1982=AXIS2_PLACEMENT_3D('',#3104,#2504,#2505);
#1983=AXIS2_PLACEMENT_3D('',#3105,#2506,#2507);
#1984=AXIS2_PLACEMENT_3D('',#3106,#2508,#2509);
#1985=AXIS2_PLACEMENT_3D('',#3107,#2510,#2511);
#1986=AXIS2_PLACEMENT_3D('',#3108,#2512,#2513);
#1987=AXIS2_PLACEMENT_3D('',#3109,#2514,#2515);
#1988=AXIS2_PLACEMENT_3D('',#3110,#2516,#2517);
#1989=AXIS2_PLACEMENT_3D('',#3111,#2518,#2519);
#1990=AXIS2_PLACEMENT_3D('',#3112,#2520,#2521);
#1991=AXIS2_PLACEMENT_3D('',#3113,#2522,#2523);
#1992=AXIS2_PLACEMENT_3D('',#3114,#2524,#2525);
#1993=AXIS2_PLACEMENT_3D('',#3115,#2526,#2527);
#1994=AXIS2_PLACEMENT_3D('',#3116,#2528,#2529);
#1995=AXIS2_PLACEMENT_3D('',#3117,#2530,#2531);
#1996=AXIS2_PLACEMENT_3D('',#3118,#2532,#2533);
#1997=AXIS2_PLACEMENT_3D('',#3119,#2534,#2535);
#1998=AXIS2_PLACEMENT_3D('',#3120,#2536,#2537);
#1999=AXIS2_PLACEMENT_3D('',#3121,#2538,#2539);
#2000=AXIS2_PLACEMENT_3D('',#3122,#2540,#2541);
#2001=AXIS2_PLACEMENT_3D('',#3123,#2542,#2543);
#2002=AXIS2_PLACEMENT_3D('',#3124,#2544,#2545);
#2003=AXIS2_PLACEMENT_3D('',#3125,#2546,#2547);
#2004=AXIS2_PLACEMENT_3D('',#3126,#2548,#2549);
#2005=AXIS2_PLACEMENT_3D('',#3127,#2550,#2551);
#2006=AXIS2_PLACEMENT_3D('',#3128,#2552,#2553);
#2007=AXIS2_PLACEMENT_3D('',#3129,#2554,#2555);
#2008=AXIS2_PLACEMENT_3D('',#3130,#2556,#2557);
#2009=AXIS2_PLACEMENT_3D('',#3131,#2558,#2559);
#2010=AXIS2_PLACEMENT_3D('',#3132,#2560,#2561);
#2011=AXIS2_PLACEMENT_3D('',#3133,#2562,#2563);
#2012=AXIS2_PLACEMENT_3D('',#3134,#2564,#2565);
#2013=AXIS2_PLACEMENT_3D('',#3135,#2566,#2567);
#2014=AXIS2_PLACEMENT_3D('',#3136,#2568,#2569);
#2015=AXIS2_PLACEMENT_3D('',#3137,#2570,#2571);
#2016=AXIS2_PLACEMENT_3D('',#3138,#2572,#2573);
#2017=AXIS2_PLACEMENT_3D('',#3139,#2574,#2575);
#2018=AXIS2_PLACEMENT_3D('',#3140,#2576,#2577);
#2019=AXIS2_PLACEMENT_3D('',#3141,#2578,#2579);
#2020=AXIS2_PLACEMENT_3D('',#3142,#2580,#2581);
#2021=AXIS2_PLACEMENT_3D('',#3143,#2582,#2583);
#2022=AXIS2_PLACEMENT_3D('',#3144,#2584,#2585);
#2023=AXIS2_PLACEMENT_3D('',#3145,#2586,#2587);
#2024=AXIS2_PLACEMENT_3D('',#3146,#2588,#2589);
#2025=AXIS2_PLACEMENT_3D('',#3147,#2590,#2591);
#2026=AXIS2_PLACEMENT_3D('',#3148,#2592,#2593);
#2027=AXIS2_PLACEMENT_3D('',#3149,#2594,#2595);
#2028=AXIS2_PLACEMENT_3D('',#3150,#2596,#2597);
#2029=AXIS2_PLACEMENT_3D('',#3151,#2598,#2599);
#2030=AXIS2_PLACEMENT_3D('',#3152,#2600,#2601);
#2031=AXIS2_PLACEMENT_3D('',#3153,#2602,#2603);
#2032=AXIS2_PLACEMENT_3D('',#3154,#2604,#2605);
#2033=AXIS2_PLACEMENT_3D('',#3155,#2606,#2607);
#2034=AXIS2_PLACEMENT_3D('',#3156,#2608,#2609);
#2035=AXIS2_PLACEMENT_3D('',#3157,#2610,#2611);
#2036=AXIS2_PLACEMENT_3D('',#3158,#2612,#2613);
#2037=AXIS2_PLACEMENT_3D('',#3159,#2614,#2615);
#2038=AXIS2_PLACEMENT_3D('',#3160,#2616,#2617);
#2039=AXIS2_PLACEMENT_3D('',#3161,#2618,#2619);
#2040=AXIS2_PLACEMENT_3D('',#3162,#2620,#2621);
#2041=AXIS2_PLACEMENT_3D('',#3163,#2622,#2623);
#2042=AXIS2_PLACEMENT_3D('',#3164,#2624,#2625);
#2043=AXIS2_PLACEMENT_3D('',#3165,#2626,#2627);
#2044=AXIS2_PLACEMENT_3D('',#3166,#2628,#2629);
#2045=AXIS2_PLACEMENT_3D('',#3167,#2630,#2631);
#2046=AXIS2_PLACEMENT_3D('',#3168,#2632,#2633);
#2047=AXIS2_PLACEMENT_3D('',#3169,#2634,#2635);
#2048=AXIS2_PLACEMENT_3D('',#3170,#2636,#2637);
#2049=AXIS2_PLACEMENT_3D('',#3171,#2638,#2639);
#2050=AXIS2_PLACEMENT_3D('',#3172,#2640,#2641);
#2051=AXIS2_PLACEMENT_3D('',#3173,#2642,#2643);
#2052=AXIS2_PLACEMENT_3D('',#3174,#2644,#2645);
#2053=AXIS2_PLACEMENT_3D('',#3175,#2646,#2647);
#2054=AXIS2_PLACEMENT_3D('',#3176,#2648,#2649);
#2055=AXIS2_PLACEMENT_3D('',#3177,#2650,#2651);
#2056=AXIS2_PLACEMENT_3D('',#3178,#2652,#2653);
#2057=AXIS2_PLACEMENT_3D('',#3179,#2654,#2655);
#2058=AXIS2_PLACEMENT_3D('',#3180,#2656,#2657);
#2059=AXIS2_PLACEMENT_3D('',#3181,#2658,#2659);
#2060=AXIS2_PLACEMENT_3D('',#3182,#2660,#2661);
#2061=AXIS2_PLACEMENT_3D('',#3183,#2662,#2663);
#2062=DIRECTION('',(0.,0.,1.));
#2063=DIRECTION('',(1.,0.,0.));
#2064=DIRECTION('',(0.,0.,1.));
#2065=DIRECTION('',(1.,0.,0.));
#2066=DIRECTION('',(1.,0.,0.));
#2067=DIRECTION('',(0.,-1.,0.));
#2068=DIRECTION('',(1.,0.,0.));
#2069=DIRECTION('',(0.,-1.,0.));
#2070=DIRECTION('',(1.,0.,0.));
#2071=DIRECTION('',(0.,0.,-1.));
#2072=DIRECTION('',(0.,0.,-1.));
#2073=DIRECTION('',(0.,-1.,0.));
#2074=DIRECTION('',(0.,0.,-1.));
#2075=DIRECTION('',(0.,-1.,0.));
#2076=DIRECTION('',(0.,0.,-1.));
#2077=DIRECTION('',(0.,-1.,0.));
#2078=DIRECTION('',(0.,0.,1.));
#2079=DIRECTION('',(0.,-1.,0.));
#2080=DIRECTION('',(0.,0.,1.));
#2081=DIRECTION('',(0.,-1.,0.));
#2082=DIRECTION('',(0.,0.,-1.));
#2083=DIRECTION('',(0.,-1.,0.));
#2084=DIRECTION('',(-1.,0.,0.));
#2085=DIRECTION('',(0.,0.,1.));
#2086=DIRECTION('',(0.,-1.,0.));
#2087=DIRECTION('',(0.,0.,1.));
#2088=DIRECTION('',(0.,-1.,0.));
#2089=DIRECTION('',(0.,0.,1.));
#2090=DIRECTION('',(0.,-1.,0.));
#2091=DIRECTION('',(0.,0.,1.));
#2092=DIRECTION('',(0.,-1.,0.));
#2093=DIRECTION('',(0.,0.,1.));
#2094=DIRECTION('',(0.,0.,1.));
#2095=DIRECTION('',(1.,0.,0.));
#2096=DIRECTION('',(0.,-1.,0.));
#2097=DIRECTION('',(1.,0.,0.));
#2098=DIRECTION('',(4.33680868994202E-17,-1.,0.));
#2099=DIRECTION('',(1.,0.,0.));
#2100=DIRECTION('',(0.,0.,1.));
#2101=DIRECTION('',(1.,0.,0.));
#2102=DIRECTION('',(1.,0.,0.));
#2103=DIRECTION('',(4.33680868994202E-17,-1.,0.));
#2104=DIRECTION('',(1.,0.,0.));
#2105=DIRECTION('',(1.,0.,0.));
#2106=DIRECTION('',(-1.92747052886312E-16,1.,0.));
#2107=DIRECTION('',(1.,0.,0.));
#2108=DIRECTION('',(0.,1.,0.));
#2109=DIRECTION('',(0.,0.,1.));
#2110=DIRECTION('',(1.,0.,0.));
#2111=DIRECTION('',(0.,-1.,0.));
#2112=DIRECTION('',(1.,0.,0.));
#2113=DIRECTION('',(0.,1.,0.));
#2114=DIRECTION('',(1.,0.,0.));
#2115=DIRECTION('',(0.,0.,1.));
#2116=DIRECTION('',(1.,0.,0.));
#2117=DIRECTION('',(0.,1.,0.));
#2118=DIRECTION('',(1.,0.,0.));
#2119=DIRECTION('',(0.,-1.,0.));
#2120=DIRECTION('',(1.,0.,0.));
#2121=DIRECTION('',(0.,0.,1.));
#2122=DIRECTION('',(1.,0.,0.));
#2123=DIRECTION('',(0.,-1.,0.));
#2124=DIRECTION('',(1.,0.,0.));
#2125=DIRECTION('',(0.,1.,0.));
#2126=DIRECTION('',(1.,0.,0.));
#2127=DIRECTION('',(0.,1.,0.));
#2128=DIRECTION('',(0.,0.,1.));
#2129=DIRECTION('',(0.,0.,-1.));
#2130=DIRECTION('',(1.,0.,0.));
#2131=DIRECTION('',(0.,0.,-1.));
#2132=DIRECTION('',(1.,0.,0.));
#2133=DIRECTION('',(0.,0.,1.));
#2134=DIRECTION('',(1.,0.,0.));
#2135=DIRECTION('',(0.,0.,1.));
#2136=DIRECTION('',(1.,0.,0.));
#2137=DIRECTION('',(0.,0.,-1.));
#2138=DIRECTION('',(1.,0.,0.));
#2139=DIRECTION('',(0.,0.,-1.));
#2140=DIRECTION('',(1.,0.,0.));
#2141=DIRECTION('',(0.,1.,0.));
#2142=DIRECTION('',(0.,0.,1.));
#2143=DIRECTION('',(0.,0.,-1.));
#2144=DIRECTION('',(1.,0.,0.));
#2145=DIRECTION('',(0.,0.,-1.));
#2146=DIRECTION('',(1.,0.,0.));
#2147=DIRECTION('',(0.,0.,-1.));
#2148=DIRECTION('',(1.,0.,0.));
#2149=DIRECTION('',(0.,0.,-1.));
#2150=DIRECTION('',(1.,0.,0.));
#2151=DIRECTION('',(0.,0.,1.));
#2152=DIRECTION('',(1.,0.,0.));
#2153=DIRECTION('',(0.,0.,1.));
#2154=DIRECTION('',(1.,0.,0.));
#2155=DIRECTION('',(1.,0.,0.));
#2156=DIRECTION('',(0.,0.,-1.));
#2157=DIRECTION('',(0.,0.,-1.));
#2158=DIRECTION('',(0.,-1.,0.));
#2159=DIRECTION('',(0.,0.,-1.));
#2160=DIRECTION('',(0.,-1.,0.));
#2161=DIRECTION('',(0.,0.,-1.));
#2162=DIRECTION('',(0.,-1.,0.));
#2163=DIRECTION('',(0.,0.,1.));
#2164=DIRECTION('',(0.,-1.,0.));
#2165=DIRECTION('',(0.,0.,1.));
#2166=DIRECTION('',(0.,-1.,0.));
#2167=DIRECTION('',(0.,0.,-1.));
#2168=DIRECTION('',(0.,-1.,0.));
#2169=DIRECTION('',(0.,0.,1.));
#2170=DIRECTION('',(1.,0.,0.));
#2171=DIRECTION('',(4.33680868994202E-17,-1.,0.));
#2172=DIRECTION('',(1.,0.,0.));
#2173=DIRECTION('',(0.,-1.,0.));
#2174=DIRECTION('',(1.,0.,0.));
#2175=DIRECTION('',(0.,0.,1.));
#2176=DIRECTION('',(1.,0.,0.));
#2177=DIRECTION('',(0.,1.,0.));
#2178=DIRECTION('',(1.,0.,0.));
#2179=DIRECTION('',(0.,-1.,0.));
#2180=DIRECTION('',(1.,0.,0.));
#2181=DIRECTION('',(-1.,-4.33680868994202E-17,0.));
#2182=DIRECTION('',(4.33680868994202E-17,-1.,0.));
#2183=DIRECTION('',(0.,0.,1.));
#2184=DIRECTION('',(4.33680868994202E-17,-1.,0.));
#2185=DIRECTION('',(0.,0.,1.));
#2186=DIRECTION('',(4.33680868994202E-17,-1.,0.));
#2187=DIRECTION('',(0.,0.,1.));
#2188=DIRECTION('',(4.33680868994202E-17,-1.,0.));
#2189=DIRECTION('',(0.,0.,1.));
#2190=DIRECTION('',(0.,0.,1.));
#2191=DIRECTION('',(1.,0.,0.));
#2192=DIRECTION('',(1.,0.,0.));
#2193=DIRECTION('',(0.,-1.,0.));
#2194=DIRECTION('',(1.,0.,0.));
#2195=DIRECTION('',(0.,-1.,0.));
#2196=DIRECTION('',(-1.,0.,0.));
#2197=DIRECTION('',(0.,0.,1.));
#2198=DIRECTION('',(0.,0.,-1.));
#2199=DIRECTION('',(0.,1.,0.));
#2200=DIRECTION('',(0.,0.,-1.));
#2201=DIRECTION('',(0.,1.,0.));
#2202=DIRECTION('',(0.,1.,0.));
#2203=DIRECTION('',(0.,0.,1.));
#2204=DIRECTION('',(1.,0.,0.));
#2205=DIRECTION('',(0.,0.,-1.));
#2206=DIRECTION('',(1.,0.,0.));
#2207=DIRECTION('',(0.,1.,0.));
#2208=DIRECTION('',(0.,0.,1.));
#2209=DIRECTION('',(0.,0.,-1.));
#2210=DIRECTION('',(1.,0.,0.));
#2211=DIRECTION('',(0.,0.,-1.));
#2212=DIRECTION('',(1.,0.,0.));
#2213=DIRECTION('',(-1.,0.,0.));
#2214=DIRECTION('',(0.,0.,1.));
#2215=DIRECTION('',(0.,1.,0.));
#2216=DIRECTION('',(0.,0.,-1.));
#2217=DIRECTION('',(0.,1.,0.));
#2218=DIRECTION('',(-1.,0.,0.));
#2219=DIRECTION('',(0.,0.,1.));
#2220=DIRECTION('',(0.,0.,-1.));
#2221=DIRECTION('',(0.,1.,0.));
#2222=DIRECTION('',(0.,0.,-1.));
#2223=DIRECTION('',(0.,1.,0.));
#2224=DIRECTION('',(0.,1.,0.));
#2225=DIRECTION('',(0.,0.,1.));
#2226=DIRECTION('',(1.,0.,0.));
#2227=DIRECTION('',(0.,0.,-1.));
#2228=DIRECTION('',(1.,0.,0.));
#2229=DIRECTION('',(0.,1.,0.));
#2230=DIRECTION('',(0.,0.,1.));
#2231=DIRECTION('',(0.,0.,-1.));
#2232=DIRECTION('',(1.,0.,0.));
#2233=DIRECTION('',(0.,0.,-1.));
#2234=DIRECTION('',(1.,0.,0.));
#2235=DIRECTION('',(-1.,0.,0.));
#2236=DIRECTION('',(0.,0.,1.));
#2237=DIRECTION('',(0.,1.,0.));
#2238=DIRECTION('',(0.,0.,-1.));
#2239=DIRECTION('',(0.,1.,0.));
#2240=DIRECTION('',(0.,0.,-1.));
#2241=DIRECTION('',(1.,0.,0.));
#2242=DIRECTION('',(0.,-1.,0.));
#2243=DIRECTION('',(1.,0.,0.));
#2244=DIRECTION('',(0.,-1.,0.));
#2245=DIRECTION('',(1.,0.,0.));
#2246=DIRECTION('',(1.,1.92747052886312E-16,0.));
#2247=DIRECTION('',(-1.92747052886312E-16,1.,0.));
#2248=DIRECTION('',(0.,0.,1.));
#2249=DIRECTION('',(-1.92747052886312E-16,1.,0.));
#2250=DIRECTION('',(0.,0.,1.));
#2251=DIRECTION('',(0.,-1.,0.));
#2252=DIRECTION('',(0.,0.,-1.));
#2253=DIRECTION('',(0.,0.,1.));
#2254=DIRECTION('',(1.,0.,0.));
#2255=DIRECTION('',(1.,0.,0.));
#2256=DIRECTION('',(0.,0.,-1.));
#2257=DIRECTION('',(0.,0.,1.));
#2258=DIRECTION('',(0.,1.,0.));
#2259=DIRECTION('',(0.,-1.,0.));
#2260=DIRECTION('',(0.,0.,-1.));
#2261=DIRECTION('',(1.,0.,0.));
#2262=DIRECTION('',(0.,0.,1.));
#2263=DIRECTION('',(1.,0.,0.));
#2264=DIRECTION('',(0.,-1.,0.));
#2265=DIRECTION('',(0.,0.,-1.));
#2266=DIRECTION('',(1.,0.,0.));
#2267=DIRECTION('',(0.,0.,1.));
#2268=DIRECTION('',(1.,0.,0.));
#2269=DIRECTION('',(0.,-1.,0.));
#2270=DIRECTION('',(0.,0.,-1.));
#2271=DIRECTION('',(0.,-1.,0.));
#2272=DIRECTION('',(0.,0.,-1.));
#2273=DIRECTION('',(1.,0.,0.));
#2274=DIRECTION('',(0.,0.,1.));
#2275=DIRECTION('',(1.,0.,0.));
#2276=DIRECTION('',(0.,-1.,0.));
#2277=DIRECTION('',(0.,0.,-1.));
#2278=DIRECTION('',(0.,0.,1.));
#2279=DIRECTION('',(1.,0.,0.));
#2280=DIRECTION('',(0.,-1.,0.));
#2281=DIRECTION('',(4.33680868994202E-17,-1.,0.));
#2282=DIRECTION('',(0.,-1.,0.));
#2283=DIRECTION('',(0.,0.,-1.));
#2284=DIRECTION('',(1.,0.,0.));
#2285=DIRECTION('',(0.,0.,1.));
#2286=DIRECTION('',(1.,0.,0.));
#2287=DIRECTION('',(0.,-1.,0.));
#2288=DIRECTION('',(0.,0.,-1.));
#2289=DIRECTION('',(0.,-1.,0.));
#2290=DIRECTION('',(0.,0.,-1.));
#2291=DIRECTION('',(1.,0.,0.));
#2292=DIRECTION('',(0.,0.,1.));
#2293=DIRECTION('',(1.,0.,0.));
#2294=DIRECTION('',(0.,-1.,0.));
#2295=DIRECTION('',(0.,0.,-1.));
#2296=DIRECTION('',(0.,0.,1.));
#2297=DIRECTION('',(1.,0.,0.));
#2298=DIRECTION('',(0.,-1.,0.));
#2299=DIRECTION('',(0.,-1.,0.));
#2300=DIRECTION('',(0.,1.,0.));
#2301=DIRECTION('',(0.,0.,1.));
#2302=DIRECTION('',(0.,-1.,0.));
#2303=DIRECTION('',(0.,0.,-1.));
#2304=DIRECTION('',(0.,1.,0.));
#2305=DIRECTION('',(0.,0.,1.));
#2306=DIRECTION('',(-1.,0.,0.));
#2307=DIRECTION('',(0.,0.,1.));
#2308=DIRECTION('',(-1.,3.59275013664323E-15,0.));
#2309=DIRECTION('',(-3.59275013664323E-15,-1.,0.));
#2310=DIRECTION('',(-0.707106781186548,0.707106781186548,0.));
#2311=DIRECTION('',(-0.707106781186548,-0.707106781186548,0.));
#2312=DIRECTION('',(-3.59275013664323E-15,0.,1.));
#2313=DIRECTION('',(1.,0.,3.59275013664323E-15));
#2314=DIRECTION('',(0.,0.,1.));
#2315=DIRECTION('',(1.,0.,0.));
#2316=DIRECTION('',(-3.59275013664323E-15,0.,1.));
#2317=DIRECTION('',(1.,0.,3.59275013664323E-15));
#2318=DIRECTION('',(0.,0.,1.));
#2319=DIRECTION('',(1.,0.,0.));
#2320=DIRECTION('',(-1.,0.,0.));
#2321=DIRECTION('',(0.,0.,1.));
#2322=DIRECTION('',(-1.,0.,0.));
#2323=DIRECTION('',(0.,0.,1.));
#2324=DIRECTION('',(1.,-4.7903335155243E-15,0.));
#2325=DIRECTION('',(4.7903335155243E-15,1.,0.));
#2326=DIRECTION('',(-4.33680868994202E-17,1.,0.));
#2327=DIRECTION('',(-1.,-4.33680868994202E-17,0.));
#2328=DIRECTION('',(0.,-1.,0.));
#2329=DIRECTION('',(0.,0.,-1.));
#2330=DIRECTION('',(0.,0.,1.));
#2331=DIRECTION('',(1.,0.,0.));
#2332=DIRECTION('',(0.,-0.707106781186548,0.707106781186548));
#2333=DIRECTION('',(0.,0.707106781186548,0.707106781186548));
#2334=DIRECTION('',(0.,0.,-1.));
#2335=DIRECTION('',(-1.,0.,0.));
#2336=DIRECTION('',(0.,0.,-1.));
#2337=DIRECTION('',(-1.,0.,0.));
#2338=DIRECTION('',(0.,0.,1.));
#2339=DIRECTION('',(1.,0.,0.));
#2340=DIRECTION('',(0.,0.,1.));
#2341=DIRECTION('',(1.,0.,0.));
#2342=DIRECTION('',(0.,1.,0.));
#2343=DIRECTION('',(0.,0.,1.));
#2344=DIRECTION('',(0.,-0.707106781186548,-0.707106781186548));
#2345=DIRECTION('',(0.,0.707106781186548,-0.707106781186548));
#2346=DIRECTION('',(0.,-1.,0.));
#2347=DIRECTION('',(0.,0.,-1.));
#2348=DIRECTION('',(0.,1.,0.));
#2349=DIRECTION('',(0.,0.,1.));
#2350=DIRECTION('',(0.,-1.,0.));
#2351=DIRECTION('',(0.,0.,-1.));
#2352=DIRECTION('',(-1.,0.,0.));
#2353=DIRECTION('',(0.,0.,1.));
#2354=DIRECTION('',(-0.707106781186548,0.707106781186548,0.));
#2355=DIRECTION('',(0.707106781186548,0.707106781186548,0.));
#2356=DIRECTION('',(-1.,0.,0.));
#2357=DIRECTION('',(0.,0.,1.));
#2358=DIRECTION('',(-1.,0.,-3.59275013664321E-15));
#2359=DIRECTION('',(-3.59275013664321E-15,0.,1.));
#2360=DIRECTION('',(-1.,3.59275013664322E-15,0.));
#2361=DIRECTION('',(-3.59275013664322E-15,-1.,0.));
#2362=DIRECTION('',(0.,0.,1.));
#2363=DIRECTION('',(1.,0.,0.));
#2364=DIRECTION('',(-0.707106781186548,0.,0.707106781186548));
#2365=DIRECTION('',(0.707106781186548,0.,0.707106781186548));
#2366=DIRECTION('',(0.,0.,-1.));
#2367=DIRECTION('',(-1.,0.,0.));
#2368=DIRECTION('',(0.,0.,1.));
#2369=DIRECTION('',(1.,0.,0.));
#2370=DIRECTION('',(0.,0.,-1.));
#2371=DIRECTION('',(-1.,0.,0.));
#2372=DIRECTION('',(0.,3.59275013664322E-15,-1.));
#2373=DIRECTION('',(0.,1.,3.59275013664322E-15));
#2374=DIRECTION('',(0.,1.,0.));
#2375=DIRECTION('',(0.,0.,1.));
#2376=DIRECTION('',(0.,-1.,0.));
#2377=DIRECTION('',(0.,0.,-1.));
#2378=DIRECTION('',(1.,0.,0.));
#2379=DIRECTION('',(0.,0.,-1.));
#2380=DIRECTION('',(1.,0.,0.));
#2381=DIRECTION('',(0.,0.,-1.));
#2382=DIRECTION('',(-1.,0.,0.));
#2383=DIRECTION('',(0.,0.,1.));
#2384=DIRECTION('',(-0.707106781186548,0.,-0.707106781186548));
#2385=DIRECTION('',(0.707106781186548,0.,-0.707106781186548));
#2386=DIRECTION('',(1.,0.,0.));
#2387=DIRECTION('',(0.,0.,-1.));
#2388=DIRECTION('',(-1.,0.,-3.59275013664322E-15));
#2389=DIRECTION('',(-3.59275013664322E-15,0.,1.));
#2390=DIRECTION('',(0.707106781186548,0.707106781186548,0.));
#2391=DIRECTION('',(0.707106781186548,-0.707106781186548,0.));
#2392=DIRECTION('',(0.,-1.,0.));
#2393=DIRECTION('',(0.,0.,-1.));
#2394=DIRECTION('',(0.,-1.,0.));
#2395=DIRECTION('',(0.,0.,-1.));
#2396=DIRECTION('',(0.,0.,1.));
#2397=DIRECTION('',(1.,0.,0.));
#2398=DIRECTION('',(0.,0.707106781186548,0.707106781186548));
#2399=DIRECTION('',(0.,-0.707106781186548,0.707106781186548));
#2400=DIRECTION('',(0.,0.,-1.));
#2401=DIRECTION('',(-1.,0.,0.));
#2402=DIRECTION('',(0.,3.59275013664322E-15,-1.));
#2403=DIRECTION('',(0.,1.,3.59275013664322E-15));
#2404=DIRECTION('',(0.,0.,-1.));
#2405=DIRECTION('',(-1.,0.,0.));
#2406=DIRECTION('',(0.,0.,1.));
#2407=DIRECTION('',(1.,0.,0.));
#2408=DIRECTION('',(0.,-1.,0.));
#2409=DIRECTION('',(0.,0.,-1.));
#2410=DIRECTION('',(0.,-1.,0.));
#2411=DIRECTION('',(0.,0.,-1.));
#2412=DIRECTION('',(-0.707106781186548,-0.707106781186548,0.));
#2413=DIRECTION('',(0.707106781186548,-0.707106781186548,0.));
#2414=DIRECTION('',(-1.,0.,0.));
#2415=DIRECTION('',(0.,0.,1.));
#2416=DIRECTION('',(1.,0.,0.));
#2417=DIRECTION('',(0.,0.,-1.));
#2418=DIRECTION('',(-4.33680868994202E-17,1.,0.));
#2419=DIRECTION('',(-1.,-4.33680868994202E-17,0.));
#2420=DIRECTION('',(1.19758337888107E-15,1.,0.));
#2421=DIRECTION('',(-1.,1.19758337888107E-15,0.));
#2422=DIRECTION('',(1.,0.,0.));
#2423=DIRECTION('',(0.,0.,-1.));
#2424=DIRECTION('',(-1.,3.59275013664321E-15,0.));
#2425=DIRECTION('',(-3.59275013664321E-15,-1.,0.));
#2426=DIRECTION('',(1.,0.,0.));
#2427=DIRECTION('',(0.,0.,-1.));
#2428=DIRECTION('',(0.,1.,0.));
#2429=DIRECTION('',(0.,0.,1.));
#2430=DIRECTION('',(0.,1.,-1.19758337888107E-15));
#2431=DIRECTION('',(0.,1.19758337888107E-15,1.));
#2432=DIRECTION('',(0.,1.,0.));
#2433=DIRECTION('',(0.,0.,1.));
#2434=DIRECTION('',(0.,0.707106781186548,-0.707106781186548));
#2435=DIRECTION('',(0.,-0.707106781186548,-0.707106781186548));
#2436=DIRECTION('',(0.,0.,-1.));
#2437=DIRECTION('',(-1.,0.,0.));
#2438=DIRECTION('',(-0.707106781186548,0.,-0.707106781186548));
#2439=DIRECTION('',(0.707106781186548,0.,-0.707106781186548));
#2440=DIRECTION('',(-1.,0.,0.));
#2441=DIRECTION('',(0.,0.,1.));
#2442=DIRECTION('',(-1.,0.,0.));
#2443=DIRECTION('',(0.,0.,1.));
#2444=DIRECTION('',(0.,0.,1.));
#2445=DIRECTION('',(1.,0.,0.));
#2446=DIRECTION('',(0.,0.,1.));
#2447=DIRECTION('',(1.,0.,0.));
#2448=DIRECTION('',(0.,1.,0.));
#2449=DIRECTION('',(0.,0.,1.));
#2450=DIRECTION('',(0.,0.,1.));
#2451=DIRECTION('',(1.,0.,0.));
#2452=DIRECTION('',(0.,0.,1.));
#2453=DIRECTION('',(1.,0.,0.));
#2454=DIRECTION('',(-3.59275013664323E-15,0.,1.));
#2455=DIRECTION('',(1.,0.,3.59275013664323E-15));
#2456=DIRECTION('',(0.,0.,1.));
#2457=DIRECTION('',(1.,0.,0.));
#2458=DIRECTION('',(0.,0.,-1.));
#2459=DIRECTION('',(-1.,0.,0.));
#2460=DIRECTION('',(3.59275013664321E-15,0.,-1.));
#2461=DIRECTION('',(-1.,0.,-3.59275013664321E-15));
#2462=DIRECTION('',(-1.,0.,0.));
#2463=DIRECTION('',(0.,0.,1.));
#2464=DIRECTION('',(-0.707106781186548,0.,0.707106781186548));
#2465=DIRECTION('',(0.707106781186548,0.,0.707106781186548));
#2466=DIRECTION('',(-1.,0.,0.));
#2467=DIRECTION('',(0.,0.,1.));
#2468=DIRECTION('',(1.,0.,0.));
#2469=DIRECTION('',(0.,0.,-1.));
#2470=DIRECTION('',(0.,-1.,0.));
#2471=DIRECTION('',(0.,0.,-1.));
#2472=DIRECTION('',(0.,-1.,0.));
#2473=DIRECTION('',(0.,0.,-1.));
#2474=DIRECTION('',(0.,0.,-1.));
#2475=DIRECTION('',(-1.,0.,0.));
#2476=DIRECTION('',(0.,0.707106781186548,-0.707106781186548));
#2477=DIRECTION('',(0.,-0.707106781186548,-0.707106781186548));
#2478=DIRECTION('',(0.,0.,-1.));
#2479=DIRECTION('',(-1.,0.,0.));
#2480=DIRECTION('',(0.707106781186548,0.,-0.707106781186548));
#2481=DIRECTION('',(-0.707106781186548,0.,-0.707106781186548));
#2482=DIRECTION('',(0.,0.,1.));
#2483=DIRECTION('',(1.,0.,0.));
#2484=DIRECTION('',(0.,3.59275013664321E-15,-1.));
#2485=DIRECTION('',(0.,1.,3.59275013664321E-15));
#2486=DIRECTION('',(0.,-1.,0.));
#2487=DIRECTION('',(0.,0.,-1.));
#2488=DIRECTION('',(0.,-1.,0.));
#2489=DIRECTION('',(0.,0.,-1.));
#2490=DIRECTION('',(0.,1.,0.));
#2491=DIRECTION('',(0.,0.,1.));
#2492=DIRECTION('',(-1.,0.,-3.59275013664321E-15));
#2493=DIRECTION('',(-3.59275013664321E-15,0.,1.));
#2494=DIRECTION('',(-1.,0.,0.));
#2495=DIRECTION('',(0.,0.,1.));
#2496=DIRECTION('',(0.,0.,1.));
#2497=DIRECTION('',(1.,0.,0.));
#2498=DIRECTION('',(-3.59275013664319E-15,0.,-1.));
#2499=DIRECTION('',(-1.,0.,3.59275013664319E-15));
#2500=DIRECTION('',(0.,0.,1.));
#2501=DIRECTION('',(1.,0.,0.));
#2502=DIRECTION('',(0.,0.,1.));
#2503=DIRECTION('',(1.,0.,0.));
#2504=DIRECTION('',(0.,-1.,0.));
#2505=DIRECTION('',(0.,0.,-1.));
#2506=DIRECTION('',(0.,0.707106781186548,0.707106781186548));
#2507=DIRECTION('',(0.,-0.707106781186548,0.707106781186548));
#2508=DIRECTION('',(1.,0.,0.));
#2509=DIRECTION('',(0.,0.,-1.));
#2510=DIRECTION('',(0.707106781186548,0.,0.707106781186548));
#2511=DIRECTION('',(-0.707106781186548,0.,0.707106781186548));
#2512=DIRECTION('',(-1.,-1.19758337888107E-15,-3.59275013664321E-15));
#2513=DIRECTION('',(-3.59275013664321E-15,0.,1.));
#2514=DIRECTION('',(-1.,0.,0.));
#2515=DIRECTION('',(0.,0.,1.));
#2516=DIRECTION('',(1.,0.,0.));
#2517=DIRECTION('',(0.,0.,-1.));
#2518=DIRECTION('',(0.707106781186548,0.707106781186548,0.));
#2519=DIRECTION('',(-0.707106781186548,0.707106781186548,0.));
#2520=DIRECTION('',(0.,-1.,-3.59275013664323E-15));
#2521=DIRECTION('',(0.,3.59275013664323E-15,-1.));
#2522=DIRECTION('',(0.,-1.,0.));
#2523=DIRECTION('',(0.,0.,-1.));
#2524=DIRECTION('',(-1.,0.,0.));
#2525=DIRECTION('',(0.,0.,1.));
#2526=DIRECTION('',(1.,0.,0.));
#2527=DIRECTION('',(0.,0.,-1.));
#2528=DIRECTION('',(1.,0.,0.));
#2529=DIRECTION('',(0.,0.,-1.));
#2530=DIRECTION('',(0.,0.,1.));
#2531=DIRECTION('',(1.,0.,0.));
#2532=DIRECTION('',(0.,3.59275013664323E-15,-1.));
#2533=DIRECTION('',(0.,1.,3.59275013664323E-15));
#2534=DIRECTION('',(0.,0.,1.));
#2535=DIRECTION('',(1.,0.,0.));
#2536=DIRECTION('',(0.,0.,1.));
#2537=DIRECTION('',(1.,0.,0.));
#2538=DIRECTION('',(1.,0.,0.));
#2539=DIRECTION('',(0.,0.,-1.));
#2540=DIRECTION('',(1.,0.,0.));
#2541=DIRECTION('',(0.,0.,-1.));
#2542=DIRECTION('',(0.707106781186548,-0.707106781186548,0.));
#2543=DIRECTION('',(0.707106781186548,0.707106781186548,0.));
#2544=DIRECTION('',(0.,-1.,0.));
#2545=DIRECTION('',(0.,0.,-1.));
#2546=DIRECTION('',(0.,1.,0.));
#2547=DIRECTION('',(0.,0.,1.));
#2548=DIRECTION('',(0.,0.,1.));
#2549=DIRECTION('',(1.,0.,0.));
#2550=DIRECTION('',(0.,0.,1.));
#2551=DIRECTION('',(1.,0.,0.));
#2552=DIRECTION('',(-1.,0.,0.));
#2553=DIRECTION('',(0.,0.,1.));
#2554=DIRECTION('',(1.,4.79033351552427E-15,0.));
#2555=DIRECTION('',(-4.79033351552427E-15,1.,0.));
#2556=DIRECTION('',(0.,1.,0.));
#2557=DIRECTION('',(0.,0.,1.));
#2558=DIRECTION('',(0.,1.,-1.19758337888107E-15));
#2559=DIRECTION('',(0.,1.19758337888107E-15,1.));
#2560=DIRECTION('',(0.,-1.,0.));
#2561=DIRECTION('',(0.,0.,-1.));
#2562=DIRECTION('',(-0.707106781186548,-0.707106781186548,0.));
#2563=DIRECTION('',(0.707106781186548,-0.707106781186548,0.));
#2564=DIRECTION('',(0.,-1.,-3.59275013664323E-15));
#2565=DIRECTION('',(0.,3.59275013664323E-15,-1.));
#2566=DIRECTION('',(0.,-1.,0.));
#2567=DIRECTION('',(0.,0.,-1.));
#2568=DIRECTION('',(0.,-1.,0.));
#2569=DIRECTION('',(0.,0.,-1.));
#2570=DIRECTION('',(0.,-1.,0.));
#2571=DIRECTION('',(0.,0.,-1.));
#2572=DIRECTION('',(-1.,0.,0.));
#2573=DIRECTION('',(0.,0.,1.));
#2574=DIRECTION('',(-1.,0.,0.));
#2575=DIRECTION('',(0.,0.,1.));
#2576=DIRECTION('',(0.,-1.19758337888107E-15,-1.));
#2577=DIRECTION('',(0.,1.,-1.19758337888107E-15));
#2578=DIRECTION('',(0.,0.,-1.));
#2579=DIRECTION('',(-1.,0.,0.));
#2580=DIRECTION('',(-1.,0.,0.));
#2581=DIRECTION('',(0.,0.,1.));
#2582=DIRECTION('',(1.,0.,0.));
#2583=DIRECTION('',(0.,0.,-1.));
#2584=DIRECTION('',(0.,1.,0.));
#2585=DIRECTION('',(0.,0.,1.));
#2586=DIRECTION('',(0.,1.,0.));
#2587=DIRECTION('',(0.,0.,1.));
#2588=DIRECTION('',(0.,-1.,0.));
#2589=DIRECTION('',(0.,0.,-1.));
#2590=DIRECTION('',(0.,1.,0.));
#2591=DIRECTION('',(0.,0.,1.));
#2592=DIRECTION('',(1.,0.,0.));
#2593=DIRECTION('',(0.,0.,-1.));
#2594=DIRECTION('',(1.,0.,0.));
#2595=DIRECTION('',(0.,0.,-1.));
#2596=DIRECTION('',(0.,0.,1.));
#2597=DIRECTION('',(1.,0.,0.));
#2598=DIRECTION('',(0.707106781186548,0.,0.707106781186548));
#2599=DIRECTION('',(-0.707106781186548,0.,0.707106781186548));
#2600=DIRECTION('',(0.,0.,-1.));
#2601=DIRECTION('',(-1.,0.,0.));
#2602=DIRECTION('',(0.,0.,-1.));
#2603=DIRECTION('',(-1.,0.,0.));
#2604=DIRECTION('',(0.,0.,1.));
#2605=DIRECTION('',(1.,0.,0.));
#2606=DIRECTION('',(0.,0.,1.));
#2607=DIRECTION('',(1.,0.,0.));
#2608=DIRECTION('',(1.,0.,0.));
#2609=DIRECTION('',(0.,0.,-1.));
#2610=DIRECTION('',(0.707106781186548,0.,-0.707106781186548));
#2611=DIRECTION('',(-0.707106781186548,0.,-0.707106781186548));
#2612=DIRECTION('',(0.,0.,-1.));
#2613=DIRECTION('',(-1.,0.,0.));
#2614=DIRECTION('',(0.,-0.707106781186548,-0.707106781186548));
#2615=DIRECTION('',(0.,0.707106781186548,-0.707106781186548));
#2616=DIRECTION('',(0.,0.,-1.));
#2617=DIRECTION('',(-1.,0.,0.));
#2618=DIRECTION('',(0.,0.,-1.));
#2619=DIRECTION('',(-1.,0.,0.));
#2620=DIRECTION('',(-1.,0.,0.));
#2621=DIRECTION('',(0.,0.,1.));
#2622=DIRECTION('',(-1.,0.,0.));
#2623=DIRECTION('',(0.,0.,1.));
#2624=DIRECTION('',(1.,0.,0.));
#2625=DIRECTION('',(0.,0.,-1.));
#2626=DIRECTION('',(0.,0.,-1.));
#2627=DIRECTION('',(-1.,0.,0.));
#2628=DIRECTION('',(0.,0.,-1.));
#2629=DIRECTION('',(-1.,0.,0.));
#2630=DIRECTION('',(0.,-1.,0.));
#2631=DIRECTION('',(0.,0.,-1.));
#2632=DIRECTION('',(0.,-0.707106781186548,0.707106781186548));
#2633=DIRECTION('',(0.,0.707106781186548,0.707106781186548));
#2634=DIRECTION('',(0.,1.,0.));
#2635=DIRECTION('',(0.,0.,1.));
#2636=DIRECTION('',(0.,1.,-1.19758337888107E-15));
#2637=DIRECTION('',(0.,1.19758337888107E-15,1.));
#2638=DIRECTION('',(0.,1.,0.));
#2639=DIRECTION('',(0.,0.,1.));
#2640=DIRECTION('',(1.19758337888106E-15,1.,0.));
#2641=DIRECTION('',(-1.,1.19758337888106E-15,0.));
#2642=DIRECTION('',(0.,0.,1.));
#2643=DIRECTION('',(1.,0.,0.));
#2644=DIRECTION('',(0.,0.,-1.));
#2645=DIRECTION('',(-1.,0.,0.));
#2646=DIRECTION('',(0.,1.,0.));
#2647=DIRECTION('',(0.,0.,1.));
#2648=DIRECTION('',(2.39516675776213E-15,-1.,0.));
#2649=DIRECTION('',(1.,2.39516675776213E-15,0.));
#2650=DIRECTION('',(0.,-1.,0.));
#2651=DIRECTION('',(0.,0.,-1.));
#2652=DIRECTION('',(0.707106781186548,-0.707106781186548,0.));
#2653=DIRECTION('',(-0.707106781186548,-0.707106781186548,0.));
#2654=DIRECTION('',(1.,2.39516675776213E-15,0.));
#2655=DIRECTION('',(-2.39516675776213E-15,1.,0.));
#2656=DIRECTION('',(1.,0.,0.));
#2657=DIRECTION('',(0.,0.,-1.));
#2658=DIRECTION('',(1.,0.,0.));
#2659=DIRECTION('',(0.,0.,-1.));
#2660=DIRECTION('',(0.,-1.,0.));
#2661=DIRECTION('',(0.,0.,-1.));
#2662=DIRECTION('',(-4.33680868994202E-17,1.,0.));
#2663=DIRECTION('',(-1.,-4.33680868994202E-17,0.));
#2664=CARTESIAN_POINT('',(0.,0.,0.));
#2665=CARTESIAN_POINT('',(0.035,-0.02,0.0285));
#2666=CARTESIAN_POINT('',(0.035,-0.00072426,0.0285));
#2667=CARTESIAN_POINT('',(0.06927574,-0.00072426,0.0285));
#2668=CARTESIAN_POINT('',(0.06672426,-0.00072426,0.0285));
#2669=CARTESIAN_POINT('',(0.06672426,-0.02,0.0285));
#2670=CARTESIAN_POINT('',(0.06672426,-0.00327574,0.0285));
#2671=CARTESIAN_POINT('',(0.035,-0.00327574,0.0285));
#2672=CARTESIAN_POINT('',(0.06927574,-0.00327574,0.0285));
#2673=CARTESIAN_POINT('',(0.06927574,-0.02,0.0285));
#2674=CARTESIAN_POINT('',(0.07,-0.02,0.038));
#2675=CARTESIAN_POINT('',(0.07,-0.03672426,0.038));
#2676=CARTESIAN_POINT('',(0.07,-0.03672426,0.00072426));
#2677=CARTESIAN_POINT('',(0.07,-0.03672426,0.00472426));
#2678=CARTESIAN_POINT('',(0.07,-0.02,0.00472426));
#2679=CARTESIAN_POINT('',(0.07,-0.00327574,0.00472426));
#2680=CARTESIAN_POINT('',(0.07,-0.00327574,0.));
#2681=CARTESIAN_POINT('',(0.07,-0.00327574,0.00072426));
#2682=CARTESIAN_POINT('',(0.07,0.,0.00072426));
#2683=CARTESIAN_POINT('',(0.07,-0.00072426,0.00072426));
#2684=CARTESIAN_POINT('',(0.07,-0.00072426,0.038));
#2685=CARTESIAN_POINT('',(0.07,-0.00072426,0.02777574));
#2686=CARTESIAN_POINT('',(0.07,-0.02,0.02777574));
#2687=CARTESIAN_POINT('',(0.07,-0.00327574,0.02777574));
#2688=CARTESIAN_POINT('',(0.07,-0.00327574,0.038));
#2689=CARTESIAN_POINT('',(0.07,-0.00327574,0.02377574));
#2690=CARTESIAN_POINT('',(0.07,-0.02,0.02377574));
#2691=CARTESIAN_POINT('',(0.07,-0.03672426,0.02377574));
#2692=CARTESIAN_POINT('',(0.07,-0.03672426,0.0285));
#2693=CARTESIAN_POINT('',(0.07,-0.03672426,0.02777574));
#2694=CARTESIAN_POINT('',(0.07,-0.02,0.02777574));
#2695=CARTESIAN_POINT('',(0.07,-0.03927574,0.02777574));
#2696=CARTESIAN_POINT('',(0.07,-0.03927574,0.));
#2697=CARTESIAN_POINT('',(0.07,-0.03927574,0.00072426));
#2698=CARTESIAN_POINT('',(0.07,-0.036,0.00072426));
#2699=CARTESIAN_POINT('',(0.066,-0.02,0.0166));
#2700=CARTESIAN_POINT('',(0.066,-0.02,0.0166));
#2701=CARTESIAN_POINT('',(0.066,-0.00072426,0.0166));
#2702=CARTESIAN_POINT('',(0.066,-0.03927574,0.0166));
#2703=CARTESIAN_POINT('',(0.066,-0.03927574,0.0285));
#2704=CARTESIAN_POINT('',(0.066,-0.03927574,0.02777574));
#2705=CARTESIAN_POINT('',(0.066,-0.02,0.02777574));
#2706=CARTESIAN_POINT('',(0.066,-0.036,0.02777574));
#2707=CARTESIAN_POINT('',(0.066,-0.036,0.0245));
#2708=CARTESIAN_POINT('',(0.066,-0.036,0.02377574));
#2709=CARTESIAN_POINT('',(0.066,-0.02,0.02377574));
#2710=CARTESIAN_POINT('',(0.066,-0.004,0.02377574));
#2711=CARTESIAN_POINT('',(0.066,-0.004,0.0245));
#2712=CARTESIAN_POINT('',(0.066,-0.004,0.02777574));
#2713=CARTESIAN_POINT('',(0.066,-0.02,0.02777574));
#2714=CARTESIAN_POINT('',(0.066,-0.00072426,0.02777574));
#2715=CARTESIAN_POINT('',(0.066,-0.00072426,0.0166));
#2716=CARTESIAN_POINT('',(0.035,-0.02,0.038));
#2717=CARTESIAN_POINT('',(0.00072426,-0.004,0.038));
#2718=CARTESIAN_POINT('',(0.00072426,-0.00072426,0.038));
#2719=CARTESIAN_POINT('',(0.00072426,-0.00327574,0.038));
#2720=CARTESIAN_POINT('',(0.035,-0.00327574,0.038));
#2721=CARTESIAN_POINT('',(0.00327574,-0.00327574,0.038));
#2722=CARTESIAN_POINT('',(0.00327574,0.,0.038));
#2723=CARTESIAN_POINT('',(0.00327574,-0.00072426,0.038));
#2724=CARTESIAN_POINT('',(0.035,-0.00072426,0.038));
#2725=CARTESIAN_POINT('',(0.035,-0.02,0.0166));
#2726=CARTESIAN_POINT('',(0.035,-0.00072426,0.0166));
#2727=CARTESIAN_POINT('',(0.004,-0.00072426,0.0166));
#2728=CARTESIAN_POINT('',(0.004,-0.02,0.0166));
#2729=CARTESIAN_POINT('',(0.004,-0.03927574,0.0166));
#2730=CARTESIAN_POINT('',(0.066,-0.03927574,0.0166));
#2731=CARTESIAN_POINT('',(0.035,-0.038,0.0166));
#2732=CARTESIAN_POINT('',(0.006,-0.038,0.0166));
#2733=CARTESIAN_POINT('',(0.064,-0.038,0.0166));
#2734=CARTESIAN_POINT('',(0.006,-0.02,0.0166));
#2735=CARTESIAN_POINT('',(0.006,-0.002,0.0166));
#2736=CARTESIAN_POINT('',(0.035,-0.002,0.0166));
#2737=CARTESIAN_POINT('',(0.064,-0.002,0.0166));
#2738=CARTESIAN_POINT('',(0.064,-0.02,0.0166));
#2739=CARTESIAN_POINT('',(0.035,-0.02,0.));
#2740=CARTESIAN_POINT('',(0.00072426,-0.02,0.));
#2741=CARTESIAN_POINT('',(0.00072426,-0.03927574,0.));
#2742=CARTESIAN_POINT('',(0.00072426,-0.03672426,0.));
#2743=CARTESIAN_POINT('',(0.004,-0.03672426,0.));
#2744=CARTESIAN_POINT('',(0.00327574,-0.03672426,0.));
#2745=CARTESIAN_POINT('',(0.00327574,-0.02,0.));
#2746=CARTESIAN_POINT('',(0.00327574,-0.03927574,0.));
#2747=CARTESIAN_POINT('',(0.035,-0.03927574,0.));
#2748=CARTESIAN_POINT('',(0.035,-0.02,0.));
#2749=CARTESIAN_POINT('',(0.00327574,-0.02,0.));
#2750=CARTESIAN_POINT('',(0.00327574,-0.00072426,0.));
#2751=CARTESIAN_POINT('',(0.00327574,-0.00327574,0.));
#2752=CARTESIAN_POINT('',(0.035,-0.00327574,0.));
#2753=CARTESIAN_POINT('',(0.00072426,-0.00327574,0.));
#2754=CARTESIAN_POINT('',(0.00072426,-0.02,0.));
#2755=CARTESIAN_POINT('',(0.00072426,-0.00072426,0.));
#2756=CARTESIAN_POINT('',(0.004,-0.00072426,0.));
#2757=CARTESIAN_POINT('',(0.035,-0.02,0.));
#2758=CARTESIAN_POINT('',(0.06927574,-0.004,0.));
#2759=CARTESIAN_POINT('',(0.06927574,-0.00072426,0.));
#2760=CARTESIAN_POINT('',(0.06927574,-0.00327574,0.));
#2761=CARTESIAN_POINT('',(0.035,-0.00327574,0.));
#2762=CARTESIAN_POINT('',(0.06672426,-0.00327574,0.));
#2763=CARTESIAN_POINT('',(0.06672426,0.,0.));
#2764=CARTESIAN_POINT('',(0.06672426,-0.00072426,0.));
#2765=CARTESIAN_POINT('',(0.07,-0.00072426,0.));
#2766=CARTESIAN_POINT('',(0.035,0.,0.038));
#2767=CARTESIAN_POINT('',(0.00327574,0.,0.));
#2768=CARTESIAN_POINT('',(0.00327574,0.,0.00472426));
#2769=CARTESIAN_POINT('',(0.00327574,0.,0.00072426));
#2770=CARTESIAN_POINT('',(0.,0.,0.00072426));
#2771=CARTESIAN_POINT('',(0.00072426,0.,0.00072426));
#2772=CARTESIAN_POINT('',(0.00072426,0.,0.038));
#2773=CARTESIAN_POINT('',(0.00072426,0.,0.03727574));
#2774=CARTESIAN_POINT('',(0.035,0.,0.03727574));
#2775=CARTESIAN_POINT('',(0.00327574,0.,0.03727574));
#2776=CARTESIAN_POINT('',(0.00327574,0.,0.0166));
#2777=CARTESIAN_POINT('',(0.00327574,0.,0.01587574));
#2778=CARTESIAN_POINT('',(0.035,0.,0.01587574));
#2779=CARTESIAN_POINT('',(0.06672426,0.,0.01587574));
#2780=CARTESIAN_POINT('',(0.06672426,0.,0.038));
#2781=CARTESIAN_POINT('',(0.06672426,0.,0.02777574));
#2782=CARTESIAN_POINT('',(0.035,0.,0.02777574));
#2783=CARTESIAN_POINT('',(0.06927574,0.,0.02777574));
#2784=CARTESIAN_POINT('',(0.06927574,0.,0.038));
#2785=CARTESIAN_POINT('',(0.06927574,0.,0.00072426));
#2786=CARTESIAN_POINT('',(0.066,0.,0.00072426));
#2787=CARTESIAN_POINT('',(0.06672426,0.,0.00072426));
#2788=CARTESIAN_POINT('',(0.06672426,0.,0.038));
#2789=CARTESIAN_POINT('',(0.06672426,0.,0.00472426));
#2790=CARTESIAN_POINT('',(0.035,0.,0.00472426));
#2791=CARTESIAN_POINT('',(0.035,-0.04,0.038));
#2792=CARTESIAN_POINT('',(0.00072426,-0.04,0.038));
#2793=CARTESIAN_POINT('',(0.00072426,-0.04,0.03727574));
#2794=CARTESIAN_POINT('',(0.00072426,-0.04,0.00072426));
#2795=CARTESIAN_POINT('',(0.035,-0.04,0.00072426));
#2796=CARTESIAN_POINT('',(0.00327574,-0.04,0.00072426));
#2797=CARTESIAN_POINT('',(0.00327574,-0.04,0.038));
#2798=CARTESIAN_POINT('',(0.00327574,-0.04,0.00472426));
#2799=CARTESIAN_POINT('',(0.066,-0.04,0.00472426));
#2800=CARTESIAN_POINT('',(0.06672426,-0.04,0.00472426));
#2801=CARTESIAN_POINT('',(0.06672426,-0.04,0.));
#2802=CARTESIAN_POINT('',(0.06672426,-0.04,0.00072426));
#2803=CARTESIAN_POINT('',(0.035,-0.04,0.00072426));
#2804=CARTESIAN_POINT('',(0.06927574,-0.04,0.00072426));
#2805=CARTESIAN_POINT('',(0.06927574,-0.04,0.0285));
#2806=CARTESIAN_POINT('',(0.06927574,-0.04,0.02777574));
#2807=CARTESIAN_POINT('',(0.066,-0.04,0.02777574));
#2808=CARTESIAN_POINT('',(0.06672426,-0.04,0.02777574));
#2809=CARTESIAN_POINT('',(0.06672426,-0.04,0.0166));
#2810=CARTESIAN_POINT('',(0.06672426,-0.04,0.01587574));
#2811=CARTESIAN_POINT('',(0.004,-0.04,0.01587574));
#2812=CARTESIAN_POINT('',(0.00327574,-0.04,0.01587574));
#2813=CARTESIAN_POINT('',(0.00327574,-0.04,0.038));
#2814=CARTESIAN_POINT('',(0.00327574,-0.04,0.03727574));
#2815=CARTESIAN_POINT('',(0.,-0.04,0.03727574));
#2816=CARTESIAN_POINT('',(0.,-0.02,0.038));
#2817=CARTESIAN_POINT('',(0.,-0.00327574,0.038));
#2818=CARTESIAN_POINT('',(0.,-0.00327574,0.00072426));
#2819=CARTESIAN_POINT('',(0.,-0.00327574,0.00472426));
#2820=CARTESIAN_POINT('',(0.,-0.036,0.00472426));
#2821=CARTESIAN_POINT('',(0.,-0.03672426,0.00472426));
#2822=CARTESIAN_POINT('',(0.,-0.03672426,0.));
#2823=CARTESIAN_POINT('',(0.,-0.03672426,0.00072426));
#2824=CARTESIAN_POINT('',(0.,-0.02,0.00072426));
#2825=CARTESIAN_POINT('',(0.,-0.03927574,0.00072426));
#2826=CARTESIAN_POINT('',(0.,-0.03927574,0.038));
#2827=CARTESIAN_POINT('',(0.,-0.03927574,0.03727574));
#2828=CARTESIAN_POINT('',(0.,-0.036,0.03727574));
#2829=CARTESIAN_POINT('',(0.,-0.03672426,0.03727574));
#2830=CARTESIAN_POINT('',(0.,-0.03672426,0.038));
#2831=CARTESIAN_POINT('',(0.,-0.03672426,0.03327574));
#2832=CARTESIAN_POINT('',(0.,-0.004,0.03327574));
#2833=CARTESIAN_POINT('',(0.,-0.00327574,0.03327574));
#2834=CARTESIAN_POINT('',(0.,-0.00327574,0.038));
#2835=CARTESIAN_POINT('',(0.,-0.00327574,0.03727574));
#2836=CARTESIAN_POINT('',(0.,0.,0.03727574));
#2837=CARTESIAN_POINT('',(0.,-0.00072426,0.03727574));
#2838=CARTESIAN_POINT('',(0.,-0.00072426,0.));
#2839=CARTESIAN_POINT('',(0.,-0.00072426,0.00072426));
#2840=CARTESIAN_POINT('',(0.,-0.02,0.00072426));
#2841=CARTESIAN_POINT('',(0.035,-0.02,0.038));
#2842=CARTESIAN_POINT('',(0.00327574,-0.036,0.038));
#2843=CARTESIAN_POINT('',(0.00327574,-0.03927574,0.038));
#2844=CARTESIAN_POINT('',(0.00327574,-0.03672426,0.038));
#2845=CARTESIAN_POINT('',(0.,-0.03672426,0.038));
#2846=CARTESIAN_POINT('',(0.00072426,-0.03672426,0.038));
#2847=CARTESIAN_POINT('',(0.00072426,-0.04,0.038));
#2848=CARTESIAN_POINT('',(0.00072426,-0.03927574,0.038));
#2849=CARTESIAN_POINT('',(0.004,-0.03927574,0.038));
#2850=CARTESIAN_POINT('',(0.035,-0.02,0.));
#2851=CARTESIAN_POINT('',(0.06672426,-0.036,0.));
#2852=CARTESIAN_POINT('',(0.06672426,-0.03927574,0.));
#2853=CARTESIAN_POINT('',(0.06672426,-0.03672426,0.));
#2854=CARTESIAN_POINT('',(0.07,-0.03672426,0.));
#2855=CARTESIAN_POINT('',(0.06927574,-0.03672426,0.));
#2856=CARTESIAN_POINT('',(0.06927574,-0.04,0.));
#2857=CARTESIAN_POINT('',(0.06927574,-0.03927574,0.));
#2858=CARTESIAN_POINT('',(0.035,-0.03927574,0.));
#2859=CARTESIAN_POINT('',(0.004,-0.02,0.0166));
#2860=CARTESIAN_POINT('',(0.004,-0.00072426,0.038));
#2861=CARTESIAN_POINT('',(0.004,-0.00072426,0.03727574));
#2862=CARTESIAN_POINT('',(0.004,-0.004,0.03727574));
#2863=CARTESIAN_POINT('',(0.004,-0.004,0.03727574));
#2864=CARTESIAN_POINT('',(0.004,-0.004,0.034));
#2865=CARTESIAN_POINT('',(0.004,-0.004,0.03327574));
#2866=CARTESIAN_POINT('',(0.004,-0.036,0.03327574));
#2867=CARTESIAN_POINT('',(0.004,-0.036,0.03327574));
#2868=CARTESIAN_POINT('',(0.004,-0.036,0.034));
#2869=CARTESIAN_POINT('',(0.004,-0.036,0.03727574));
#2870=CARTESIAN_POINT('',(0.004,-0.04,0.03727574));
#2871=CARTESIAN_POINT('',(0.004,-0.03927574,0.03727574));
#2872=CARTESIAN_POINT('',(0.004,-0.03927574,0.0166));
#2873=CARTESIAN_POINT('',(0.035,-0.02,0.0285));
#2874=CARTESIAN_POINT('',(0.07,-0.03927574,0.0285));
#2875=CARTESIAN_POINT('',(0.06672426,-0.03927574,0.0285));
#2876=CARTESIAN_POINT('',(0.06927574,-0.03927574,0.0285));
#2877=CARTESIAN_POINT('',(0.06927574,-0.02,0.0285));
#2878=CARTESIAN_POINT('',(0.06927574,-0.03672426,0.0285));
#2879=CARTESIAN_POINT('',(0.066,-0.03672426,0.0285));
#2880=CARTESIAN_POINT('',(0.06672426,-0.03672426,0.0285));
#2881=CARTESIAN_POINT('',(0.06672426,-0.02,0.0285));
#2882=CARTESIAN_POINT('',(0.004,-0.038,0.004));
#2883=CARTESIAN_POINT('',(0.004,-0.03927574,0.004));
#2884=CARTESIAN_POINT('',(0.004,-0.03927574,0.004));
#2885=CARTESIAN_POINT('',(0.004,-0.03927574,0.00072426));
#2886=CARTESIAN_POINT('',(0.004,-0.038,0.00072426));
#2887=CARTESIAN_POINT('',(0.004,-0.036,0.00072426));
#2888=CARTESIAN_POINT('',(0.004,-0.036,0.004));
#2889=CARTESIAN_POINT('',(0.004,-0.036,0.004));
#2890=CARTESIAN_POINT('',(0.004,-0.038,0.004));
#2891=CARTESIAN_POINT('',(0.002,-0.036,0.004));
#2892=CARTESIAN_POINT('',(0.,-0.036,0.00072426));
#2893=CARTESIAN_POINT('',(0.00072426,-0.036,0.00072426));
#2894=CARTESIAN_POINT('',(0.00072426,-0.036,0.004));
#2895=CARTESIAN_POINT('',(0.00072426,-0.036,0.004));
#2896=CARTESIAN_POINT('',(0.002,-0.036,0.004));
#2897=CARTESIAN_POINT('',(0.002,-0.004,0.004));
#2898=CARTESIAN_POINT('',(0.00072426,-0.004,0.004));
#2899=CARTESIAN_POINT('',(0.00072426,-0.004,0.004));
#2900=CARTESIAN_POINT('',(0.00072426,-0.004,0.00072426));
#2901=CARTESIAN_POINT('',(0.002,-0.004,0.00072426));
#2902=CARTESIAN_POINT('',(0.004,-0.004,0.00072426));
#2903=CARTESIAN_POINT('',(0.004,-0.004,0.004));
#2904=CARTESIAN_POINT('',(0.004,-0.004,0.004));
#2905=CARTESIAN_POINT('',(0.002,-0.004,0.004));
#2906=CARTESIAN_POINT('',(0.004,-0.002,0.004));
#2907=CARTESIAN_POINT('',(0.004,-0.002,0.00072426));
#2908=CARTESIAN_POINT('',(0.004,-0.00072426,0.00072426));
#2909=CARTESIAN_POINT('',(0.004,-0.00072426,0.004));
#2910=CARTESIAN_POINT('',(0.004,-0.00072426,0.004));
#2911=CARTESIAN_POINT('',(0.004,-0.002,0.004));
#2912=CARTESIAN_POINT('',(0.066,-0.002,0.004));
#2913=CARTESIAN_POINT('',(0.066,-0.00072426,0.004));
#2914=CARTESIAN_POINT('',(0.066,-0.00072426,0.004));
#2915=CARTESIAN_POINT('',(0.066,-0.00072426,0.00072426));
#2916=CARTESIAN_POINT('',(0.066,-0.004,0.00072426));
#2917=CARTESIAN_POINT('',(0.066,-0.004,0.00072426));
#2918=CARTESIAN_POINT('',(0.066,-0.004,0.004));
#2919=CARTESIAN_POINT('',(0.066,-0.004,0.004));
#2920=CARTESIAN_POINT('',(0.066,-0.002,0.004));
#2921=CARTESIAN_POINT('',(0.068,-0.004,0.004));
#2922=CARTESIAN_POINT('',(0.068,-0.004,0.00072426));
#2923=CARTESIAN_POINT('',(0.06927574,-0.004,0.00072426));
#2924=CARTESIAN_POINT('',(0.06927574,-0.004,0.004));
#2925=CARTESIAN_POINT('',(0.06927574,-0.004,0.004));
#2926=CARTESIAN_POINT('',(0.068,-0.004,0.004));
#2927=CARTESIAN_POINT('',(0.068,-0.036,0.004));
#2928=CARTESIAN_POINT('',(0.06927574,-0.036,0.004));
#2929=CARTESIAN_POINT('',(0.06927574,-0.036,0.004));
#2930=CARTESIAN_POINT('',(0.06927574,-0.036,0.00072426));
#2931=CARTESIAN_POINT('',(0.066,-0.036,0.00072426));
#2932=CARTESIAN_POINT('',(0.066,-0.036,0.00072426));
#2933=CARTESIAN_POINT('',(0.066,-0.036,0.004));
#2934=CARTESIAN_POINT('',(0.066,-0.036,0.004));
#2935=CARTESIAN_POINT('',(0.068,-0.036,0.004));
#2936=CARTESIAN_POINT('',(0.066,-0.038,0.004));
#2937=CARTESIAN_POINT('',(0.066,-0.04,0.00072426));
#2938=CARTESIAN_POINT('',(0.066,-0.03927574,0.00072426));
#2939=CARTESIAN_POINT('',(0.066,-0.03927574,0.004));
#2940=CARTESIAN_POINT('',(0.066,-0.03927574,0.004));
#2941=CARTESIAN_POINT('',(0.066,-0.038,0.004));
#2942=CARTESIAN_POINT('',(0.035,-0.02,0.004));
#2943=CARTESIAN_POINT('',(0.00072426,-0.004,0.004));
#2944=CARTESIAN_POINT('',(0.035,-0.00072426,0.004));
#2945=CARTESIAN_POINT('',(0.06927574,-0.02,0.004));
#2946=CARTESIAN_POINT('',(0.004,-0.03927574,0.004));
#2947=CARTESIAN_POINT('',(0.006,-0.02,0.0146));
#2948=CARTESIAN_POINT('',(0.006,-0.038,0.0146));
#2949=CARTESIAN_POINT('',(0.006,-0.038,0.0146));
#2950=CARTESIAN_POINT('',(0.006,-0.02,0.0146));
#2951=CARTESIAN_POINT('',(0.006,-0.002,0.0146));
#2952=CARTESIAN_POINT('',(0.006,-0.002,0.0146));
#2953=CARTESIAN_POINT('',(0.035,-0.038,0.0146));
#2954=CARTESIAN_POINT('',(0.064,-0.038,0.0146));
#2955=CARTESIAN_POINT('',(0.064,-0.038,0.0146));
#2956=CARTESIAN_POINT('',(0.035,-0.038,0.0146));
#2957=CARTESIAN_POINT('',(0.064,-0.02,0.0146));
#2958=CARTESIAN_POINT('',(0.064,-0.002,0.0146));
#2959=CARTESIAN_POINT('',(0.064,-0.002,0.0146));
#2960=CARTESIAN_POINT('',(0.064,-0.02,0.0146));
#2961=CARTESIAN_POINT('',(0.035,-0.002,0.0146));
#2962=CARTESIAN_POINT('',(0.035,-0.002,0.0146));
#2963=CARTESIAN_POINT('',(0.035,-0.02,0.0146));
#2964=CARTESIAN_POINT('',(0.002,-0.036,0.034));
#2965=CARTESIAN_POINT('',(0.002,-0.036,0.034));
#2966=CARTESIAN_POINT('',(0.00072426,-0.036,0.034));
#2967=CARTESIAN_POINT('',(0.00327574,-0.036,0.034));
#2968=CARTESIAN_POINT('',(0.00072426,-0.036,0.034));
#2969=CARTESIAN_POINT('',(0.00072426,-0.036,0.03727574));
#2970=CARTESIAN_POINT('',(0.004,-0.036,0.03727574));
#2971=CARTESIAN_POINT('',(0.00327574,-0.036,0.03327574));
#2972=CARTESIAN_POINT('',(0.002,-0.004,0.034));
#2973=CARTESIAN_POINT('',(0.002,-0.004,0.03727574));
#2974=CARTESIAN_POINT('',(0.00072426,-0.004,0.03727574));
#2975=CARTESIAN_POINT('',(0.00072426,-0.004,0.034));
#2976=CARTESIAN_POINT('',(0.00072426,-0.004,0.034));
#2977=CARTESIAN_POINT('',(0.002,-0.004,0.034));
#2978=CARTESIAN_POINT('',(0.00327574,-0.004,0.034));
#2979=CARTESIAN_POINT('',(0.00327574,-0.004,0.03327574));
#2980=CARTESIAN_POINT('',(0.002,-0.02,0.034));
#2981=CARTESIAN_POINT('',(0.00072426,-0.036,0.034));
#2982=CARTESIAN_POINT('',(0.00327574,-0.004,0.034));
#2983=CARTESIAN_POINT('',(0.068,-0.036,0.0245));
#2984=CARTESIAN_POINT('',(0.07,-0.036,0.02777574));
#2985=CARTESIAN_POINT('',(0.06927574,-0.036,0.02777574));
#2986=CARTESIAN_POINT('',(0.06927574,-0.036,0.0245));
#2987=CARTESIAN_POINT('',(0.06927574,-0.036,0.0245));
#2988=CARTESIAN_POINT('',(0.068,-0.036,0.0245));
#2989=CARTESIAN_POINT('',(0.06672426,-0.036,0.0245));
#2990=CARTESIAN_POINT('',(0.06672426,-0.036,0.02377574));
#2991=CARTESIAN_POINT('',(0.068,-0.004,0.0245));
#2992=CARTESIAN_POINT('',(0.068,-0.004,0.0245));
#2993=CARTESIAN_POINT('',(0.06672426,-0.004,0.0245));
#2994=CARTESIAN_POINT('',(0.06927574,-0.004,0.0245));
#2995=CARTESIAN_POINT('',(0.06927574,-0.004,0.0245));
#2996=CARTESIAN_POINT('',(0.06927574,-0.004,0.02777574));
#2997=CARTESIAN_POINT('',(0.068,-0.004,0.02777574));
#2998=CARTESIAN_POINT('',(0.06672426,-0.004,0.02377574));
#2999=CARTESIAN_POINT('',(0.068,-0.02,0.0245));
#3000=CARTESIAN_POINT('',(0.06927574,-0.02,0.0245));
#3001=CARTESIAN_POINT('',(0.06672426,-0.02,0.0245));
#3002=CARTESIAN_POINT('',(0.00072426,-0.02,0.03727574));
#3003=CARTESIAN_POINT('',(0.00072426,-0.03927574,0.03727574));
#3004=CARTESIAN_POINT('',(0.00072426,-0.03672426,0.03727574));
#3005=CARTESIAN_POINT('',(0.002,-0.03672426,0.03727574));
#3006=CARTESIAN_POINT('',(0.00072426,-0.03672426,0.03727574));
#3007=CARTESIAN_POINT('',(0.00327574,-0.03672426,0.03727574));
#3008=CARTESIAN_POINT('',(0.00072426,-0.03672426,0.03727574));
#3009=CARTESIAN_POINT('',(0.00072426,-0.03672426,0.03727574));
#3010=CARTESIAN_POINT('',(0.00072426,-0.03927574,0.03727574));
#3011=CARTESIAN_POINT('',(0.00072426,-0.03927574,0.03727574));
#3012=CARTESIAN_POINT('',(0.00072426,-0.03927574,0.03727574));
#3013=CARTESIAN_POINT('',(0.035,-0.03927574,0.03727574));
#3014=CARTESIAN_POINT('',(0.00327574,-0.03927574,0.03727574));
#3015=CARTESIAN_POINT('',(0.00327574,-0.02,0.03727574));
#3016=CARTESIAN_POINT('',(0.00327574,-0.03927574,0.03727574));
#3017=CARTESIAN_POINT('',(0.00072426,-0.03672426,0.034));
#3018=CARTESIAN_POINT('',(0.00072426,-0.03672426,0.03327574));
#3019=CARTESIAN_POINT('',(0.00072426,-0.03927574,0.038));
#3020=CARTESIAN_POINT('',(0.00072426,-0.03927574,0.00072426));
#3021=CARTESIAN_POINT('',(0.00327574,-0.03927574,0.03727574));
#3022=CARTESIAN_POINT('',(0.00327574,-0.03927574,0.03727574));
#3023=CARTESIAN_POINT('',(0.00072426,-0.02,0.03327574));
#3024=CARTESIAN_POINT('',(0.00072426,-0.00327574,0.03327574));
#3025=CARTESIAN_POINT('',(0.00072426,-0.02,0.00072426));
#3026=CARTESIAN_POINT('',(0.00072426,-0.03672426,0.00072426));
#3027=CARTESIAN_POINT('',(0.00072426,-0.03927574,0.00072426));
#3028=CARTESIAN_POINT('',(0.035,-0.03672426,0.00072426));
#3029=CARTESIAN_POINT('',(0.00327574,-0.03672426,0.00072426));
#3030=CARTESIAN_POINT('',(0.00072426,-0.03672426,0.00072426));
#3031=CARTESIAN_POINT('',(0.00072426,-0.03927574,0.00072426));
#3032=CARTESIAN_POINT('',(0.00072426,-0.03927574,0.00072426));
#3033=CARTESIAN_POINT('',(0.00327574,-0.03927574,0.038));
#3034=CARTESIAN_POINT('',(0.00327574,-0.03927574,0.01587574));
#3035=CARTESIAN_POINT('',(0.00072426,-0.00327574,0.038));
#3036=CARTESIAN_POINT('',(0.00072426,-0.00327574,0.03727574));
#3037=CARTESIAN_POINT('',(0.00072426,-0.03672426,0.00072426));
#3038=CARTESIAN_POINT('',(0.00072426,-0.03672426,0.00072426));
#3039=CARTESIAN_POINT('',(0.00327574,-0.038,0.00072426));
#3040=CARTESIAN_POINT('',(0.00327574,-0.03927574,0.00072426));
#3041=CARTESIAN_POINT('',(0.035,-0.03927574,0.00072426));
#3042=CARTESIAN_POINT('',(0.00327574,-0.03927574,0.00072426));
#3043=CARTESIAN_POINT('',(0.035,-0.03927574,0.01587574));
#3044=CARTESIAN_POINT('',(0.06672426,-0.03927574,0.01587574));
#3045=CARTESIAN_POINT('',(0.035,-0.00327574,0.03727574));
#3046=CARTESIAN_POINT('',(0.00072426,-0.00327574,0.03727574));
#3047=CARTESIAN_POINT('',(0.00327574,-0.00327574,0.03727574));
#3048=CARTESIAN_POINT('',(0.00072426,-0.00327574,0.03727574));
#3049=CARTESIAN_POINT('',(0.00072426,-0.00327574,0.03727574));
#3050=CARTESIAN_POINT('',(0.00072426,-0.03672426,0.038));
#3051=CARTESIAN_POINT('',(0.00072426,-0.03672426,0.00472426));
#3052=CARTESIAN_POINT('',(0.00327574,-0.03927574,0.00072426));
#3053=CARTESIAN_POINT('',(0.00327574,-0.03927574,0.00072426));
#3054=CARTESIAN_POINT('',(0.06672426,-0.03927574,0.0166));
#3055=CARTESIAN_POINT('',(0.06672426,-0.03927574,0.02777574));
#3056=CARTESIAN_POINT('',(0.06672426,-0.02,0.02777574));
#3057=CARTESIAN_POINT('',(0.06672426,-0.03927574,0.02777574));
#3058=CARTESIAN_POINT('',(0.06672426,-0.03672426,0.02777574));
#3059=CARTESIAN_POINT('',(0.068,-0.03672426,0.02777574));
#3060=CARTESIAN_POINT('',(0.06927574,-0.03672426,0.02777574));
#3061=CARTESIAN_POINT('',(0.00327574,-0.02,0.03727574));
#3062=CARTESIAN_POINT('',(0.00327574,-0.00072426,0.03727574));
#3063=CARTESIAN_POINT('',(0.035,-0.00072426,0.03727574));
#3064=CARTESIAN_POINT('',(0.00072426,-0.00072426,0.03727574));
#3065=CARTESIAN_POINT('',(0.00327574,-0.00072426,0.03727574));
#3066=CARTESIAN_POINT('',(0.00072426,-0.02,0.03727574));
#3067=CARTESIAN_POINT('',(0.00072426,-0.00072426,0.03727574));
#3068=CARTESIAN_POINT('',(0.00072426,-0.02,0.00472426));
#3069=CARTESIAN_POINT('',(0.00072426,-0.00327574,0.00472426));
#3070=CARTESIAN_POINT('',(0.00327574,-0.03927574,0.004));
#3071=CARTESIAN_POINT('',(0.00327574,-0.03927574,0.00472426));
#3072=CARTESIAN_POINT('',(0.06672426,-0.03927574,0.02777574));
#3073=CARTESIAN_POINT('',(0.06672426,-0.03927574,0.02777574));
#3074=CARTESIAN_POINT('',(0.06927574,-0.03672426,0.02777574));
#3075=CARTESIAN_POINT('',(0.06927574,-0.03672426,0.02777574));
#3076=CARTESIAN_POINT('',(0.06927574,-0.03672426,0.02777574));
#3077=CARTESIAN_POINT('',(0.00327574,-0.00072426,0.03727574));
#3078=CARTESIAN_POINT('',(0.00327574,-0.00072426,0.03727574));
#3079=CARTESIAN_POINT('',(0.00072426,-0.00072426,0.03727574));
#3080=CARTESIAN_POINT('',(0.00072426,-0.00072426,0.03727574));
#3081=CARTESIAN_POINT('',(0.00072426,-0.00327574,0.004));
#3082=CARTESIAN_POINT('',(0.00072426,-0.00327574,0.00072426));
#3083=CARTESIAN_POINT('',(0.035,-0.03927574,0.00472426));
#3084=CARTESIAN_POINT('',(0.06672426,-0.03927574,0.00472426));
#3085=CARTESIAN_POINT('',(0.035,-0.03927574,0.02777574));
#3086=CARTESIAN_POINT('',(0.06927574,-0.03927574,0.02777574));
#3087=CARTESIAN_POINT('',(0.06927574,-0.02,0.02777574));
#3088=CARTESIAN_POINT('',(0.06927574,-0.03927574,0.02777574));
#3089=CARTESIAN_POINT('',(0.06927574,-0.03672426,0.038));
#3090=CARTESIAN_POINT('',(0.06927574,-0.03672426,0.02377574));
#3091=CARTESIAN_POINT('',(0.00327574,-0.00072426,0.0166));
#3092=CARTESIAN_POINT('',(0.00327574,-0.00072426,0.01587574));
#3093=CARTESIAN_POINT('',(0.00072426,-0.00072426,0.038));
#3094=CARTESIAN_POINT('',(0.00072426,-0.00072426,0.00072426));
#3095=CARTESIAN_POINT('',(0.00072426,-0.02,0.00072426));
#3096=CARTESIAN_POINT('',(0.00072426,-0.00327574,0.00072426));
#3097=CARTESIAN_POINT('',(0.00072426,-0.00072426,0.00072426));
#3098=CARTESIAN_POINT('',(0.00072426,-0.00327574,0.00072426));
#3099=CARTESIAN_POINT('',(0.00072426,-0.00327574,0.00072426));
#3100=CARTESIAN_POINT('',(0.06672426,-0.03927574,0.038));
#3101=CARTESIAN_POINT('',(0.06672426,-0.03927574,0.00072426));
#3102=CARTESIAN_POINT('',(0.06927574,-0.03927574,0.02777574));
#3103=CARTESIAN_POINT('',(0.06927574,-0.03927574,0.02777574));
#3104=CARTESIAN_POINT('',(0.06927574,-0.02,0.02377574));
#3105=CARTESIAN_POINT('',(0.06927574,-0.00327574,0.02377574));
#3106=CARTESIAN_POINT('',(0.035,-0.00072426,0.01587574));
#3107=CARTESIAN_POINT('',(0.06672426,-0.00072426,0.01587574));
#3108=CARTESIAN_POINT('',(0.00072426,-0.00072426,0.00072426));
#3109=CARTESIAN_POINT('',(0.00072426,-0.00072426,0.00072426));
#3110=CARTESIAN_POINT('',(0.002,-0.00327574,0.00072426));
#3111=CARTESIAN_POINT('',(0.00327574,-0.00327574,0.00072426));
#3112=CARTESIAN_POINT('',(0.06672426,-0.03927574,0.00072426));
#3113=CARTESIAN_POINT('',(0.06672426,-0.03927574,0.00072426));
#3114=CARTESIAN_POINT('',(0.06672426,-0.03927574,0.00072426));
#3115=CARTESIAN_POINT('',(0.035,-0.03927574,0.00072426));
#3116=CARTESIAN_POINT('',(0.06927574,-0.03927574,0.00072426));
#3117=CARTESIAN_POINT('',(0.06927574,-0.03927574,0.038));
#3118=CARTESIAN_POINT('',(0.06927574,-0.03927574,0.00072426));
#3119=CARTESIAN_POINT('',(0.06927574,-0.00327574,0.0245));
#3120=CARTESIAN_POINT('',(0.06927574,-0.00327574,0.02777574));
#3121=CARTESIAN_POINT('',(0.035,-0.00327574,0.02777574));
#3122=CARTESIAN_POINT('',(0.06927574,-0.00327574,0.02777574));
#3123=CARTESIAN_POINT('',(0.06672426,-0.00327574,0.02777574));
#3124=CARTESIAN_POINT('',(0.06672426,-0.02,0.02777574));
#3125=CARTESIAN_POINT('',(0.06672426,-0.00072426,0.02777574));
#3126=CARTESIAN_POINT('',(0.06672426,-0.00072426,0.038));
#3127=CARTESIAN_POINT('',(0.06672426,-0.00072426,0.02777574));
#3128=CARTESIAN_POINT('',(0.035,-0.00072426,0.00072426));
#3129=CARTESIAN_POINT('',(0.00327574,-0.00072426,0.00072426));
#3130=CARTESIAN_POINT('',(0.00327574,-0.002,0.00072426));
#3131=CARTESIAN_POINT('',(0.00327574,-0.00072426,0.00072426));
#3132=CARTESIAN_POINT('',(0.06672426,-0.02,0.00072426));
#3133=CARTESIAN_POINT('',(0.06672426,-0.03672426,0.00072426));
#3134=CARTESIAN_POINT('',(0.06927574,-0.03927574,0.00072426));
#3135=CARTESIAN_POINT('',(0.06927574,-0.03927574,0.00072426));
#3136=CARTESIAN_POINT('',(0.06927574,-0.00327574,0.02777574));
#3137=CARTESIAN_POINT('',(0.06927574,-0.00327574,0.02777574));
#3138=CARTESIAN_POINT('',(0.06672426,-0.00072426,0.02777574));
#3139=CARTESIAN_POINT('',(0.06672426,-0.00072426,0.02777574));
#3140=CARTESIAN_POINT('',(0.00327574,-0.00072426,0.00072426));
#3141=CARTESIAN_POINT('',(0.00327574,-0.00072426,0.00072426));
#3142=CARTESIAN_POINT('',(0.035,-0.03672426,0.00072426));
#3143=CARTESIAN_POINT('',(0.06927574,-0.03672426,0.00072426));
#3144=CARTESIAN_POINT('',(0.06927574,-0.02,0.00072426));
#3145=CARTESIAN_POINT('',(0.06927574,-0.03672426,0.00072426));
#3146=CARTESIAN_POINT('',(0.06927574,-0.02,0.02777574));
#3147=CARTESIAN_POINT('',(0.06927574,-0.00072426,0.02777574));
#3148=CARTESIAN_POINT('',(0.035,-0.00072426,0.02777574));
#3149=CARTESIAN_POINT('',(0.06927574,-0.00072426,0.02777574));
#3150=CARTESIAN_POINT('',(0.00327574,-0.00072426,0.038));
#3151=CARTESIAN_POINT('',(0.00327574,-0.00072426,0.00472426));
#3152=CARTESIAN_POINT('',(0.06927574,-0.03672426,0.00072426));
#3153=CARTESIAN_POINT('',(0.06927574,-0.03672426,0.00072426));
#3154=CARTESIAN_POINT('',(0.06927574,-0.00072426,0.02777574));
#3155=CARTESIAN_POINT('',(0.06927574,-0.00072426,0.02777574));
#3156=CARTESIAN_POINT('',(0.035,-0.00072426,0.00472426));
#3157=CARTESIAN_POINT('',(0.06672426,-0.00072426,0.00472426));
#3158=CARTESIAN_POINT('',(0.06927574,-0.03672426,0.004));
#3159=CARTESIAN_POINT('',(0.06927574,-0.03672426,0.00472426));
#3160=CARTESIAN_POINT('',(0.06927574,-0.00072426,0.038));
#3161=CARTESIAN_POINT('',(0.06927574,-0.00072426,0.00072426));
#3162=CARTESIAN_POINT('',(0.035,-0.00072426,0.00072426));
#3163=CARTESIAN_POINT('',(0.06672426,-0.00072426,0.00072426));
#3164=CARTESIAN_POINT('',(0.06927574,-0.00072426,0.00072426));
#3165=CARTESIAN_POINT('',(0.06672426,-0.00072426,0.004));
#3166=CARTESIAN_POINT('',(0.06672426,-0.00072426,0.00072426));
#3167=CARTESIAN_POINT('',(0.06927574,-0.02,0.00472426));
#3168=CARTESIAN_POINT('',(0.06927574,-0.00327574,0.00472426));
#3169=CARTESIAN_POINT('',(0.06927574,-0.00072426,0.00072426));
#3170=CARTESIAN_POINT('',(0.06927574,-0.00072426,0.00072426));
#3171=CARTESIAN_POINT('',(0.06672426,-0.00072426,0.00072426));
#3172=CARTESIAN_POINT('',(0.06672426,-0.00072426,0.00072426));
#3173=CARTESIAN_POINT('',(0.06927574,-0.00327574,0.038));
#3174=CARTESIAN_POINT('',(0.06927574,-0.00327574,0.00072426));
#3175=CARTESIAN_POINT('',(0.06927574,-0.02,0.00072426));
#3176=CARTESIAN_POINT('',(0.06927574,-0.00327574,0.00072426));
#3177=CARTESIAN_POINT('',(0.06672426,-0.02,0.00072426));
#3178=CARTESIAN_POINT('',(0.06672426,-0.00327574,0.00072426));
#3179=CARTESIAN_POINT('',(0.06927574,-0.00327574,0.00072426));
#3180=CARTESIAN_POINT('',(0.06927574,-0.00327574,0.00072426));
#3181=CARTESIAN_POINT('',(0.068,-0.00327574,0.00072426));
#3182=CARTESIAN_POINT('',(0.06672426,-0.02,0.02377574));
#3183=CARTESIAN_POINT('',(0.00327574,-0.02,0.03327574));
#3184=MECHANICAL_DESIGN_GEOMETRIC_PRESENTATION_REPRESENTATION('',(#1829),
#3185);
#3185=(
GEOMETRIC_REPRESENTATION_CONTEXT(3)
GLOBAL_UNCERTAINTY_ASSIGNED_CONTEXT((#3186))
GLOBAL_UNIT_ASSIGNED_CONTEXT((#3189,#3188,#3187))
REPRESENTATION_CONTEXT('Bed','TOP_LEVEL_ASSEMBLY_PART')
);
#3186=UNCERTAINTY_MEASURE_WITH_UNIT(LENGTH_MEASURE(1.E-8),#3189,
'DISTANCE_ACCURACY_VALUE','Maximum Tolerance applied to model');
#3187=(
NAMED_UNIT(*)
SI_UNIT($,.STERADIAN.)
SOLID_ANGLE_UNIT()
);
#3188=(
NAMED_UNIT(*)
PLANE_ANGLE_UNIT()
SI_UNIT($,.RADIAN.)
);
#3189=(
LENGTH_UNIT()
NAMED_UNIT(*)
SI_UNIT($,.METRE.)
);
#3190=PRODUCT_DEFINITION_SHAPE('','',#3191);
#3191=PRODUCT_DEFINITION('','',#3193,#3192);
#3192=PRODUCT_DEFINITION_CONTEXT('',#3199,'design');
#3193=PRODUCT_DEFINITION_FORMATION_WITH_SPECIFIED_SOURCE('','',#3195,
 .NOT_KNOWN.);
#3194=PRODUCT_RELATED_PRODUCT_CATEGORY('','',(#3195));
#3195=PRODUCT('Bed','Bed','Bed',(#3197));
#3196=PRODUCT_CATEGORY('','');
#3197=PRODUCT_CONTEXT('',#3199,'mechanical');
#3198=APPLICATION_PROTOCOL_DEFINITION('international standard',
'ap242_managed_model_based_3d_engineering',2020,#3199);
#3199=APPLICATION_CONTEXT('managed model based 3d engineering');
ENDSEC;
END-ISO-10303-21;
