ISO-10303-21;
HEADER;
/* Generated by software containing ST-Developer
 * from STEP Tools, Inc. (www.steptools.com) 
 */
/* OPTION: using custom renumber hook */

FILE_DESCRIPTION(
/* description */ ('STEP AP242 Edition 2',
'CAx-IF Rec.Pracs.---Representation and Presentation of Product Manufa
cturing Information (PMI)---4.0---2014-10-13',
'CAx-IF Rec.Pracs.---3D Tessellated Geometry---0.4---2014-09-14','2;1',
'CAx-IF Rec.Pracs.---User Defined Attributes---1.5---2016-08-15'),
/* implementation_level */ '2;1');

FILE_NAME(
/* name */ 'Assembly 1 - Dresser',
/* time_stamp */ '2026-09-04T01:58:22Z',
/* author */ (''),
/* organization */ (''),
/* preprocessor_version */ 'ST-DEVELOPER v20',
/* originating_system */ 'ONSHAPE BY PTC INC, 1.220',
/* authorisation */ '  ');

FILE_SCHEMA (('AP242_MANAGED_MODEL_BASED_3D_ENGINEERING_MIM_LF { 1 0 10303 442 3 1 4 }'));
ENDSEC;

DATA;
#10=SHAPE_REPRESENTATION_RELATIONSHIP('','',#1598,#11);
#11=ADVANCED_BREP_SHAPE_REPRESENTATION('',(#1596),#2762);
#12=TOROIDAL_SURFACE('',#1693,0.00144852,0.00072426);
#13=TOROIDAL_SURFACE('',#1699,0.00144852,0.00072426);
#14=TOROIDAL_SURFACE('',#1725,0.00144852,0.00072426);
#15=TOROIDAL_SURFACE('',#1745,0.00144852,0.00072426);
#16=SPHERICAL_SURFACE('',#1647,0.00072426);
#17=SPHERICAL_SURFACE('',#1659,0.00072426);
#18=SPHERICAL_SURFACE('',#1666,0.00072426);
#19=SPHERICAL_SURFACE('',#1677,0.00072426);
#20=SPHERICAL_SURFACE('',#1688,0.00072426);
#21=SPHERICAL_SURFACE('',#1705,0.00072426);
#22=SPHERICAL_SURFACE('',#1712,0.00072426);
#23=SPHERICAL_SURFACE('',#1719,0.00072426);
#24=SPHERICAL_SURFACE('',#1729,0.00072426);
#25=SPHERICAL_SURFACE('',#1733,0.00072426);
#26=SPHERICAL_SURFACE('',#1747,0.00072426);
#27=SPHERICAL_SURFACE('',#1760,0.00072426);
#28=SPHERICAL_SURFACE('',#1764,0.00072426);
#29=SPHERICAL_SURFACE('',#1772,0.00072426);
#30=ELLIPSE('',#1646,0.00102425831468434,0.00072426);
#31=ELLIPSE('',#1653,0.00102425831468434,0.00072426);
#32=ELLIPSE('',#1662,0.00102425831468434,0.00072426);
#33=ELLIPSE('',#1665,0.00102425831468434,0.00072426);
#34=ELLIPSE('',#1669,0.00102425831468434,0.00072426);
#35=ELLIPSE('',#1673,0.00102425831468434,0.00072426);
#36=ELLIPSE('',#1676,0.00102425831468434,0.00072426);
#37=ELLIPSE('',#1687,0.00102425831468434,0.00072426);
#38=ELLIPSE('',#1704,0.00102425831468434,0.00072426);
#39=ELLIPSE('',#1728,0.00102425831468434,0.00072426);
#40=ELLIPSE('',#1732,0.00102425831468434,0.00072426);
#41=ELLIPSE('',#1744,0.00102425831468434,0.00072426);
#42=ELLIPSE('',#1750,0.00102425831468434,0.00072426);
#43=ELLIPSE('',#1754,0.00102425831468434,0.00072426);
#44=ELLIPSE('',#1763,0.00102425831468434,0.00072426);
#45=ELLIPSE('',#1771,0.00102425831468434,0.00072426);
#46=ELLIPSE('',#1776,0.00102425831468434,0.00072426);
#47=ELLIPSE('',#1777,0.00102425831468434,0.00072426);
#48=ELLIPSE('',#1779,0.00102425831468434,0.00072426);
#49=ELLIPSE('',#1781,0.00102425831468434,0.00072426);
#50=ELLIPSE('',#1784,0.00102425831468434,0.00072426);
#51=ELLIPSE('',#1785,0.00102425831468434,0.00072426);
#52=ELLIPSE('',#1787,0.00102425831468434,0.00072426);
#53=ELLIPSE('',#1789,0.00102425831468434,0.00072426);
#54=CYLINDRICAL_SURFACE('',#1638,0.001);
#55=CYLINDRICAL_SURFACE('',#1641,0.001);
#56=CYLINDRICAL_SURFACE('',#1644,0.00072426);
#57=CYLINDRICAL_SURFACE('',#1650,0.00072426);
#58=CYLINDRICAL_SURFACE('',#1652,0.00072426);
#59=CYLINDRICAL_SURFACE('',#1654,0.00072426);
#60=CYLINDRICAL_SURFACE('',#1656,0.00072426);
#61=CYLINDRICAL_SURFACE('',#1661,0.00072426);
#62=CYLINDRICAL_SURFACE('',#1663,0.00072426);
#63=CYLINDRICAL_SURFACE('',#1668,0.00072426);
#64=CYLINDRICAL_SURFACE('',#1670,0.00072426);
#65=CYLINDRICAL_SURFACE('',#1672,0.00072426);
#66=CYLINDRICAL_SURFACE('',#1675,0.00072426);
#67=CYLINDRICAL_SURFACE('',#1679,0.00072426);
#68=CYLINDRICAL_SURFACE('',#1681,0.00072426);
#69=CYLINDRICAL_SURFACE('',#1683,0.00072426);
#70=CYLINDRICAL_SURFACE('',#1686,0.00072426);
#71=CYLINDRICAL_SURFACE('',#1691,0.00072426);
#72=CYLINDRICAL_SURFACE('',#1695,0.00072426);
#73=CYLINDRICAL_SURFACE('',#1697,0.00072426);
#74=CYLINDRICAL_SURFACE('',#1701,0.00072426);
#75=CYLINDRICAL_SURFACE('',#1703,0.00072426);
#76=CYLINDRICAL_SURFACE('',#1708,0.00072426);
#77=CYLINDRICAL_SURFACE('',#1710,0.00072426);
#78=CYLINDRICAL_SURFACE('',#1714,0.00072426);
#79=CYLINDRICAL_SURFACE('',#1716,0.00072426);
#80=CYLINDRICAL_SURFACE('',#1721,0.00072426);
#81=CYLINDRICAL_SURFACE('',#1723,0.00072426);
#82=CYLINDRICAL_SURFACE('',#1727,0.00072426);
#83=CYLINDRICAL_SURFACE('',#1731,0.00072426);
#84=CYLINDRICAL_SURFACE('',#1735,0.00072426);
#85=CYLINDRICAL_SURFACE('',#1737,0.00072426);
#86=CYLINDRICAL_SURFACE('',#1739,0.00072426);
#87=CYLINDRICAL_SURFACE('',#1741,0.00072426);
#88=CYLINDRICAL_SURFACE('',#1743,0.00072426);
#89=CYLINDRICAL_SURFACE('',#1749,0.00072426);
#90=CYLINDRICAL_SURFACE('',#1751,0.00072426);
#91=CYLINDRICAL_SURFACE('',#1753,0.00072426);
#92=CYLINDRICAL_SURFACE('',#1755,0.00072426);
#93=CYLINDRICAL_SURFACE('',#1757,0.00072426);
#94=CYLINDRICAL_SURFACE('',#1762,0.00072426);
#95=CYLINDRICAL_SURFACE('',#1766,0.00072426);
#96=CYLINDRICAL_SURFACE('',#1768,0.00072426);
#97=CYLINDRICAL_SURFACE('',#1770,0.00072426);
#98=CYLINDRICAL_SURFACE('',#1774,0.00072426);
#99=CYLINDRICAL_SURFACE('',#1775,0.00072426);
#100=CYLINDRICAL_SURFACE('',#1778,0.00072426);
#101=CYLINDRICAL_SURFACE('',#1780,0.00072426);
#102=CYLINDRICAL_SURFACE('',#1782,0.00072426);
#103=CYLINDRICAL_SURFACE('',#1783,0.00072426);
#104=CYLINDRICAL_SURFACE('',#1786,0.00072426);
#105=CYLINDRICAL_SURFACE('',#1788,0.00072426);
#106=CYLINDRICAL_SURFACE('',#1790,0.00072426);
#107=CIRCLE('',#1612,0.00144852);
#108=CIRCLE('',#1613,0.00144852);
#109=CIRCLE('',#1615,0.00144852);
#110=CIRCLE('',#1616,0.00144852);
#111=CIRCLE('',#1631,0.001);
#112=CIRCLE('',#1637,0.001);
#113=CIRCLE('',#1639,0.001);
#114=CIRCLE('',#1642,0.001);
#115=CIRCLE('',#1645,0.00072426);
#116=CIRCLE('',#1648,0.00072426);
#117=CIRCLE('',#1649,0.00072426);
#118=CIRCLE('',#1651,0.00072426);
#119=CIRCLE('',#1655,0.00072426);
#120=CIRCLE('',#1657,0.00072426);
#121=CIRCLE('',#1658,0.00072426);
#122=CIRCLE('',#1660,0.00072426);
#123=CIRCLE('',#1664,0.00072426);
#124=CIRCLE('',#1667,0.00072426);
#125=CIRCLE('',#1671,0.00072426);
#126=CIRCLE('',#1674,0.00072426);
#127=CIRCLE('',#1678,0.00072426);
#128=CIRCLE('',#1680,0.00072426);
#129=CIRCLE('',#1682,0.00072426);
#130=CIRCLE('',#1684,0.00072426);
#131=CIRCLE('',#1685,0.00072426);
#132=CIRCLE('',#1689,0.00072426);
#133=CIRCLE('',#1690,0.00072426);
#134=CIRCLE('',#1692,0.00072426);
#135=CIRCLE('',#1694,0.00072426);
#136=CIRCLE('',#1696,0.00072426);
#137=CIRCLE('',#1698,0.00072426);
#138=CIRCLE('',#1700,0.00072426);
#139=CIRCLE('',#1702,0.00072426);
#140=CIRCLE('',#1706,0.00072426);
#141=CIRCLE('',#1707,0.00072426);
#142=CIRCLE('',#1709,0.00072426);
#143=CIRCLE('',#1711,0.00072426);
#144=CIRCLE('',#1713,0.00072426);
#145=CIRCLE('',#1715,0.00072426);
#146=CIRCLE('',#1717,0.00072426);
#147=CIRCLE('',#1718,0.00072426);
#148=CIRCLE('',#1720,0.00072426);
#149=CIRCLE('',#1722,0.00072426);
#150=CIRCLE('',#1724,0.00072426);
#151=CIRCLE('',#1726,0.00072426);
#152=CIRCLE('',#1730,0.00072426);
#153=CIRCLE('',#1734,0.00072426);
#154=CIRCLE('',#1736,0.00072426);
#155=CIRCLE('',#1738,0.00072426);
#156=CIRCLE('',#1740,0.00072426);
#157=CIRCLE('',#1742,0.00072426);
#158=CIRCLE('',#1746,0.00072426);
#159=CIRCLE('',#1748,0.00072426);
#160=CIRCLE('',#1752,0.00072426);
#161=CIRCLE('',#1756,0.00072426);
#162=CIRCLE('',#1758,0.00072426);
#163=CIRCLE('',#1759,0.00072426);
#164=CIRCLE('',#1761,0.00072426);
#165=CIRCLE('',#1765,0.00072426);
#166=CIRCLE('',#1767,0.00072426);
#167=CIRCLE('',#1769,0.00072426);
#168=CIRCLE('',#1773,0.00072426);
#169=ORIENTED_EDGE('',*,*,#611,.T.);
#170=ORIENTED_EDGE('',*,*,#612,.T.);
#171=ORIENTED_EDGE('',*,*,#613,.T.);
#172=ORIENTED_EDGE('',*,*,#614,.T.);
#173=ORIENTED_EDGE('',*,*,#615,.T.);
#174=ORIENTED_EDGE('',*,*,#616,.T.);
#175=ORIENTED_EDGE('',*,*,#617,.T.);
#176=ORIENTED_EDGE('',*,*,#618,.T.);
#177=ORIENTED_EDGE('',*,*,#619,.T.);
#178=ORIENTED_EDGE('',*,*,#620,.T.);
#179=ORIENTED_EDGE('',*,*,#621,.T.);
#180=ORIENTED_EDGE('',*,*,#622,.T.);
#181=ORIENTED_EDGE('',*,*,#623,.T.);
#182=ORIENTED_EDGE('',*,*,#624,.T.);
#183=ORIENTED_EDGE('',*,*,#625,.T.);
#184=ORIENTED_EDGE('',*,*,#626,.T.);
#185=ORIENTED_EDGE('',*,*,#627,.T.);
#186=ORIENTED_EDGE('',*,*,#628,.T.);
#187=ORIENTED_EDGE('',*,*,#629,.T.);
#188=ORIENTED_EDGE('',*,*,#630,.T.);
#189=ORIENTED_EDGE('',*,*,#631,.T.);
#190=ORIENTED_EDGE('',*,*,#632,.T.);
#191=ORIENTED_EDGE('',*,*,#633,.T.);
#192=ORIENTED_EDGE('',*,*,#634,.T.);
#193=ORIENTED_EDGE('',*,*,#635,.T.);
#194=ORIENTED_EDGE('',*,*,#636,.T.);
#195=ORIENTED_EDGE('',*,*,#637,.T.);
#196=ORIENTED_EDGE('',*,*,#638,.T.);
#197=ORIENTED_EDGE('',*,*,#639,.T.);
#198=ORIENTED_EDGE('',*,*,#640,.T.);
#199=ORIENTED_EDGE('',*,*,#641,.T.);
#200=ORIENTED_EDGE('',*,*,#642,.T.);
#201=ORIENTED_EDGE('',*,*,#643,.T.);
#202=ORIENTED_EDGE('',*,*,#644,.T.);
#203=ORIENTED_EDGE('',*,*,#645,.T.);
#204=ORIENTED_EDGE('',*,*,#646,.T.);
#205=ORIENTED_EDGE('',*,*,#647,.T.);
#206=ORIENTED_EDGE('',*,*,#648,.T.);
#207=ORIENTED_EDGE('',*,*,#649,.T.);
#208=ORIENTED_EDGE('',*,*,#650,.T.);
#209=ORIENTED_EDGE('',*,*,#651,.T.);
#210=ORIENTED_EDGE('',*,*,#652,.T.);
#211=ORIENTED_EDGE('',*,*,#653,.T.);
#212=ORIENTED_EDGE('',*,*,#654,.T.);
#213=ORIENTED_EDGE('',*,*,#655,.T.);
#214=ORIENTED_EDGE('',*,*,#656,.T.);
#215=ORIENTED_EDGE('',*,*,#657,.T.);
#216=ORIENTED_EDGE('',*,*,#658,.T.);
#217=ORIENTED_EDGE('',*,*,#659,.F.);
#218=ORIENTED_EDGE('',*,*,#660,.T.);
#219=ORIENTED_EDGE('',*,*,#661,.T.);
#220=ORIENTED_EDGE('',*,*,#662,.T.);
#221=ORIENTED_EDGE('',*,*,#663,.T.);
#222=ORIENTED_EDGE('',*,*,#664,.T.);
#223=ORIENTED_EDGE('',*,*,#665,.T.);
#224=ORIENTED_EDGE('',*,*,#659,.T.);
#225=ORIENTED_EDGE('',*,*,#666,.T.);
#226=ORIENTED_EDGE('',*,*,#667,.T.);
#227=ORIENTED_EDGE('',*,*,#668,.T.);
#228=ORIENTED_EDGE('',*,*,#669,.T.);
#229=ORIENTED_EDGE('',*,*,#670,.T.);
#230=ORIENTED_EDGE('',*,*,#671,.T.);
#231=ORIENTED_EDGE('',*,*,#672,.F.);
#232=ORIENTED_EDGE('',*,*,#661,.F.);
#233=ORIENTED_EDGE('',*,*,#672,.T.);
#234=ORIENTED_EDGE('',*,*,#673,.T.);
#235=ORIENTED_EDGE('',*,*,#674,.T.);
#236=ORIENTED_EDGE('',*,*,#675,.F.);
#237=ORIENTED_EDGE('',*,*,#676,.T.);
#238=ORIENTED_EDGE('',*,*,#677,.F.);
#239=ORIENTED_EDGE('',*,*,#678,.T.);
#240=ORIENTED_EDGE('',*,*,#679,.T.);
#241=ORIENTED_EDGE('',*,*,#663,.F.);
#242=ORIENTED_EDGE('',*,*,#662,.F.);
#243=ORIENTED_EDGE('',*,*,#680,.T.);
#244=ORIENTED_EDGE('',*,*,#681,.T.);
#245=ORIENTED_EDGE('',*,*,#682,.T.);
#246=ORIENTED_EDGE('',*,*,#683,.T.);
#247=ORIENTED_EDGE('',*,*,#684,.T.);
#248=ORIENTED_EDGE('',*,*,#685,.T.);
#249=ORIENTED_EDGE('',*,*,#686,.T.);
#250=ORIENTED_EDGE('',*,*,#687,.F.);
#251=ORIENTED_EDGE('',*,*,#688,.T.);
#252=ORIENTED_EDGE('',*,*,#689,.T.);
#253=ORIENTED_EDGE('',*,*,#690,.T.);
#254=ORIENTED_EDGE('',*,*,#691,.T.);
#255=ORIENTED_EDGE('',*,*,#692,.T.);
#256=ORIENTED_EDGE('',*,*,#693,.F.);
#257=ORIENTED_EDGE('',*,*,#694,.T.);
#258=ORIENTED_EDGE('',*,*,#695,.T.);
#259=ORIENTED_EDGE('',*,*,#696,.F.);
#260=ORIENTED_EDGE('',*,*,#697,.T.);
#261=ORIENTED_EDGE('',*,*,#696,.T.);
#262=ORIENTED_EDGE('',*,*,#698,.T.);
#263=ORIENTED_EDGE('',*,*,#699,.T.);
#264=ORIENTED_EDGE('',*,*,#700,.T.);
#265=ORIENTED_EDGE('',*,*,#701,.T.);
#266=ORIENTED_EDGE('',*,*,#702,.T.);
#267=ORIENTED_EDGE('',*,*,#703,.F.);
#268=ORIENTED_EDGE('',*,*,#704,.F.);
#269=ORIENTED_EDGE('',*,*,#703,.T.);
#270=ORIENTED_EDGE('',*,*,#705,.T.);
#271=ORIENTED_EDGE('',*,*,#706,.T.);
#272=ORIENTED_EDGE('',*,*,#707,.T.);
#273=ORIENTED_EDGE('',*,*,#708,.T.);
#274=ORIENTED_EDGE('',*,*,#709,.T.);
#275=ORIENTED_EDGE('',*,*,#710,.F.);
#276=ORIENTED_EDGE('',*,*,#711,.F.);
#277=ORIENTED_EDGE('',*,*,#710,.T.);
#278=ORIENTED_EDGE('',*,*,#712,.T.);
#279=ORIENTED_EDGE('',*,*,#713,.T.);
#280=ORIENTED_EDGE('',*,*,#714,.F.);
#281=ORIENTED_EDGE('',*,*,#715,.T.);
#282=ORIENTED_EDGE('',*,*,#716,.T.);
#283=ORIENTED_EDGE('',*,*,#717,.F.);
#284=ORIENTED_EDGE('',*,*,#718,.T.);
#285=ORIENTED_EDGE('',*,*,#717,.T.);
#286=ORIENTED_EDGE('',*,*,#719,.T.);
#287=ORIENTED_EDGE('',*,*,#720,.T.);
#288=ORIENTED_EDGE('',*,*,#721,.F.);
#289=ORIENTED_EDGE('',*,*,#707,.F.);
#290=ORIENTED_EDGE('',*,*,#722,.T.);
#291=ORIENTED_EDGE('',*,*,#711,.T.);
#292=ORIENTED_EDGE('',*,*,#714,.T.);
#293=ORIENTED_EDGE('',*,*,#723,.T.);
#294=ORIENTED_EDGE('',*,*,#718,.F.);
#295=ORIENTED_EDGE('',*,*,#721,.T.);
#296=ORIENTED_EDGE('',*,*,#724,.T.);
#297=ORIENTED_EDGE('',*,*,#697,.F.);
#298=ORIENTED_EDGE('',*,*,#700,.F.);
#299=ORIENTED_EDGE('',*,*,#725,.T.);
#300=ORIENTED_EDGE('',*,*,#704,.T.);
#301=ORIENTED_EDGE('',*,*,#726,.T.);
#302=ORIENTED_EDGE('',*,*,#727,.T.);
#303=ORIENTED_EDGE('',*,*,#728,.F.);
#304=ORIENTED_EDGE('',*,*,#729,.T.);
#305=ORIENTED_EDGE('',*,*,#728,.T.);
#306=ORIENTED_EDGE('',*,*,#730,.T.);
#307=ORIENTED_EDGE('',*,*,#731,.F.);
#308=ORIENTED_EDGE('',*,*,#732,.F.);
#309=ORIENTED_EDGE('',*,*,#731,.T.);
#310=ORIENTED_EDGE('',*,*,#733,.T.);
#311=ORIENTED_EDGE('',*,*,#734,.F.);
#312=ORIENTED_EDGE('',*,*,#735,.F.);
#313=ORIENTED_EDGE('',*,*,#734,.T.);
#314=ORIENTED_EDGE('',*,*,#736,.T.);
#315=ORIENTED_EDGE('',*,*,#726,.F.);
#316=ORIENTED_EDGE('',*,*,#737,.T.);
#317=ORIENTED_EDGE('',*,*,#738,.F.);
#318=ORIENTED_EDGE('',*,*,#729,.F.);
#319=ORIENTED_EDGE('',*,*,#732,.T.);
#320=ORIENTED_EDGE('',*,*,#735,.T.);
#321=ORIENTED_EDGE('',*,*,#737,.F.);
#322=ORIENTED_EDGE('',*,*,#739,.T.);
#323=ORIENTED_EDGE('',*,*,#740,.T.);
#324=ORIENTED_EDGE('',*,*,#741,.F.);
#325=ORIENTED_EDGE('',*,*,#742,.T.);
#326=ORIENTED_EDGE('',*,*,#741,.T.);
#327=ORIENTED_EDGE('',*,*,#743,.T.);
#328=ORIENTED_EDGE('',*,*,#744,.F.);
#329=ORIENTED_EDGE('',*,*,#745,.F.);
#330=ORIENTED_EDGE('',*,*,#744,.T.);
#331=ORIENTED_EDGE('',*,*,#746,.T.);
#332=ORIENTED_EDGE('',*,*,#747,.F.);
#333=ORIENTED_EDGE('',*,*,#748,.F.);
#334=ORIENTED_EDGE('',*,*,#747,.T.);
#335=ORIENTED_EDGE('',*,*,#749,.T.);
#336=ORIENTED_EDGE('',*,*,#739,.F.);
#337=ORIENTED_EDGE('',*,*,#750,.T.);
#338=ORIENTED_EDGE('',*,*,#751,.F.);
#339=ORIENTED_EDGE('',*,*,#742,.F.);
#340=ORIENTED_EDGE('',*,*,#745,.T.);
#341=ORIENTED_EDGE('',*,*,#748,.T.);
#342=ORIENTED_EDGE('',*,*,#750,.F.);
#343=ORIENTED_EDGE('',*,*,#752,.F.);
#344=ORIENTED_EDGE('',*,*,#751,.T.);
#345=ORIENTED_EDGE('',*,*,#752,.T.);
#346=ORIENTED_EDGE('',*,*,#753,.F.);
#347=ORIENTED_EDGE('',*,*,#738,.T.);
#348=ORIENTED_EDGE('',*,*,#753,.T.);
#349=ORIENTED_EDGE('',*,*,#754,.F.);
#350=ORIENTED_EDGE('',*,*,#612,.F.);
#351=ORIENTED_EDGE('',*,*,#755,.F.);
#352=ORIENTED_EDGE('',*,*,#702,.F.);
#353=ORIENTED_EDGE('',*,*,#756,.F.);
#354=ORIENTED_EDGE('',*,*,#754,.T.);
#355=ORIENTED_EDGE('',*,*,#757,.F.);
#356=ORIENTED_EDGE('',*,*,#755,.T.);
#357=ORIENTED_EDGE('',*,*,#611,.F.);
#358=ORIENTED_EDGE('',*,*,#758,.F.);
#359=ORIENTED_EDGE('',*,*,#705,.F.);
#360=ORIENTED_EDGE('',*,*,#757,.T.);
#361=ORIENTED_EDGE('',*,*,#701,.F.);
#362=ORIENTED_EDGE('',*,*,#759,.F.);
#363=ORIENTED_EDGE('',*,*,#646,.F.);
#364=ORIENTED_EDGE('',*,*,#756,.T.);
#365=ORIENTED_EDGE('',*,*,#645,.F.);
#366=ORIENTED_EDGE('',*,*,#760,.F.);
#367=ORIENTED_EDGE('',*,*,#613,.F.);
#368=ORIENTED_EDGE('',*,*,#761,.F.);
#369=ORIENTED_EDGE('',*,*,#614,.F.);
#370=ORIENTED_EDGE('',*,*,#762,.F.);
#371=ORIENTED_EDGE('',*,*,#652,.F.);
#372=ORIENTED_EDGE('',*,*,#758,.T.);
#373=ORIENTED_EDGE('',*,*,#761,.T.);
#374=ORIENTED_EDGE('',*,*,#763,.F.);
#375=ORIENTED_EDGE('',*,*,#759,.T.);
#376=ORIENTED_EDGE('',*,*,#725,.F.);
#377=ORIENTED_EDGE('',*,*,#764,.F.);
#378=ORIENTED_EDGE('',*,*,#639,.F.);
#379=ORIENTED_EDGE('',*,*,#765,.F.);
#380=ORIENTED_EDGE('',*,*,#670,.F.);
#381=ORIENTED_EDGE('',*,*,#766,.F.);
#382=ORIENTED_EDGE('',*,*,#666,.F.);
#383=ORIENTED_EDGE('',*,*,#762,.T.);
#384=ORIENTED_EDGE('',*,*,#760,.T.);
#385=ORIENTED_EDGE('',*,*,#767,.F.);
#386=ORIENTED_EDGE('',*,*,#763,.T.);
#387=ORIENTED_EDGE('',*,*,#651,.F.);
#388=ORIENTED_EDGE('',*,*,#768,.F.);
#389=ORIENTED_EDGE('',*,*,#706,.F.);
#390=ORIENTED_EDGE('',*,*,#764,.T.);
#391=ORIENTED_EDGE('',*,*,#699,.F.);
#392=ORIENTED_EDGE('',*,*,#769,.F.);
#393=ORIENTED_EDGE('',*,*,#640,.F.);
#394=ORIENTED_EDGE('',*,*,#770,.F.);
#395=ORIENTED_EDGE('',*,*,#671,.F.);
#396=ORIENTED_EDGE('',*,*,#771,.F.);
#397=ORIENTED_EDGE('',*,*,#689,.F.);
#398=ORIENTED_EDGE('',*,*,#766,.T.);
#399=ORIENTED_EDGE('',*,*,#660,.F.);
#400=ORIENTED_EDGE('',*,*,#772,.F.);
#401=ORIENTED_EDGE('',*,*,#667,.F.);
#402=ORIENTED_EDGE('',*,*,#771,.T.);
#403=ORIENTED_EDGE('',*,*,#765,.T.);
#404=ORIENTED_EDGE('',*,*,#773,.F.);
#405=ORIENTED_EDGE('',*,*,#770,.T.);
#406=ORIENTED_EDGE('',*,*,#688,.F.);
#407=ORIENTED_EDGE('',*,*,#774,.F.);
#408=ORIENTED_EDGE('',*,*,#673,.F.);
#409=ORIENTED_EDGE('',*,*,#767,.T.);
#410=ORIENTED_EDGE('',*,*,#644,.F.);
#411=ORIENTED_EDGE('',*,*,#775,.F.);
#412=ORIENTED_EDGE('',*,*,#653,.F.);
#413=ORIENTED_EDGE('',*,*,#776,.F.);
#414=ORIENTED_EDGE('',*,*,#654,.F.);
#415=ORIENTED_EDGE('',*,*,#777,.F.);
#416=ORIENTED_EDGE('',*,*,#674,.F.);
#417=ORIENTED_EDGE('',*,*,#768,.T.);
#418=ORIENTED_EDGE('',*,*,#650,.F.);
#419=ORIENTED_EDGE('',*,*,#778,.F.);
#420=ORIENTED_EDGE('',*,*,#722,.F.);
#421=ORIENTED_EDGE('',*,*,#779,.F.);
#422=ORIENTED_EDGE('',*,*,#780,.F.);
#423=ORIENTED_EDGE('',*,*,#769,.T.);
#424=ORIENTED_EDGE('',*,*,#780,.T.);
#425=ORIENTED_EDGE('',*,*,#619,.F.);
#426=ORIENTED_EDGE('',*,*,#781,.F.);
#427=ORIENTED_EDGE('',*,*,#641,.F.);
#428=ORIENTED_EDGE('',*,*,#777,.T.);
#429=ORIENTED_EDGE('',*,*,#775,.T.);
#430=ORIENTED_EDGE('',*,*,#782,.F.);
#431=ORIENTED_EDGE('',*,*,#675,.T.);
#432=ORIENTED_EDGE('',*,*,#772,.T.);
#433=ORIENTED_EDGE('',*,*,#665,.F.);
#434=ORIENTED_EDGE('',*,*,#783,.F.);
#435=ORIENTED_EDGE('',*,*,#668,.F.);
#436=ORIENTED_EDGE('',*,*,#773,.T.);
#437=ORIENTED_EDGE('',*,*,#669,.F.);
#438=ORIENTED_EDGE('',*,*,#784,.F.);
#439=ORIENTED_EDGE('',*,*,#690,.F.);
#440=ORIENTED_EDGE('',*,*,#774,.T.);
#441=ORIENTED_EDGE('',*,*,#687,.T.);
#442=ORIENTED_EDGE('',*,*,#785,.F.);
#443=ORIENTED_EDGE('',*,*,#776,.T.);
#444=ORIENTED_EDGE('',*,*,#778,.T.);
#445=ORIENTED_EDGE('',*,*,#649,.F.);
#446=ORIENTED_EDGE('',*,*,#786,.F.);
#447=ORIENTED_EDGE('',*,*,#708,.F.);
#448=ORIENTED_EDGE('',*,*,#779,.T.);
#449=ORIENTED_EDGE('',*,*,#698,.F.);
#450=ORIENTED_EDGE('',*,*,#787,.F.);
#451=ORIENTED_EDGE('',*,*,#620,.F.);
#452=ORIENTED_EDGE('',*,*,#788,.F.);
#453=ORIENTED_EDGE('',*,*,#789,.F.);
#454=ORIENTED_EDGE('',*,*,#781,.T.);
#455=ORIENTED_EDGE('',*,*,#789,.T.);
#456=ORIENTED_EDGE('',*,*,#628,.F.);
#457=ORIENTED_EDGE('',*,*,#790,.F.);
#458=ORIENTED_EDGE('',*,*,#642,.F.);
#459=ORIENTED_EDGE('',*,*,#782,.T.);
#460=ORIENTED_EDGE('',*,*,#643,.F.);
#461=ORIENTED_EDGE('',*,*,#791,.F.);
#462=ORIENTED_EDGE('',*,*,#676,.F.);
#463=ORIENTED_EDGE('',*,*,#784,.T.);
#464=ORIENTED_EDGE('',*,*,#783,.T.);
#465=ORIENTED_EDGE('',*,*,#792,.F.);
#466=ORIENTED_EDGE('',*,*,#785,.T.);
#467=ORIENTED_EDGE('',*,*,#686,.F.);
#468=ORIENTED_EDGE('',*,*,#793,.F.);
#469=ORIENTED_EDGE('',*,*,#647,.F.);
#470=ORIENTED_EDGE('',*,*,#794,.F.);
#471=ORIENTED_EDGE('',*,*,#648,.F.);
#472=ORIENTED_EDGE('',*,*,#795,.F.);
#473=ORIENTED_EDGE('',*,*,#618,.F.);
#474=ORIENTED_EDGE('',*,*,#786,.T.);
#475=ORIENTED_EDGE('',*,*,#794,.T.);
#476=ORIENTED_EDGE('',*,*,#796,.F.);
#477=ORIENTED_EDGE('',*,*,#787,.T.);
#478=ORIENTED_EDGE('',*,*,#695,.F.);
#479=ORIENTED_EDGE('',*,*,#797,.F.);
#480=ORIENTED_EDGE('',*,*,#621,.F.);
#481=ORIENTED_EDGE('',*,*,#788,.T.);
#482=ORIENTED_EDGE('',*,*,#622,.F.);
#483=ORIENTED_EDGE('',*,*,#798,.F.);
#484=ORIENTED_EDGE('',*,*,#629,.F.);
#485=ORIENTED_EDGE('',*,*,#791,.T.);
#486=ORIENTED_EDGE('',*,*,#790,.T.);
#487=ORIENTED_EDGE('',*,*,#799,.F.);
#488=ORIENTED_EDGE('',*,*,#677,.T.);
#489=ORIENTED_EDGE('',*,*,#792,.T.);
#490=ORIENTED_EDGE('',*,*,#664,.F.);
#491=ORIENTED_EDGE('',*,*,#800,.F.);
#492=ORIENTED_EDGE('',*,*,#691,.F.);
#493=ORIENTED_EDGE('',*,*,#795,.T.);
#494=ORIENTED_EDGE('',*,*,#793,.T.);
#495=ORIENTED_EDGE('',*,*,#801,.F.);
#496=ORIENTED_EDGE('',*,*,#796,.T.);
#497=ORIENTED_EDGE('',*,*,#617,.F.);
#498=ORIENTED_EDGE('',*,*,#802,.F.);
#499=ORIENTED_EDGE('',*,*,#709,.F.);
#500=ORIENTED_EDGE('',*,*,#798,.T.);
#501=ORIENTED_EDGE('',*,*,#797,.T.);
#502=ORIENTED_EDGE('',*,*,#803,.F.);
#503=ORIENTED_EDGE('',*,*,#799,.T.);
#504=ORIENTED_EDGE('',*,*,#627,.F.);
#505=ORIENTED_EDGE('',*,*,#804,.F.);
#506=ORIENTED_EDGE('',*,*,#678,.F.);
#507=ORIENTED_EDGE('',*,*,#800,.T.);
#508=ORIENTED_EDGE('',*,*,#679,.F.);
#509=ORIENTED_EDGE('',*,*,#805,.F.);
#510=ORIENTED_EDGE('',*,*,#692,.F.);
#511=ORIENTED_EDGE('',*,*,#801,.T.);
#512=ORIENTED_EDGE('',*,*,#685,.F.);
#513=ORIENTED_EDGE('',*,*,#806,.F.);
#514=ORIENTED_EDGE('',*,*,#615,.F.);
#515=ORIENTED_EDGE('',*,*,#802,.T.);
#516=ORIENTED_EDGE('',*,*,#616,.F.);
#517=ORIENTED_EDGE('',*,*,#807,.F.);
#518=ORIENTED_EDGE('',*,*,#712,.F.);
#519=ORIENTED_EDGE('',*,*,#803,.T.);
#520=ORIENTED_EDGE('',*,*,#694,.F.);
#521=ORIENTED_EDGE('',*,*,#808,.F.);
#522=ORIENTED_EDGE('',*,*,#630,.F.);
#523=ORIENTED_EDGE('',*,*,#805,.T.);
#524=ORIENTED_EDGE('',*,*,#804,.T.);
#525=ORIENTED_EDGE('',*,*,#809,.F.);
#526=ORIENTED_EDGE('',*,*,#693,.T.);
#527=ORIENTED_EDGE('',*,*,#807,.T.);
#528=ORIENTED_EDGE('',*,*,#806,.T.);
#529=ORIENTED_EDGE('',*,*,#810,.F.);
#530=ORIENTED_EDGE('',*,*,#808,.T.);
#531=ORIENTED_EDGE('',*,*,#724,.F.);
#532=ORIENTED_EDGE('',*,*,#811,.F.);
#533=ORIENTED_EDGE('',*,*,#623,.F.);
#534=ORIENTED_EDGE('',*,*,#809,.T.);
#535=ORIENTED_EDGE('',*,*,#626,.F.);
#536=ORIENTED_EDGE('',*,*,#812,.F.);
#537=ORIENTED_EDGE('',*,*,#680,.F.);
#538=ORIENTED_EDGE('',*,*,#810,.T.);
#539=ORIENTED_EDGE('',*,*,#684,.F.);
#540=ORIENTED_EDGE('',*,*,#813,.F.);
#541=ORIENTED_EDGE('',*,*,#713,.F.);
#542=ORIENTED_EDGE('',*,*,#811,.T.);
#543=ORIENTED_EDGE('',*,*,#720,.F.);
#544=ORIENTED_EDGE('',*,*,#814,.F.);
#545=ORIENTED_EDGE('',*,*,#624,.F.);
#546=ORIENTED_EDGE('',*,*,#815,.F.);
#547=ORIENTED_EDGE('',*,*,#625,.F.);
#548=ORIENTED_EDGE('',*,*,#816,.F.);
#549=ORIENTED_EDGE('',*,*,#658,.F.);
#550=ORIENTED_EDGE('',*,*,#812,.T.);
#551=ORIENTED_EDGE('',*,*,#815,.T.);
#552=ORIENTED_EDGE('',*,*,#817,.F.);
#553=ORIENTED_EDGE('',*,*,#813,.T.);
#554=ORIENTED_EDGE('',*,*,#683,.F.);
#555=ORIENTED_EDGE('',*,*,#818,.F.);
#556=ORIENTED_EDGE('',*,*,#723,.F.);
#557=ORIENTED_EDGE('',*,*,#816,.T.);
#558=ORIENTED_EDGE('',*,*,#814,.T.);
#559=ORIENTED_EDGE('',*,*,#819,.F.);
#560=ORIENTED_EDGE('',*,*,#817,.T.);
#561=ORIENTED_EDGE('',*,*,#657,.F.);
#562=ORIENTED_EDGE('',*,*,#820,.F.);
#563=ORIENTED_EDGE('',*,*,#681,.F.);
#564=ORIENTED_EDGE('',*,*,#818,.T.);
#565=ORIENTED_EDGE('',*,*,#682,.F.);
#566=ORIENTED_EDGE('',*,*,#821,.F.);
#567=ORIENTED_EDGE('',*,*,#715,.F.);
#568=ORIENTED_EDGE('',*,*,#819,.T.);
#569=ORIENTED_EDGE('',*,*,#719,.F.);
#570=ORIENTED_EDGE('',*,*,#822,.F.);
#571=ORIENTED_EDGE('',*,*,#655,.F.);
#572=ORIENTED_EDGE('',*,*,#821,.T.);
#573=ORIENTED_EDGE('',*,*,#820,.T.);
#574=ORIENTED_EDGE('',*,*,#823,.F.);
#575=ORIENTED_EDGE('',*,*,#822,.T.);
#576=ORIENTED_EDGE('',*,*,#716,.F.);
#577=ORIENTED_EDGE('',*,*,#823,.T.);
#578=ORIENTED_EDGE('',*,*,#656,.F.);
#579=ORIENTED_EDGE('',*,*,#824,.F.);
#580=ORIENTED_EDGE('',*,*,#730,.F.);
#581=ORIENTED_EDGE('',*,*,#825,.F.);
#582=ORIENTED_EDGE('',*,*,#633,.F.);
#583=ORIENTED_EDGE('',*,*,#825,.T.);
#584=ORIENTED_EDGE('',*,*,#727,.F.);
#585=ORIENTED_EDGE('',*,*,#826,.F.);
#586=ORIENTED_EDGE('',*,*,#634,.F.);
#587=ORIENTED_EDGE('',*,*,#824,.T.);
#588=ORIENTED_EDGE('',*,*,#632,.F.);
#589=ORIENTED_EDGE('',*,*,#827,.F.);
#590=ORIENTED_EDGE('',*,*,#733,.F.);
#591=ORIENTED_EDGE('',*,*,#826,.T.);
#592=ORIENTED_EDGE('',*,*,#736,.F.);
#593=ORIENTED_EDGE('',*,*,#827,.T.);
#594=ORIENTED_EDGE('',*,*,#631,.F.);
#595=ORIENTED_EDGE('',*,*,#828,.F.);
#596=ORIENTED_EDGE('',*,*,#743,.F.);
#597=ORIENTED_EDGE('',*,*,#829,.F.);
#598=ORIENTED_EDGE('',*,*,#637,.F.);
#599=ORIENTED_EDGE('',*,*,#829,.T.);
#600=ORIENTED_EDGE('',*,*,#740,.F.);
#601=ORIENTED_EDGE('',*,*,#830,.F.);
#602=ORIENTED_EDGE('',*,*,#638,.F.);
#603=ORIENTED_EDGE('',*,*,#828,.T.);
#604=ORIENTED_EDGE('',*,*,#636,.F.);
#605=ORIENTED_EDGE('',*,*,#831,.F.);
#606=ORIENTED_EDGE('',*,*,#746,.F.);
#607=ORIENTED_EDGE('',*,*,#830,.T.);
#608=ORIENTED_EDGE('',*,*,#749,.F.);
#609=ORIENTED_EDGE('',*,*,#831,.T.);
#610=ORIENTED_EDGE('',*,*,#635,.F.);
#611=EDGE_CURVE('',#832,#833,#956,.T.);
#612=EDGE_CURVE('',#833,#834,#957,.F.);
#613=EDGE_CURVE('',#834,#835,#958,.F.);
#614=EDGE_CURVE('',#835,#832,#959,.T.);
#615=EDGE_CURVE('',#836,#837,#960,.T.);
#616=EDGE_CURVE('',#837,#838,#961,.F.);
#617=EDGE_CURVE('',#838,#839,#962,.F.);
#618=EDGE_CURVE('',#839,#836,#963,.T.);
#619=EDGE_CURVE('',#840,#841,#964,.F.);
#620=EDGE_CURVE('',#841,#842,#965,.T.);
#621=EDGE_CURVE('',#842,#843,#966,.T.);
#622=EDGE_CURVE('',#843,#840,#967,.F.);
#623=EDGE_CURVE('',#844,#845,#968,.T.);
#624=EDGE_CURVE('',#845,#846,#969,.T.);
#625=EDGE_CURVE('',#846,#847,#970,.T.);
#626=EDGE_CURVE('',#847,#848,#971,.F.);
#627=EDGE_CURVE('',#848,#849,#972,.F.);
#628=EDGE_CURVE('',#849,#850,#973,.T.);
#629=EDGE_CURVE('',#850,#851,#974,.T.);
#630=EDGE_CURVE('',#851,#844,#975,.F.);
#631=EDGE_CURVE('',#852,#853,#976,.T.);
#632=EDGE_CURVE('',#853,#854,#977,.F.);
#633=EDGE_CURVE('',#854,#855,#978,.F.);
#634=EDGE_CURVE('',#855,#852,#979,.T.);
#635=EDGE_CURVE('',#856,#857,#980,.T.);
#636=EDGE_CURVE('',#857,#858,#981,.F.);
#637=EDGE_CURVE('',#858,#859,#982,.F.);
#638=EDGE_CURVE('',#859,#856,#983,.T.);
#639=EDGE_CURVE('',#860,#861,#984,.T.);
#640=EDGE_CURVE('',#861,#862,#985,.T.);
#641=EDGE_CURVE('',#862,#863,#986,.T.);
#642=EDGE_CURVE('',#863,#864,#987,.F.);
#643=EDGE_CURVE('',#864,#865,#988,.F.);
#644=EDGE_CURVE('',#865,#866,#989,.T.);
#645=EDGE_CURVE('',#866,#867,#990,.T.);
#646=EDGE_CURVE('',#867,#860,#991,.F.);
#647=EDGE_CURVE('',#868,#869,#992,.T.);
#648=EDGE_CURVE('',#869,#870,#993,.F.);
#649=EDGE_CURVE('',#870,#871,#994,.F.);
#650=EDGE_CURVE('',#871,#872,#995,.F.);
#651=EDGE_CURVE('',#872,#873,#996,.T.);
#652=EDGE_CURVE('',#873,#874,#997,.F.);
#653=EDGE_CURVE('',#874,#875,#998,.F.);
#654=EDGE_CURVE('',#875,#868,#999,.T.);
#655=EDGE_CURVE('',#876,#877,#1000,.F.);
#656=EDGE_CURVE('',#877,#878,#1001,.T.);
#657=EDGE_CURVE('',#878,#879,#1002,.T.);
#658=EDGE_CURVE('',#879,#876,#1003,.F.);
#659=EDGE_CURVE('',#880,#881,#1004,.T.);
#660=EDGE_CURVE('',#880,#882,#1005,.F.);
#661=EDGE_CURVE('',#882,#883,#1006,.T.);
#662=EDGE_CURVE('',#883,#881,#1007,.T.);
#663=EDGE_CURVE('',#881,#884,#1008,.T.);
#664=EDGE_CURVE('',#884,#885,#1009,.F.);
#665=EDGE_CURVE('',#885,#880,#1010,.F.);
#666=EDGE_CURVE('',#886,#887,#1011,.F.);
#667=EDGE_CURVE('',#887,#888,#1012,.T.);
#668=EDGE_CURVE('',#888,#889,#1013,.T.);
#669=EDGE_CURVE('',#889,#886,#1014,.F.);
#670=EDGE_CURVE('',#882,#890,#1015,.T.);
#671=EDGE_CURVE('',#890,#891,#1016,.T.);
#672=EDGE_CURVE('',#883,#891,#1017,.T.);
#673=EDGE_CURVE('',#891,#892,#1018,.T.);
#674=EDGE_CURVE('',#892,#893,#1019,.F.);
#675=EDGE_CURVE('',#894,#893,#107,.F.);
#676=EDGE_CURVE('',#894,#895,#1020,.T.);
#677=EDGE_CURVE('',#896,#895,#108,.F.);
#678=EDGE_CURVE('',#896,#897,#1021,.T.);
#679=EDGE_CURVE('',#897,#884,#1022,.T.);
#680=EDGE_CURVE('',#898,#899,#1023,.T.);
#681=EDGE_CURVE('',#899,#900,#1024,.F.);
#682=EDGE_CURVE('',#900,#901,#1025,.F.);
#683=EDGE_CURVE('',#901,#902,#1026,.F.);
#684=EDGE_CURVE('',#902,#903,#1027,.T.);
#685=EDGE_CURVE('',#903,#904,#1028,.F.);
#686=EDGE_CURVE('',#904,#905,#1029,.F.);
#687=EDGE_CURVE('',#906,#905,#109,.F.);
#688=EDGE_CURVE('',#906,#907,#1030,.F.);
#689=EDGE_CURVE('',#907,#908,#1031,.F.);
#690=EDGE_CURVE('',#908,#909,#1032,.T.);
#691=EDGE_CURVE('',#909,#910,#1033,.T.);
#692=EDGE_CURVE('',#910,#911,#1034,.F.);
#693=EDGE_CURVE('',#898,#911,#110,.F.);
#694=EDGE_CURVE('',#912,#913,#1035,.T.);
#695=EDGE_CURVE('',#913,#914,#1036,.F.);
#696=EDGE_CURVE('',#915,#914,#1037,.T.);
#697=EDGE_CURVE('',#915,#912,#1038,.T.);
#698=EDGE_CURVE('',#914,#916,#1039,.F.);
#699=EDGE_CURVE('',#916,#917,#1040,.F.);
#700=EDGE_CURVE('',#917,#915,#1041,.T.);
#701=EDGE_CURVE('',#918,#919,#1042,.T.);
#702=EDGE_CURVE('',#919,#920,#1043,.T.);
#703=EDGE_CURVE('',#921,#920,#1044,.T.);
#704=EDGE_CURVE('',#918,#921,#1045,.T.);
#705=EDGE_CURVE('',#920,#922,#1046,.F.);
#706=EDGE_CURVE('',#922,#923,#1047,.F.);
#707=EDGE_CURVE('',#923,#921,#1048,.T.);
#708=EDGE_CURVE('',#924,#925,#1049,.T.);
#709=EDGE_CURVE('',#925,#926,#1050,.T.);
#710=EDGE_CURVE('',#927,#926,#1051,.T.);
#711=EDGE_CURVE('',#924,#927,#1052,.T.);
#712=EDGE_CURVE('',#926,#928,#1053,.T.);
#713=EDGE_CURVE('',#928,#929,#1054,.F.);
#714=EDGE_CURVE('',#927,#929,#1055,.T.);
#715=EDGE_CURVE('',#930,#931,#1056,.T.);
#716=EDGE_CURVE('',#931,#932,#1057,.F.);
#717=EDGE_CURVE('',#933,#932,#1058,.T.);
#718=EDGE_CURVE('',#933,#930,#1059,.T.);
#719=EDGE_CURVE('',#932,#934,#1060,.T.);
#720=EDGE_CURVE('',#934,#935,#1061,.F.);
#721=EDGE_CURVE('',#933,#935,#1062,.T.);
#722=EDGE_CURVE('',#923,#924,#1063,.T.);
#723=EDGE_CURVE('',#929,#930,#1064,.T.);
#724=EDGE_CURVE('',#935,#912,#1065,.F.);
#725=EDGE_CURVE('',#917,#918,#1066,.F.);
#726=EDGE_CURVE('',#936,#937,#1067,.T.);
#727=EDGE_CURVE('',#937,#938,#1068,.F.);
#728=EDGE_CURVE('',#939,#938,#1069,.T.);
#729=EDGE_CURVE('',#939,#936,#1070,.T.);
#730=EDGE_CURVE('',#938,#940,#1071,.T.);
#731=EDGE_CURVE('',#941,#940,#1072,.T.);
#732=EDGE_CURVE('',#939,#941,#1073,.T.);
#733=EDGE_CURVE('',#940,#942,#1074,.T.);
#734=EDGE_CURVE('',#943,#942,#1075,.T.);
#735=EDGE_CURVE('',#941,#943,#1076,.T.);
#736=EDGE_CURVE('',#942,#937,#1077,.F.);
#737=EDGE_CURVE('',#936,#943,#1078,.T.);
#738=EDGE_CURVE('',#944,#944,#111,.T.);
#739=EDGE_CURVE('',#945,#946,#1079,.T.);
#740=EDGE_CURVE('',#946,#947,#1080,.F.);
#741=EDGE_CURVE('',#948,#947,#1081,.T.);
#742=EDGE_CURVE('',#948,#945,#1082,.T.);
#743=EDGE_CURVE('',#947,#949,#1083,.T.);
#744=EDGE_CURVE('',#950,#949,#1084,.T.);
#745=EDGE_CURVE('',#948,#950,#1085,.T.);
#746=EDGE_CURVE('',#949,#951,#1086,.T.);
#747=EDGE_CURVE('',#952,#951,#1087,.T.);
#748=EDGE_CURVE('',#950,#952,#1088,.T.);
#749=EDGE_CURVE('',#951,#946,#1089,.F.);
#750=EDGE_CURVE('',#945,#952,#1090,.T.);
#751=EDGE_CURVE('',#953,#953,#112,.T.);
#752=EDGE_CURVE('',#954,#954,#113,.T.);
#753=EDGE_CURVE('',#955,#955,#114,.T.);
#754=EDGE_CURVE('',#834,#919,#115,.T.);
#755=EDGE_CURVE('',#920,#833,#30,.T.);
#756=EDGE_CURVE('',#834,#867,#116,.F.);
#757=EDGE_CURVE('',#867,#919,#117,.F.);
#758=EDGE_CURVE('',#922,#832,#118,.T.);
#759=EDGE_CURVE('',#860,#918,#31,.T.);
#760=EDGE_CURVE('',#835,#866,#119,.T.);
#761=EDGE_CURVE('',#832,#873,#120,.T.);
#762=EDGE_CURVE('',#874,#835,#121,.T.);
#763=EDGE_CURVE('',#922,#873,#122,.F.);
#764=EDGE_CURVE('',#861,#917,#32,.T.);
#765=EDGE_CURVE('',#890,#886,#123,.T.);
#766=EDGE_CURVE('',#887,#882,#33,.T.);
#767=EDGE_CURVE('',#874,#866,#124,.F.);
#768=EDGE_CURVE('',#923,#872,#34,.F.);
#769=EDGE_CURVE('',#862,#916,#125,.T.);
#770=EDGE_CURVE('',#891,#907,#35,.T.);
#771=EDGE_CURVE('',#908,#890,#126,.T.);
#772=EDGE_CURVE('',#888,#880,#36,.T.);
#773=EDGE_CURVE('',#908,#886,#127,.F.);
#774=EDGE_CURVE('',#892,#906,#128,.T.);
#775=EDGE_CURVE('',#875,#865,#129,.T.);
#776=EDGE_CURVE('',#868,#892,#130,.T.);
#777=EDGE_CURVE('',#893,#875,#131,.T.);
#778=EDGE_CURVE('',#924,#871,#37,.T.);
#779=EDGE_CURVE('',#841,#916,#132,.F.);
#780=EDGE_CURVE('',#862,#841,#133,.F.);
#781=EDGE_CURVE('',#863,#840,#134,.T.);
#782=EDGE_CURVE('',#894,#865,#135,.F.);
#783=EDGE_CURVE('',#889,#885,#136,.T.);
#784=EDGE_CURVE('',#909,#889,#137,.T.);
#785=EDGE_CURVE('',#868,#905,#138,.F.);
#786=EDGE_CURVE('',#925,#870,#139,.T.);
#787=EDGE_CURVE('',#842,#914,#38,.F.);
#788=EDGE_CURVE('',#850,#840,#140,.F.);
#789=EDGE_CURVE('',#863,#850,#141,.F.);
#790=EDGE_CURVE('',#864,#849,#142,.T.);
#791=EDGE_CURVE('',#895,#864,#143,.T.);
#792=EDGE_CURVE('',#909,#885,#144,.F.);
#793=EDGE_CURVE('',#869,#904,#145,.T.);
#794=EDGE_CURVE('',#870,#839,#146,.T.);
#795=EDGE_CURVE('',#836,#869,#147,.T.);
#796=EDGE_CURVE('',#925,#839,#148,.F.);
#797=EDGE_CURVE('',#843,#913,#149,.T.);
#798=EDGE_CURVE('',#851,#843,#150,.T.);
#799=EDGE_CURVE('',#896,#849,#151,.F.);
#800=EDGE_CURVE('',#910,#884,#39,.F.);
#801=EDGE_CURVE('',#836,#904,#152,.F.);
#802=EDGE_CURVE('',#926,#838,#40,.T.);
#803=EDGE_CURVE('',#851,#913,#153,.F.);
#804=EDGE_CURVE('',#897,#848,#154,.T.);
#805=EDGE_CURVE('',#911,#897,#155,.T.);
#806=EDGE_CURVE('',#837,#903,#156,.T.);
#807=EDGE_CURVE('',#928,#837,#157,.T.);
#808=EDGE_CURVE('',#844,#912,#41,.F.);
#809=EDGE_CURVE('',#898,#848,#158,.F.);
#810=EDGE_CURVE('',#928,#903,#159,.F.);
#811=EDGE_CURVE('',#845,#935,#42,.F.);
#812=EDGE_CURVE('',#899,#847,#160,.T.);
#813=EDGE_CURVE('',#929,#902,#43,.F.);
#814=EDGE_CURVE('',#846,#934,#161,.T.);
#815=EDGE_CURVE('',#847,#879,#162,.T.);
#816=EDGE_CURVE('',#876,#846,#163,.T.);
#817=EDGE_CURVE('',#899,#879,#164,.F.);
#818=EDGE_CURVE('',#930,#901,#44,.F.);
#819=EDGE_CURVE('',#876,#934,#165,.F.);
#820=EDGE_CURVE('',#900,#878,#166,.T.);
#821=EDGE_CURVE('',#931,#900,#167,.T.);
#822=EDGE_CURVE('',#877,#932,#45,.F.);
#823=EDGE_CURVE('',#931,#878,#168,.F.);
#824=EDGE_CURVE('',#940,#854,#46,.F.);
#825=EDGE_CURVE('',#855,#938,#47,.T.);
#826=EDGE_CURVE('',#852,#937,#48,.T.);
#827=EDGE_CURVE('',#942,#853,#49,.F.);
#828=EDGE_CURVE('',#949,#858,#50,.F.);
#829=EDGE_CURVE('',#859,#947,#51,.T.);
#830=EDGE_CURVE('',#856,#946,#52,.T.);
#831=EDGE_CURVE('',#951,#857,#53,.F.);
#832=VERTEX_POINT('',#2313);
#833=VERTEX_POINT('',#2314);
#834=VERTEX_POINT('',#2316);
#835=VERTEX_POINT('',#2318);
#836=VERTEX_POINT('',#2322);
#837=VERTEX_POINT('',#2323);
#838=VERTEX_POINT('',#2325);
#839=VERTEX_POINT('',#2327);
#840=VERTEX_POINT('',#2331);
#841=VERTEX_POINT('',#2332);
#842=VERTEX_POINT('',#2334);
#843=VERTEX_POINT('',#2336);
#844=VERTEX_POINT('',#2340);
#845=VERTEX_POINT('',#2341);
#846=VERTEX_POINT('',#2343);
#847=VERTEX_POINT('',#2345);
#848=VERTEX_POINT('',#2347);
#849=VERTEX_POINT('',#2349);
#850=VERTEX_POINT('',#2351);
#851=VERTEX_POINT('',#2353);
#852=VERTEX_POINT('',#2357);
#853=VERTEX_POINT('',#2358);
#854=VERTEX_POINT('',#2360);
#855=VERTEX_POINT('',#2362);
#856=VERTEX_POINT('',#2365);
#857=VERTEX_POINT('',#2366);
#858=VERTEX_POINT('',#2368);
#859=VERTEX_POINT('',#2370);
#860=VERTEX_POINT('',#2373);
#861=VERTEX_POINT('',#2374);
#862=VERTEX_POINT('',#2376);
#863=VERTEX_POINT('',#2378);
#864=VERTEX_POINT('',#2380);
#865=VERTEX_POINT('',#2382);
#866=VERTEX_POINT('',#2384);
#867=VERTEX_POINT('',#2386);
#868=VERTEX_POINT('',#2390);
#869=VERTEX_POINT('',#2391);
#870=VERTEX_POINT('',#2393);
#871=VERTEX_POINT('',#2395);
#872=VERTEX_POINT('',#2397);
#873=VERTEX_POINT('',#2399);
#874=VERTEX_POINT('',#2401);
#875=VERTEX_POINT('',#2403);
#876=VERTEX_POINT('',#2407);
#877=VERTEX_POINT('',#2408);
#878=VERTEX_POINT('',#2410);
#879=VERTEX_POINT('',#2412);
#880=VERTEX_POINT('',#2416);
#881=VERTEX_POINT('',#2417);
#882=VERTEX_POINT('',#2419);
#883=VERTEX_POINT('',#2421);
#884=VERTEX_POINT('',#2425);
#885=VERTEX_POINT('',#2427);
#886=VERTEX_POINT('',#2431);
#887=VERTEX_POINT('',#2432);
#888=VERTEX_POINT('',#2434);
#889=VERTEX_POINT('',#2436);
#890=VERTEX_POINT('',#2440);
#891=VERTEX_POINT('',#2442);
#892=VERTEX_POINT('',#2446);
#893=VERTEX_POINT('',#2448);
#894=VERTEX_POINT('',#2450);
#895=VERTEX_POINT('',#2452);
#896=VERTEX_POINT('',#2454);
#897=VERTEX_POINT('',#2456);
#898=VERTEX_POINT('',#2460);
#899=VERTEX_POINT('',#2461);
#900=VERTEX_POINT('',#2463);
#901=VERTEX_POINT('',#2465);
#902=VERTEX_POINT('',#2467);
#903=VERTEX_POINT('',#2469);
#904=VERTEX_POINT('',#2471);
#905=VERTEX_POINT('',#2473);
#906=VERTEX_POINT('',#2475);
#907=VERTEX_POINT('',#2477);
#908=VERTEX_POINT('',#2479);
#909=VERTEX_POINT('',#2481);
#910=VERTEX_POINT('',#2483);
#911=VERTEX_POINT('',#2485);
#912=VERTEX_POINT('',#2489);
#913=VERTEX_POINT('',#2490);
#914=VERTEX_POINT('',#2492);
#915=VERTEX_POINT('',#2494);
#916=VERTEX_POINT('',#2498);
#917=VERTEX_POINT('',#2500);
#918=VERTEX_POINT('',#2504);
#919=VERTEX_POINT('',#2505);
#920=VERTEX_POINT('',#2507);
#921=VERTEX_POINT('',#2509);
#922=VERTEX_POINT('',#2513);
#923=VERTEX_POINT('',#2515);
#924=VERTEX_POINT('',#2519);
#925=VERTEX_POINT('',#2520);
#926=VERTEX_POINT('',#2522);
#927=VERTEX_POINT('',#2524);
#928=VERTEX_POINT('',#2528);
#929=VERTEX_POINT('',#2530);
#930=VERTEX_POINT('',#2534);
#931=VERTEX_POINT('',#2535);
#932=VERTEX_POINT('',#2537);
#933=VERTEX_POINT('',#2539);
#934=VERTEX_POINT('',#2543);
#935=VERTEX_POINT('',#2545);
#936=VERTEX_POINT('',#2554);
#937=VERTEX_POINT('',#2555);
#938=VERTEX_POINT('',#2557);
#939=VERTEX_POINT('',#2559);
#940=VERTEX_POINT('',#2563);
#941=VERTEX_POINT('',#2565);
#942=VERTEX_POINT('',#2569);
#943=VERTEX_POINT('',#2571);
#944=VERTEX_POINT('',#2578);
#945=VERTEX_POINT('',#2581);
#946=VERTEX_POINT('',#2582);
#947=VERTEX_POINT('',#2584);
#948=VERTEX_POINT('',#2586);
#949=VERTEX_POINT('',#2590);
#950=VERTEX_POINT('',#2592);
#951=VERTEX_POINT('',#2596);
#952=VERTEX_POINT('',#2598);
#953=VERTEX_POINT('',#2605);
#954=VERTEX_POINT('',#2608);
#955=VERTEX_POINT('',#2612);
#956=LINE('',#2312,#1091);
#957=LINE('',#2315,#1092);
#958=LINE('',#2317,#1093);
#959=LINE('',#2319,#1094);
#960=LINE('',#2321,#1095);
#961=LINE('',#2324,#1096);
#962=LINE('',#2326,#1097);
#963=LINE('',#2328,#1098);
#964=LINE('',#2330,#1099);
#965=LINE('',#2333,#1100);
#966=LINE('',#2335,#1101);
#967=LINE('',#2337,#1102);
#968=LINE('',#2339,#1103);
#969=LINE('',#2342,#1104);
#970=LINE('',#2344,#1105);
#971=LINE('',#2346,#1106);
#972=LINE('',#2348,#1107);
#973=LINE('',#2350,#1108);
#974=LINE('',#2352,#1109);
#975=LINE('',#2354,#1110);
#976=LINE('',#2356,#1111);
#977=LINE('',#2359,#1112);
#978=LINE('',#2361,#1113);
#979=LINE('',#2363,#1114);
#980=LINE('',#2364,#1115);
#981=LINE('',#2367,#1116);
#982=LINE('',#2369,#1117);
#983=LINE('',#2371,#1118);
#984=LINE('',#2372,#1119);
#985=LINE('',#2375,#1120);
#986=LINE('',#2377,#1121);
#987=LINE('',#2379,#1122);
#988=LINE('',#2381,#1123);
#989=LINE('',#2383,#1124);
#990=LINE('',#2385,#1125);
#991=LINE('',#2387,#1126);
#992=LINE('',#2389,#1127);
#993=LINE('',#2392,#1128);
#994=LINE('',#2394,#1129);
#995=LINE('',#2396,#1130);
#996=LINE('',#2398,#1131);
#997=LINE('',#2400,#1132);
#998=LINE('',#2402,#1133);
#999=LINE('',#2404,#1134);
#1000=LINE('',#2406,#1135);
#1001=LINE('',#2409,#1136);
#1002=LINE('',#2411,#1137);
#1003=LINE('',#2413,#1138);
#1004=LINE('',#2415,#1139);
#1005=LINE('',#2418,#1140);
#1006=LINE('',#2420,#1141);
#1007=LINE('',#2422,#1142);
#1008=LINE('',#2424,#1143);
#1009=LINE('',#2426,#1144);
#1010=LINE('',#2428,#1145);
#1011=LINE('',#2430,#1146);
#1012=LINE('',#2433,#1147);
#1013=LINE('',#2435,#1148);
#1014=LINE('',#2437,#1149);
#1015=LINE('',#2439,#1150);
#1016=LINE('',#2441,#1151);
#1017=LINE('',#2443,#1152);
#1018=LINE('',#2445,#1153);
#1019=LINE('',#2447,#1154);
#1020=LINE('',#2451,#1155);
#1021=LINE('',#2455,#1156);
#1022=LINE('',#2457,#1157);
#1023=LINE('',#2459,#1158);
#1024=LINE('',#2462,#1159);
#1025=LINE('',#2464,#1160);
#1026=LINE('',#2466,#1161);
#1027=LINE('',#2468,#1162);
#1028=LINE('',#2470,#1163);
#1029=LINE('',#2472,#1164);
#1030=LINE('',#2476,#1165);
#1031=LINE('',#2478,#1166);
#1032=LINE('',#2480,#1167);
#1033=LINE('',#2482,#1168);
#1034=LINE('',#2484,#1169);
#1035=LINE('',#2488,#1170);
#1036=LINE('',#2491,#1171);
#1037=LINE('',#2493,#1172);
#1038=LINE('',#2495,#1173);
#1039=LINE('',#2497,#1174);
#1040=LINE('',#2499,#1175);
#1041=LINE('',#2501,#1176);
#1042=LINE('',#2503,#1177);
#1043=LINE('',#2506,#1178);
#1044=LINE('',#2508,#1179);
#1045=LINE('',#2510,#1180);
#1046=LINE('',#2512,#1181);
#1047=LINE('',#2514,#1182);
#1048=LINE('',#2516,#1183);
#1049=LINE('',#2518,#1184);
#1050=LINE('',#2521,#1185);
#1051=LINE('',#2523,#1186);
#1052=LINE('',#2525,#1187);
#1053=LINE('',#2527,#1188);
#1054=LINE('',#2529,#1189);
#1055=LINE('',#2531,#1190);
#1056=LINE('',#2533,#1191);
#1057=LINE('',#2536,#1192);
#1058=LINE('',#2538,#1193);
#1059=LINE('',#2540,#1194);
#1060=LINE('',#2542,#1195);
#1061=LINE('',#2544,#1196);
#1062=LINE('',#2546,#1197);
#1063=LINE('',#2548,#1198);
#1064=LINE('',#2549,#1199);
#1065=LINE('',#2550,#1200);
#1066=LINE('',#2551,#1201);
#1067=LINE('',#2553,#1202);
#1068=LINE('',#2556,#1203);
#1069=LINE('',#2558,#1204);
#1070=LINE('',#2560,#1205);
#1071=LINE('',#2562,#1206);
#1072=LINE('',#2564,#1207);
#1073=LINE('',#2566,#1208);
#1074=LINE('',#2568,#1209);
#1075=LINE('',#2570,#1210);
#1076=LINE('',#2572,#1211);
#1077=LINE('',#2574,#1212);
#1078=LINE('',#2575,#1213);
#1079=LINE('',#2580,#1214);
#1080=LINE('',#2583,#1215);
#1081=LINE('',#2585,#1216);
#1082=LINE('',#2587,#1217);
#1083=LINE('',#2589,#1218);
#1084=LINE('',#2591,#1219);
#1085=LINE('',#2593,#1220);
#1086=LINE('',#2595,#1221);
#1087=LINE('',#2597,#1222);
#1088=LINE('',#2599,#1223);
#1089=LINE('',#2601,#1224);
#1090=LINE('',#2602,#1225);
#1091=VECTOR('',#1795,1.);
#1092=VECTOR('',#1796,1.);
#1093=VECTOR('',#1797,1.);
#1094=VECTOR('',#1798,1.);
#1095=VECTOR('',#1801,1.);
#1096=VECTOR('',#1802,1.);
#1097=VECTOR('',#1803,1.);
#1098=VECTOR('',#1804,1.);
#1099=VECTOR('',#1807,1.);
#1100=VECTOR('',#1808,1.);
#1101=VECTOR('',#1809,1.);
#1102=VECTOR('',#1810,1.);
#1103=VECTOR('',#1813,1.);
#1104=VECTOR('',#1814,1.);
#1105=VECTOR('',#1815,1.);
#1106=VECTOR('',#1816,1.);
#1107=VECTOR('',#1817,1.);
#1108=VECTOR('',#1818,1.);
#1109=VECTOR('',#1819,1.);
#1110=VECTOR('',#1820,1.);
#1111=VECTOR('',#1823,1.);
#1112=VECTOR('',#1824,1.);
#1113=VECTOR('',#1825,1.);
#1114=VECTOR('',#1826,1.);
#1115=VECTOR('',#1827,1.);
#1116=VECTOR('',#1828,1.);
#1117=VECTOR('',#1829,1.);
#1118=VECTOR('',#1830,1.);
#1119=VECTOR('',#1831,1.);
#1120=VECTOR('',#1832,1.);
#1121=VECTOR('',#1833,1.);
#1122=VECTOR('',#1834,1.);
#1123=VECTOR('',#1835,1.);
#1124=VECTOR('',#1836,1.);
#1125=VECTOR('',#1837,1.);
#1126=VECTOR('',#1838,1.);
#1127=VECTOR('',#1841,1.);
#1128=VECTOR('',#1842,1.);
#1129=VECTOR('',#1843,1.);
#1130=VECTOR('',#1844,1.);
#1131=VECTOR('',#1845,1.);
#1132=VECTOR('',#1846,1.);
#1133=VECTOR('',#1847,1.);
#1134=VECTOR('',#1848,1.);
#1135=VECTOR('',#1851,1.);
#1136=VECTOR('',#1852,1.);
#1137=VECTOR('',#1853,1.);
#1138=VECTOR('',#1854,1.);
#1139=VECTOR('',#1857,1.);
#1140=VECTOR('',#1858,1.);
#1141=VECTOR('',#1859,1.);
#1142=VECTOR('',#1860,1.);
#1143=VECTOR('',#1863,1.);
#1144=VECTOR('',#1864,1.);
#1145=VECTOR('',#1865,1.);
#1146=VECTOR('',#1868,1.);
#1147=VECTOR('',#1869,1.);
#1148=VECTOR('',#1870,1.);
#1149=VECTOR('',#1871,1.);
#1150=VECTOR('',#1874,1.);
#1151=VECTOR('',#1875,1.);
#1152=VECTOR('',#1876,1.);
#1153=VECTOR('',#1879,1.);
#1154=VECTOR('',#1880,1.);
#1155=VECTOR('',#1883,1.);
#1156=VECTOR('',#1886,1.);
#1157=VECTOR('',#1887,1.);
#1158=VECTOR('',#1890,1.);
#1159=VECTOR('',#1891,1.);
#1160=VECTOR('',#1892,1.);
#1161=VECTOR('',#1893,1.);
#1162=VECTOR('',#1894,1.);
#1163=VECTOR('',#1895,1.);
#1164=VECTOR('',#1896,1.);
#1165=VECTOR('',#1899,1.);
#1166=VECTOR('',#1900,1.);
#1167=VECTOR('',#1901,1.);
#1168=VECTOR('',#1902,1.);
#1169=VECTOR('',#1903,1.);
#1170=VECTOR('',#1908,1.);
#1171=VECTOR('',#1909,1.);
#1172=VECTOR('',#1910,1.);
#1173=VECTOR('',#1911,1.);
#1174=VECTOR('',#1914,1.);
#1175=VECTOR('',#1915,1.);
#1176=VECTOR('',#1916,1.);
#1177=VECTOR('',#1919,1.);
#1178=VECTOR('',#1920,1.);
#1179=VECTOR('',#1921,1.);
#1180=VECTOR('',#1922,1.);
#1181=VECTOR('',#1925,1.);
#1182=VECTOR('',#1926,1.);
#1183=VECTOR('',#1927,1.);
#1184=VECTOR('',#1930,1.);
#1185=VECTOR('',#1931,1.);
#1186=VECTOR('',#1932,1.);
#1187=VECTOR('',#1933,1.);
#1188=VECTOR('',#1936,1.);
#1189=VECTOR('',#1937,1.);
#1190=VECTOR('',#1938,1.);
#1191=VECTOR('',#1941,1.);
#1192=VECTOR('',#1942,1.);
#1193=VECTOR('',#1943,1.);
#1194=VECTOR('',#1944,1.);
#1195=VECTOR('',#1947,1.);
#1196=VECTOR('',#1948,1.);
#1197=VECTOR('',#1949,1.);
#1198=VECTOR('',#1952,1.);
#1199=VECTOR('',#1953,1.);
#1200=VECTOR('',#1954,1.);
#1201=VECTOR('',#1955,1.);
#1202=VECTOR('',#1958,1.);
#1203=VECTOR('',#1959,1.);
#1204=VECTOR('',#1960,1.);
#1205=VECTOR('',#1961,1.);
#1206=VECTOR('',#1964,1.);
#1207=VECTOR('',#1965,1.);
#1208=VECTOR('',#1966,1.);
#1209=VECTOR('',#1969,1.);
#1210=VECTOR('',#1970,1.);
#1211=VECTOR('',#1971,1.);
#1212=VECTOR('',#1974,1.);
#1213=VECTOR('',#1975,1.);
#1214=VECTOR('',#1982,1.);
#1215=VECTOR('',#1983,1.);
#1216=VECTOR('',#1984,1.);
#1217=VECTOR('',#1985,1.);
#1218=VECTOR('',#1988,1.);
#1219=VECTOR('',#1989,1.);
#1220=VECTOR('',#1990,1.);
#1221=VECTOR('',#1993,1.);
#1222=VECTOR('',#1994,1.);
#1223=VECTOR('',#1995,1.);
#1224=VECTOR('',#1998,1.);
#1225=VECTOR('',#1999,1.);
#1226=EDGE_LOOP('',(#169,#170,#171,#172));
#1227=EDGE_LOOP('',(#173,#174,#175,#176));
#1228=EDGE_LOOP('',(#177,#178,#179,#180));
#1229=EDGE_LOOP('',(#181,#182,#183,#184,#185,#186,#187,#188));
#1230=EDGE_LOOP('',(#189,#190,#191,#192));
#1231=EDGE_LOOP('',(#193,#194,#195,#196));
#1232=EDGE_LOOP('',(#197,#198,#199,#200,#201,#202,#203,#204));
#1233=EDGE_LOOP('',(#205,#206,#207,#208,#209,#210,#211,#212));
#1234=EDGE_LOOP('',(#213,#214,#215,#216));
#1235=EDGE_LOOP('',(#217,#218,#219,#220));
#1236=EDGE_LOOP('',(#221,#222,#223,#224));
#1237=EDGE_LOOP('',(#225,#226,#227,#228));
#1238=EDGE_LOOP('',(#229,#230,#231,#232));
#1239=EDGE_LOOP('',(#233,#234,#235,#236,#237,#238,#239,#240,#241,#242));
#1240=EDGE_LOOP('',(#243,#244,#245,#246,#247,#248,#249,#250,#251,#252,#253,
#254,#255,#256));
#1241=EDGE_LOOP('',(#257,#258,#259,#260));
#1242=EDGE_LOOP('',(#261,#262,#263,#264));
#1243=EDGE_LOOP('',(#265,#266,#267,#268));
#1244=EDGE_LOOP('',(#269,#270,#271,#272));
#1245=EDGE_LOOP('',(#273,#274,#275,#276));
#1246=EDGE_LOOP('',(#277,#278,#279,#280));
#1247=EDGE_LOOP('',(#281,#282,#283,#284));
#1248=EDGE_LOOP('',(#285,#286,#287,#288));
#1249=EDGE_LOOP('',(#289,#290,#291,#292,#293,#294,#295,#296,#297,#298,#299,
#300));
#1250=EDGE_LOOP('',(#301,#302,#303,#304));
#1251=EDGE_LOOP('',(#305,#306,#307,#308));
#1252=EDGE_LOOP('',(#309,#310,#311,#312));
#1253=EDGE_LOOP('',(#313,#314,#315,#316));
#1254=EDGE_LOOP('',(#317));
#1255=EDGE_LOOP('',(#318,#319,#320,#321));
#1256=EDGE_LOOP('',(#322,#323,#324,#325));
#1257=EDGE_LOOP('',(#326,#327,#328,#329));
#1258=EDGE_LOOP('',(#330,#331,#332,#333));
#1259=EDGE_LOOP('',(#334,#335,#336,#337));
#1260=EDGE_LOOP('',(#338));
#1261=EDGE_LOOP('',(#339,#340,#341,#342));
#1262=EDGE_LOOP('',(#343));
#1263=EDGE_LOOP('',(#344));
#1264=EDGE_LOOP('',(#345));
#1265=EDGE_LOOP('',(#346));
#1266=EDGE_LOOP('',(#347));
#1267=EDGE_LOOP('',(#348));
#1268=EDGE_LOOP('',(#349,#350,#351,#352));
#1269=EDGE_LOOP('',(#353,#354,#355));
#1270=EDGE_LOOP('',(#356,#357,#358,#359));
#1271=EDGE_LOOP('',(#360,#361,#362,#363));
#1272=EDGE_LOOP('',(#364,#365,#366,#367));
#1273=EDGE_LOOP('',(#368,#369,#370,#371));
#1274=EDGE_LOOP('',(#372,#373,#374));
#1275=EDGE_LOOP('',(#375,#376,#377,#378));
#1276=EDGE_LOOP('',(#379,#380,#381,#382));
#1277=EDGE_LOOP('',(#383,#384,#385));
#1278=EDGE_LOOP('',(#386,#387,#388,#389));
#1279=EDGE_LOOP('',(#390,#391,#392,#393));
#1280=EDGE_LOOP('',(#394,#395,#396,#397));
#1281=EDGE_LOOP('',(#398,#399,#400,#401));
#1282=EDGE_LOOP('',(#402,#403,#404));
#1283=EDGE_LOOP('',(#405,#406,#407,#408));
#1284=EDGE_LOOP('',(#409,#410,#411,#412));
#1285=EDGE_LOOP('',(#413,#414,#415,#416));
#1286=EDGE_LOOP('',(#417,#418,#419,#420));
#1287=EDGE_LOOP('',(#421,#422,#423));
#1288=EDGE_LOOP('',(#424,#425,#426,#427));
#1289=EDGE_LOOP('',(#428,#429,#430,#431));
#1290=EDGE_LOOP('',(#432,#433,#434,#435));
#1291=EDGE_LOOP('',(#436,#437,#438,#439));
#1292=EDGE_LOOP('',(#440,#441,#442,#443));
#1293=EDGE_LOOP('',(#444,#445,#446,#447));
#1294=EDGE_LOOP('',(#448,#449,#450,#451));
#1295=EDGE_LOOP('',(#452,#453,#454));
#1296=EDGE_LOOP('',(#455,#456,#457,#458));
#1297=EDGE_LOOP('',(#459,#460,#461,#462));
#1298=EDGE_LOOP('',(#463,#464,#465));
#1299=EDGE_LOOP('',(#466,#467,#468,#469));
#1300=EDGE_LOOP('',(#470,#471,#472,#473));
#1301=EDGE_LOOP('',(#474,#475,#476));
#1302=EDGE_LOOP('',(#477,#478,#479,#480));
#1303=EDGE_LOOP('',(#481,#482,#483,#484));
#1304=EDGE_LOOP('',(#485,#486,#487,#488));
#1305=EDGE_LOOP('',(#489,#490,#491,#492));
#1306=EDGE_LOOP('',(#493,#494,#495));
#1307=EDGE_LOOP('',(#496,#497,#498,#499));
#1308=EDGE_LOOP('',(#500,#501,#502));
#1309=EDGE_LOOP('',(#503,#504,#505,#506));
#1310=EDGE_LOOP('',(#507,#508,#509,#510));
#1311=EDGE_LOOP('',(#511,#512,#513,#514));
#1312=EDGE_LOOP('',(#515,#516,#517,#518));
#1313=EDGE_LOOP('',(#519,#520,#521,#522));
#1314=EDGE_LOOP('',(#523,#524,#525,#526));
#1315=EDGE_LOOP('',(#527,#528,#529));
#1316=EDGE_LOOP('',(#530,#531,#532,#533));
#1317=EDGE_LOOP('',(#534,#535,#536,#537));
#1318=EDGE_LOOP('',(#538,#539,#540,#541));
#1319=EDGE_LOOP('',(#542,#543,#544,#545));
#1320=EDGE_LOOP('',(#546,#547,#548,#549));
#1321=EDGE_LOOP('',(#550,#551,#552));
#1322=EDGE_LOOP('',(#553,#554,#555,#556));
#1323=EDGE_LOOP('',(#557,#558,#559));
#1324=EDGE_LOOP('',(#560,#561,#562,#563));
#1325=EDGE_LOOP('',(#564,#565,#566,#567));
#1326=EDGE_LOOP('',(#568,#569,#570,#571));
#1327=EDGE_LOOP('',(#572,#573,#574));
#1328=EDGE_LOOP('',(#575,#576,#577,#578));
#1329=EDGE_LOOP('',(#579,#580,#581,#582));
#1330=EDGE_LOOP('',(#583,#584,#585,#586));
#1331=EDGE_LOOP('',(#587,#588,#589,#590));
#1332=EDGE_LOOP('',(#591,#592,#593,#594));
#1333=EDGE_LOOP('',(#595,#596,#597,#598));
#1334=EDGE_LOOP('',(#599,#600,#601,#602));
#1335=EDGE_LOOP('',(#603,#604,#605,#606));
#1336=EDGE_LOOP('',(#607,#608,#609,#610));
#1337=FACE_BOUND('',#1226,.T.);
#1338=FACE_BOUND('',#1227,.T.);
#1339=FACE_BOUND('',#1228,.T.);
#1340=FACE_BOUND('',#1229,.T.);
#1341=FACE_BOUND('',#1230,.T.);
#1342=FACE_BOUND('',#1231,.T.);
#1343=FACE_BOUND('',#1232,.T.);
#1344=FACE_BOUND('',#1233,.T.);
#1345=FACE_BOUND('',#1234,.T.);
#1346=FACE_BOUND('',#1235,.T.);
#1347=FACE_BOUND('',#1236,.T.);
#1348=FACE_BOUND('',#1237,.T.);
#1349=FACE_BOUND('',#1238,.T.);
#1350=FACE_BOUND('',#1239,.T.);
#1351=FACE_BOUND('',#1240,.T.);
#1352=FACE_BOUND('',#1241,.T.);
#1353=FACE_BOUND('',#1242,.T.);
#1354=FACE_BOUND('',#1243,.T.);
#1355=FACE_BOUND('',#1244,.T.);
#1356=FACE_BOUND('',#1245,.T.);
#1357=FACE_BOUND('',#1246,.T.);
#1358=FACE_BOUND('',#1247,.T.);
#1359=FACE_BOUND('',#1248,.T.);
#1360=FACE_BOUND('',#1249,.T.);
#1361=FACE_BOUND('',#1250,.T.);
#1362=FACE_BOUND('',#1251,.T.);
#1363=FACE_BOUND('',#1252,.T.);
#1364=FACE_BOUND('',#1253,.T.);
#1365=FACE_BOUND('',#1254,.T.);
#1366=FACE_BOUND('',#1255,.T.);
#1367=FACE_BOUND('',#1256,.T.);
#1368=FACE_BOUND('',#1257,.T.);
#1369=FACE_BOUND('',#1258,.T.);
#1370=FACE_BOUND('',#1259,.T.);
#1371=FACE_BOUND('',#1260,.T.);
#1372=FACE_BOUND('',#1261,.T.);
#1373=FACE_BOUND('',#1262,.T.);
#1374=FACE_BOUND('',#1263,.T.);
#1375=FACE_BOUND('',#1264,.T.);
#1376=FACE_BOUND('',#1265,.T.);
#1377=FACE_BOUND('',#1266,.T.);
#1378=FACE_BOUND('',#1267,.T.);
#1379=FACE_BOUND('',#1268,.T.);
#1380=FACE_BOUND('',#1269,.T.);
#1381=FACE_BOUND('',#1270,.T.);
#1382=FACE_BOUND('',#1271,.T.);
#1383=FACE_BOUND('',#1272,.T.);
#1384=FACE_BOUND('',#1273,.T.);
#1385=FACE_BOUND('',#1274,.T.);
#1386=FACE_BOUND('',#1275,.T.);
#1387=FACE_BOUND('',#1276,.T.);
#1388=FACE_BOUND('',#1277,.T.);
#1389=FACE_BOUND('',#1278,.T.);
#1390=FACE_BOUND('',#1279,.T.);
#1391=FACE_BOUND('',#1280,.T.);
#1392=FACE_BOUND('',#1281,.T.);
#1393=FACE_BOUND('',#1282,.T.);
#1394=FACE_BOUND('',#1283,.T.);
#1395=FACE_BOUND('',#1284,.T.);
#1396=FACE_BOUND('',#1285,.T.);
#1397=FACE_BOUND('',#1286,.T.);
#1398=FACE_BOUND('',#1287,.T.);
#1399=FACE_BOUND('',#1288,.T.);
#1400=FACE_BOUND('',#1289,.T.);
#1401=FACE_BOUND('',#1290,.T.);
#1402=FACE_BOUND('',#1291,.T.);
#1403=FACE_BOUND('',#1292,.T.);
#1404=FACE_BOUND('',#1293,.T.);
#1405=FACE_BOUND('',#1294,.T.);
#1406=FACE_BOUND('',#1295,.T.);
#1407=FACE_BOUND('',#1296,.T.);
#1408=FACE_BOUND('',#1297,.T.);
#1409=FACE_BOUND('',#1298,.T.);
#1410=FACE_BOUND('',#1299,.T.);
#1411=FACE_BOUND('',#1300,.T.);
#1412=FACE_BOUND('',#1301,.T.);
#1413=FACE_BOUND('',#1302,.T.);
#1414=FACE_BOUND('',#1303,.T.);
#1415=FACE_BOUND('',#1304,.T.);
#1416=FACE_BOUND('',#1305,.T.);
#1417=FACE_BOUND('',#1306,.T.);
#1418=FACE_BOUND('',#1307,.T.);
#1419=FACE_BOUND('',#1308,.T.);
#1420=FACE_BOUND('',#1309,.T.);
#1421=FACE_BOUND('',#1310,.T.);
#1422=FACE_BOUND('',#1311,.T.);
#1423=FACE_BOUND('',#1312,.T.);
#1424=FACE_BOUND('',#1313,.T.);
#1425=FACE_BOUND('',#1314,.T.);
#1426=FACE_BOUND('',#1315,.T.);
#1427=FACE_BOUND('',#1316,.T.);
#1428=FACE_BOUND('',#1317,.T.);
#1429=FACE_BOUND('',#1318,.T.);
#1430=FACE_BOUND('',#1319,.T.);
#1431=FACE_BOUND('',#1320,.T.);
#1432=FACE_BOUND('',#1321,.T.);
#1433=FACE_BOUND('',#1322,.T.);
#1434=FACE_BOUND('',#1323,.T.);
#1435=FACE_BOUND('',#1324,.T.);
#1436=FACE_BOUND('',#1325,.T.);
#1437=FACE_BOUND('',#1326,.T.);
#1438=FACE_BOUND('',#1327,.T.);
#1439=FACE_BOUND('',#1328,.T.);
#1440=FACE_BOUND('',#1329,.T.);
#1441=FACE_BOUND('',#1330,.T.);
#1442=FACE_BOUND('',#1331,.T.);
#1443=FACE_BOUND('',#1332,.T.);
#1444=FACE_BOUND('',#1333,.T.);
#1445=FACE_BOUND('',#1334,.T.);
#1446=FACE_BOUND('',#1335,.T.);
#1447=FACE_BOUND('',#1336,.T.);
#1448=PLANE('',#1600);
#1449=PLANE('',#1601);
#1450=PLANE('',#1602);
#1451=PLANE('',#1603);
#1452=PLANE('',#1604);
#1453=PLANE('',#1605);
#1454=PLANE('',#1606);
#1455=PLANE('',#1607);
#1456=PLANE('',#1608);
#1457=PLANE('',#1609);
#1458=PLANE('',#1610);
#1459=PLANE('',#1611);
#1460=PLANE('',#1614);
#1461=PLANE('',#1617);
#1462=PLANE('',#1618);
#1463=PLANE('',#1619);
#1464=PLANE('',#1620);
#1465=PLANE('',#1621);
#1466=PLANE('',#1622);
#1467=PLANE('',#1623);
#1468=PLANE('',#1624);
#1469=PLANE('',#1625);
#1470=PLANE('',#1626);
#1471=PLANE('',#1627);
#1472=PLANE('',#1628);
#1473=PLANE('',#1629);
#1474=PLANE('',#1630);
#1475=PLANE('',#1632);
#1476=PLANE('',#1633);
#1477=PLANE('',#1634);
#1478=PLANE('',#1635);
#1479=PLANE('',#1636);
#1480=PLANE('',#1640);
#1481=PLANE('',#1643);
#1482=ADVANCED_FACE('',(#1337),#1448,.F.);
#1483=ADVANCED_FACE('',(#1338),#1449,.F.);
#1484=ADVANCED_FACE('',(#1339),#1450,.F.);
#1485=ADVANCED_FACE('',(#1340),#1451,.T.);
#1486=ADVANCED_FACE('',(#1341,#1342,#1343),#1452,.T.);
#1487=ADVANCED_FACE('',(#1344),#1453,.F.);
#1488=ADVANCED_FACE('',(#1345),#1454,.F.);
#1489=ADVANCED_FACE('',(#1346),#1455,.T.);
#1490=ADVANCED_FACE('',(#1347),#1456,.T.);
#1491=ADVANCED_FACE('',(#1348),#1457,.T.);
#1492=ADVANCED_FACE('',(#1349),#1458,.F.);
#1493=ADVANCED_FACE('',(#1350),#1459,.F.);
#1494=ADVANCED_FACE('',(#1351),#1460,.F.);
#1495=ADVANCED_FACE('',(#1352),#1461,.T.);
#1496=ADVANCED_FACE('',(#1353),#1462,.T.);
#1497=ADVANCED_FACE('',(#1354),#1463,.F.);
#1498=ADVANCED_FACE('',(#1355),#1464,.T.);
#1499=ADVANCED_FACE('',(#1356),#1465,.F.);
#1500=ADVANCED_FACE('',(#1357),#1466,.F.);
#1501=ADVANCED_FACE('',(#1358),#1467,.T.);
#1502=ADVANCED_FACE('',(#1359),#1468,.F.);
#1503=ADVANCED_FACE('',(#1360),#1469,.T.);
#1504=ADVANCED_FACE('',(#1361),#1470,.T.);
#1505=ADVANCED_FACE('',(#1362),#1471,.F.);
#1506=ADVANCED_FACE('',(#1363),#1472,.F.);
#1507=ADVANCED_FACE('',(#1364),#1473,.T.);
#1508=ADVANCED_FACE('',(#1365,#1366),#1474,.T.);
#1509=ADVANCED_FACE('',(#1367),#1475,.T.);
#1510=ADVANCED_FACE('',(#1368),#1476,.F.);
#1511=ADVANCED_FACE('',(#1369),#1477,.F.);
#1512=ADVANCED_FACE('',(#1370),#1478,.T.);
#1513=ADVANCED_FACE('',(#1371,#1372),#1479,.T.);
#1514=ADVANCED_FACE('',(#1373,#1374),#54,.F.);
#1515=ADVANCED_FACE('',(#1375),#1480,.T.);
#1516=ADVANCED_FACE('',(#1376,#1377),#55,.F.);
#1517=ADVANCED_FACE('',(#1378),#1481,.T.);
#1518=ADVANCED_FACE('',(#1379),#56,.T.);
#1519=ADVANCED_FACE('',(#1380),#16,.T.);
#1520=ADVANCED_FACE('',(#1381),#57,.T.);
#1521=ADVANCED_FACE('',(#1382),#58,.T.);
#1522=ADVANCED_FACE('',(#1383),#59,.T.);
#1523=ADVANCED_FACE('',(#1384),#60,.T.);
#1524=ADVANCED_FACE('',(#1385),#17,.T.);
#1525=ADVANCED_FACE('',(#1386),#61,.T.);
#1526=ADVANCED_FACE('',(#1387),#62,.T.);
#1527=ADVANCED_FACE('',(#1388),#18,.T.);
#1528=ADVANCED_FACE('',(#1389),#63,.T.);
#1529=ADVANCED_FACE('',(#1390),#64,.T.);
#1530=ADVANCED_FACE('',(#1391),#65,.T.);
#1531=ADVANCED_FACE('',(#1392),#66,.T.);
#1532=ADVANCED_FACE('',(#1393),#19,.T.);
#1533=ADVANCED_FACE('',(#1394),#67,.T.);
#1534=ADVANCED_FACE('',(#1395),#68,.T.);
#1535=ADVANCED_FACE('',(#1396),#69,.F.);
#1536=ADVANCED_FACE('',(#1397),#70,.T.);
#1537=ADVANCED_FACE('',(#1398),#20,.T.);
#1538=ADVANCED_FACE('',(#1399),#71,.T.);
#1539=ADVANCED_FACE('',(#1400),#12,.F.);
#1540=ADVANCED_FACE('',(#1401),#72,.T.);
#1541=ADVANCED_FACE('',(#1402),#73,.T.);
#1542=ADVANCED_FACE('',(#1403),#13,.T.);
#1543=ADVANCED_FACE('',(#1404),#74,.T.);
#1544=ADVANCED_FACE('',(#1405),#75,.T.);
#1545=ADVANCED_FACE('',(#1406),#21,.T.);
#1546=ADVANCED_FACE('',(#1407),#76,.T.);
#1547=ADVANCED_FACE('',(#1408),#77,.F.);
#1548=ADVANCED_FACE('',(#1409),#22,.T.);
#1549=ADVANCED_FACE('',(#1410),#78,.T.);
#1550=ADVANCED_FACE('',(#1411),#79,.T.);
#1551=ADVANCED_FACE('',(#1412),#23,.T.);
#1552=ADVANCED_FACE('',(#1413),#80,.T.);
#1553=ADVANCED_FACE('',(#1414),#81,.T.);
#1554=ADVANCED_FACE('',(#1415),#14,.F.);
#1555=ADVANCED_FACE('',(#1416),#82,.T.);
#1556=ADVANCED_FACE('',(#1417),#24,.T.);
#1557=ADVANCED_FACE('',(#1418),#83,.T.);
#1558=ADVANCED_FACE('',(#1419),#25,.T.);
#1559=ADVANCED_FACE('',(#1420),#84,.F.);
#1560=ADVANCED_FACE('',(#1421),#85,.T.);
#1561=ADVANCED_FACE('',(#1422),#86,.T.);
#1562=ADVANCED_FACE('',(#1423),#87,.T.);
#1563=ADVANCED_FACE('',(#1424),#88,.T.);
#1564=ADVANCED_FACE('',(#1425),#15,.T.);
#1565=ADVANCED_FACE('',(#1426),#26,.T.);
#1566=ADVANCED_FACE('',(#1427),#89,.T.);
#1567=ADVANCED_FACE('',(#1428),#90,.T.);
#1568=ADVANCED_FACE('',(#1429),#91,.T.);
#1569=ADVANCED_FACE('',(#1430),#92,.T.);
#1570=ADVANCED_FACE('',(#1431),#93,.T.);
#1571=ADVANCED_FACE('',(#1432),#27,.T.);
#1572=ADVANCED_FACE('',(#1433),#94,.T.);
#1573=ADVANCED_FACE('',(#1434),#28,.T.);
#1574=ADVANCED_FACE('',(#1435),#95,.T.);
#1575=ADVANCED_FACE('',(#1436),#96,.T.);
#1576=ADVANCED_FACE('',(#1437),#97,.T.);
#1577=ADVANCED_FACE('',(#1438),#29,.T.);
#1578=ADVANCED_FACE('',(#1439),#98,.T.);
#1579=ADVANCED_FACE('',(#1440),#99,.F.);
#1580=ADVANCED_FACE('',(#1441),#100,.F.);
#1581=ADVANCED_FACE('',(#1442),#101,.F.);
#1582=ADVANCED_FACE('',(#1443),#102,.F.);
#1583=ADVANCED_FACE('',(#1444),#103,.F.);
#1584=ADVANCED_FACE('',(#1445),#104,.F.);
#1585=ADVANCED_FACE('',(#1446),#105,.F.);
#1586=ADVANCED_FACE('',(#1447),#106,.F.);
#1587=CLOSED_SHELL('',(#1482,#1483,#1484,#1485,#1486,#1487,#1488,#1489,
#1490,#1491,#1492,#1493,#1494,#1495,#1496,#1497,#1498,#1499,#1500,#1501,
#1502,#1503,#1504,#1505,#1506,#1507,#1508,#1509,#1510,#1511,#1512,#1513,
#1514,#1515,#1516,#1517,#1518,#1519,#1520,#1521,#1522,#1523,#1524,#1525,
#1526,#1527,#1528,#1529,#1530,#1531,#1532,#1533,#1534,#1535,#1536,#1537,
#1538,#1539,#1540,#1541,#1542,#1543,#1544,#1545,#1546,#1547,#1548,#1549,
#1550,#1551,#1552,#1553,#1554,#1555,#1556,#1557,#1558,#1559,#1560,#1561,
#1562,#1563,#1564,#1565,#1566,#1567,#1568,#1569,#1570,#1571,#1572,#1573,
#1574,#1575,#1576,#1577,#1578,#1579,#1580,#1581,#1582,#1583,#1584,#1585,
#1586));
#1588=STYLED_ITEM('',(#1589),#1596);
#1589=PRESENTATION_STYLE_ASSIGNMENT((#1590));
#1590=SURFACE_STYLE_USAGE(.BOTH.,#1591);
#1591=SURFACE_SIDE_STYLE('',(#1592));
#1592=SURFACE_STYLE_FILL_AREA(#1593);
#1593=FILL_AREA_STYLE('',(#1594));
#1594=FILL_AREA_STYLE_COLOUR('',#1595);
#1595=COLOUR_RGB('',0.8,0.635294117647059,0.47843137254902);
#1596=MANIFOLD_SOLID_BREP('Dresser',#1587);
#1597=SHAPE_DEFINITION_REPRESENTATION(#2767,#1598);
#1598=SHAPE_REPRESENTATION('Dresser',(#1599),#2762);
#1599=AXIS2_PLACEMENT_3D('',#2310,#1791,#1792);
#1600=AXIS2_PLACEMENT_3D('',#2311,#1793,#1794);
#1601=AXIS2_PLACEMENT_3D('',#2320,#1799,#1800);
#1602=AXIS2_PLACEMENT_3D('',#2329,#1805,#1806);
#1603=AXIS2_PLACEMENT_3D('',#2338,#1811,#1812);
#1604=AXIS2_PLACEMENT_3D('',#2355,#1821,#1822);
#1605=AXIS2_PLACEMENT_3D('',#2388,#1839,#1840);
#1606=AXIS2_PLACEMENT_3D('',#2405,#1849,#1850);
#1607=AXIS2_PLACEMENT_3D('',#2414,#1855,#1856);
#1608=AXIS2_PLACEMENT_3D('',#2423,#1861,#1862);
#1609=AXIS2_PLACEMENT_3D('',#2429,#1866,#1867);
#1610=AXIS2_PLACEMENT_3D('',#2438,#1872,#1873);
#1611=AXIS2_PLACEMENT_3D('',#2444,#1877,#1878);
#1612=AXIS2_PLACEMENT_3D('',#2449,#1881,#1882);
#1613=AXIS2_PLACEMENT_3D('',#2453,#1884,#1885);
#1614=AXIS2_PLACEMENT_3D('',#2458,#1888,#1889);
#1615=AXIS2_PLACEMENT_3D('',#2474,#1897,#1898);
#1616=AXIS2_PLACEMENT_3D('',#2486,#1904,#1905);
#1617=AXIS2_PLACEMENT_3D('',#2487,#1906,#1907);
#1618=AXIS2_PLACEMENT_3D('',#2496,#1912,#1913);
#1619=AXIS2_PLACEMENT_3D('',#2502,#1917,#1918);
#1620=AXIS2_PLACEMENT_3D('',#2511,#1923,#1924);
#1621=AXIS2_PLACEMENT_3D('',#2517,#1928,#1929);
#1622=AXIS2_PLACEMENT_3D('',#2526,#1934,#1935);
#1623=AXIS2_PLACEMENT_3D('',#2532,#1939,#1940);
#1624=AXIS2_PLACEMENT_3D('',#2541,#1945,#1946);
#1625=AXIS2_PLACEMENT_3D('',#2547,#1950,#1951);
#1626=AXIS2_PLACEMENT_3D('',#2552,#1956,#1957);
#1627=AXIS2_PLACEMENT_3D('',#2561,#1962,#1963);
#1628=AXIS2_PLACEMENT_3D('',#2567,#1967,#1968);
#1629=AXIS2_PLACEMENT_3D('',#2573,#1972,#1973);
#1630=AXIS2_PLACEMENT_3D('',#2576,#1976,#1977);
#1631=AXIS2_PLACEMENT_3D('',#2577,#1978,#1979);
#1632=AXIS2_PLACEMENT_3D('',#2579,#1980,#1981);
#1633=AXIS2_PLACEMENT_3D('',#2588,#1986,#1987);
#1634=AXIS2_PLACEMENT_3D('',#2594,#1991,#1992);
#1635=AXIS2_PLACEMENT_3D('',#2600,#1996,#1997);
#1636=AXIS2_PLACEMENT_3D('',#2603,#2000,#2001);
#1637=AXIS2_PLACEMENT_3D('',#2604,#2002,#2003);
#1638=AXIS2_PLACEMENT_3D('',#2606,#2004,#2005);
#1639=AXIS2_PLACEMENT_3D('',#2607,#2006,#2007);
#1640=AXIS2_PLACEMENT_3D('',#2609,#2008,#2009);
#1641=AXIS2_PLACEMENT_3D('',#2610,#2010,#2011);
#1642=AXIS2_PLACEMENT_3D('',#2611,#2012,#2013);
#1643=AXIS2_PLACEMENT_3D('',#2613,#2014,#2015);
#1644=AXIS2_PLACEMENT_3D('',#2614,#2016,#2017);
#1645=AXIS2_PLACEMENT_3D('',#2615,#2018,#2019);
#1646=AXIS2_PLACEMENT_3D('',#2616,#2020,#2021);
#1647=AXIS2_PLACEMENT_3D('',#2617,#2022,#2023);
#1648=AXIS2_PLACEMENT_3D('',#2618,#2024,#2025);
#1649=AXIS2_PLACEMENT_3D('',#2619,#2026,#2027);
#1650=AXIS2_PLACEMENT_3D('',#2620,#2028,#2029);
#1651=AXIS2_PLACEMENT_3D('',#2621,#2030,#2031);
#1652=AXIS2_PLACEMENT_3D('',#2622,#2032,#2033);
#1653=AXIS2_PLACEMENT_3D('',#2623,#2034,#2035);
#1654=AXIS2_PLACEMENT_3D('',#2624,#2036,#2037);
#1655=AXIS2_PLACEMENT_3D('',#2625,#2038,#2039);
#1656=AXIS2_PLACEMENT_3D('',#2626,#2040,#2041);
#1657=AXIS2_PLACEMENT_3D('',#2627,#2042,#2043);
#1658=AXIS2_PLACEMENT_3D('',#2628,#2044,#2045);
#1659=AXIS2_PLACEMENT_3D('',#2629,#2046,#2047);
#1660=AXIS2_PLACEMENT_3D('',#2630,#2048,#2049);
#1661=AXIS2_PLACEMENT_3D('',#2631,#2050,#2051);
#1662=AXIS2_PLACEMENT_3D('',#2632,#2052,#2053);
#1663=AXIS2_PLACEMENT_3D('',#2633,#2054,#2055);
#1664=AXIS2_PLACEMENT_3D('',#2634,#2056,#2057);
#1665=AXIS2_PLACEMENT_3D('',#2635,#2058,#2059);
#1666=AXIS2_PLACEMENT_3D('',#2636,#2060,#2061);
#1667=AXIS2_PLACEMENT_3D('',#2637,#2062,#2063);
#1668=AXIS2_PLACEMENT_3D('',#2638,#2064,#2065);
#1669=AXIS2_PLACEMENT_3D('',#2639,#2066,#2067);
#1670=AXIS2_PLACEMENT_3D('',#2640,#2068,#2069);
#1671=AXIS2_PLACEMENT_3D('',#2641,#2070,#2071);
#1672=AXIS2_PLACEMENT_3D('',#2642,#2072,#2073);
#1673=AXIS2_PLACEMENT_3D('',#2643,#2074,#2075);
#1674=AXIS2_PLACEMENT_3D('',#2644,#2076,#2077);
#1675=AXIS2_PLACEMENT_3D('',#2645,#2078,#2079);
#1676=AXIS2_PLACEMENT_3D('',#2646,#2080,#2081);
#1677=AXIS2_PLACEMENT_3D('',#2647,#2082,#2083);
#1678=AXIS2_PLACEMENT_3D('',#2648,#2084,#2085);
#1679=AXIS2_PLACEMENT_3D('',#2649,#2086,#2087);
#1680=AXIS2_PLACEMENT_3D('',#2650,#2088,#2089);
#1681=AXIS2_PLACEMENT_3D('',#2651,#2090,#2091);
#1682=AXIS2_PLACEMENT_3D('',#2652,#2092,#2093);
#1683=AXIS2_PLACEMENT_3D('',#2653,#2094,#2095);
#1684=AXIS2_PLACEMENT_3D('',#2654,#2096,#2097);
#1685=AXIS2_PLACEMENT_3D('',#2655,#2098,#2099);
#1686=AXIS2_PLACEMENT_3D('',#2656,#2100,#2101);
#1687=AXIS2_PLACEMENT_3D('',#2657,#2102,#2103);
#1688=AXIS2_PLACEMENT_3D('',#2658,#2104,#2105);
#1689=AXIS2_PLACEMENT_3D('',#2659,#2106,#2107);
#1690=AXIS2_PLACEMENT_3D('',#2660,#2108,#2109);
#1691=AXIS2_PLACEMENT_3D('',#2661,#2110,#2111);
#1692=AXIS2_PLACEMENT_3D('',#2662,#2112,#2113);
#1693=AXIS2_PLACEMENT_3D('',#2663,#2114,#2115);
#1694=AXIS2_PLACEMENT_3D('',#2664,#2116,#2117);
#1695=AXIS2_PLACEMENT_3D('',#2665,#2118,#2119);
#1696=AXIS2_PLACEMENT_3D('',#2666,#2120,#2121);
#1697=AXIS2_PLACEMENT_3D('',#2667,#2122,#2123);
#1698=AXIS2_PLACEMENT_3D('',#2668,#2124,#2125);
#1699=AXIS2_PLACEMENT_3D('',#2669,#2126,#2127);
#1700=AXIS2_PLACEMENT_3D('',#2670,#2128,#2129);
#1701=AXIS2_PLACEMENT_3D('',#2671,#2130,#2131);
#1702=AXIS2_PLACEMENT_3D('',#2672,#2132,#2133);
#1703=AXIS2_PLACEMENT_3D('',#2673,#2134,#2135);
#1704=AXIS2_PLACEMENT_3D('',#2674,#2136,#2137);
#1705=AXIS2_PLACEMENT_3D('',#2675,#2138,#2139);
#1706=AXIS2_PLACEMENT_3D('',#2676,#2140,#2141);
#1707=AXIS2_PLACEMENT_3D('',#2677,#2142,#2143);
#1708=AXIS2_PLACEMENT_3D('',#2678,#2144,#2145);
#1709=AXIS2_PLACEMENT_3D('',#2679,#2146,#2147);
#1710=AXIS2_PLACEMENT_3D('',#2680,#2148,#2149);
#1711=AXIS2_PLACEMENT_3D('',#2681,#2150,#2151);
#1712=AXIS2_PLACEMENT_3D('',#2682,#2152,#2153);
#1713=AXIS2_PLACEMENT_3D('',#2683,#2154,#2155);
#1714=AXIS2_PLACEMENT_3D('',#2684,#2156,#2157);
#1715=AXIS2_PLACEMENT_3D('',#2685,#2158,#2159);
#1716=AXIS2_PLACEMENT_3D('',#2686,#2160,#2161);
#1717=AXIS2_PLACEMENT_3D('',#2687,#2162,#2163);
#1718=AXIS2_PLACEMENT_3D('',#2688,#2164,#2165);
#1719=AXIS2_PLACEMENT_3D('',#2689,#2166,#2167);
#1720=AXIS2_PLACEMENT_3D('',#2690,#2168,#2169);
#1721=AXIS2_PLACEMENT_3D('',#2691,#2170,#2171);
#1722=AXIS2_PLACEMENT_3D('',#2692,#2172,#2173);
#1723=AXIS2_PLACEMENT_3D('',#2693,#2174,#2175);
#1724=AXIS2_PLACEMENT_3D('',#2694,#2176,#2177);
#1725=AXIS2_PLACEMENT_3D('',#2695,#2178,#2179);
#1726=AXIS2_PLACEMENT_3D('',#2696,#2180,#2181);
#1727=AXIS2_PLACEMENT_3D('',#2697,#2182,#2183);
#1728=AXIS2_PLACEMENT_3D('',#2698,#2184,#2185);
#1729=AXIS2_PLACEMENT_3D('',#2699,#2186,#2187);
#1730=AXIS2_PLACEMENT_3D('',#2700,#2188,#2189);
#1731=AXIS2_PLACEMENT_3D('',#2701,#2190,#2191);
#1732=AXIS2_PLACEMENT_3D('',#2702,#2192,#2193);
#1733=AXIS2_PLACEMENT_3D('',#2703,#2194,#2195);
#1734=AXIS2_PLACEMENT_3D('',#2704,#2196,#2197);
#1735=AXIS2_PLACEMENT_3D('',#2705,#2198,#2199);
#1736=AXIS2_PLACEMENT_3D('',#2706,#2200,#2201);
#1737=AXIS2_PLACEMENT_3D('',#2707,#2202,#2203);
#1738=AXIS2_PLACEMENT_3D('',#2708,#2204,#2205);
#1739=AXIS2_PLACEMENT_3D('',#2709,#2206,#2207);
#1740=AXIS2_PLACEMENT_3D('',#2710,#2208,#2209);
#1741=AXIS2_PLACEMENT_3D('',#2711,#2210,#2211);
#1742=AXIS2_PLACEMENT_3D('',#2712,#2212,#2213);
#1743=AXIS2_PLACEMENT_3D('',#2713,#2214,#2215);
#1744=AXIS2_PLACEMENT_3D('',#2714,#2216,#2217);
#1745=AXIS2_PLACEMENT_3D('',#2715,#2218,#2219);
#1746=AXIS2_PLACEMENT_3D('',#2716,#2220,#2221);
#1747=AXIS2_PLACEMENT_3D('',#2717,#2222,#2223);
#1748=AXIS2_PLACEMENT_3D('',#2718,#2224,#2225);
#1749=AXIS2_PLACEMENT_3D('',#2719,#2226,#2227);
#1750=AXIS2_PLACEMENT_3D('',#2720,#2228,#2229);
#1751=AXIS2_PLACEMENT_3D('',#2721,#2230,#2231);
#1752=AXIS2_PLACEMENT_3D('',#2722,#2232,#2233);
#1753=AXIS2_PLACEMENT_3D('',#2723,#2234,#2235);
#1754=AXIS2_PLACEMENT_3D('',#2724,#2236,#2237);
#1755=AXIS2_PLACEMENT_3D('',#2725,#2238,#2239);
#1756=AXIS2_PLACEMENT_3D('',#2726,#2240,#2241);
#1757=AXIS2_PLACEMENT_3D('',#2727,#2242,#2243);
#1758=AXIS2_PLACEMENT_3D('',#2728,#2244,#2245);
#1759=AXIS2_PLACEMENT_3D('',#2729,#2246,#2247);
#1760=AXIS2_PLACEMENT_3D('',#2730,#2248,#2249);
#1761=AXIS2_PLACEMENT_3D('',#2731,#2250,#2251);
#1762=AXIS2_PLACEMENT_3D('',#2732,#2252,#2253);
#1763=AXIS2_PLACEMENT_3D('',#2733,#2254,#2255);
#1764=AXIS2_PLACEMENT_3D('',#2734,#2256,#2257);
#1765=AXIS2_PLACEMENT_3D('',#2735,#2258,#2259);
#1766=AXIS2_PLACEMENT_3D('',#2736,#2260,#2261);
#1767=AXIS2_PLACEMENT_3D('',#2737,#2262,#2263);
#1768=AXIS2_PLACEMENT_3D('',#2738,#2264,#2265);
#1769=AXIS2_PLACEMENT_3D('',#2739,#2266,#2267);
#1770=AXIS2_PLACEMENT_3D('',#2740,#2268,#2269);
#1771=AXIS2_PLACEMENT_3D('',#2741,#2270,#2271);
#1772=AXIS2_PLACEMENT_3D('',#2742,#2272,#2273);
#1773=AXIS2_PLACEMENT_3D('',#2743,#2274,#2275);
#1774=AXIS2_PLACEMENT_3D('',#2744,#2276,#2277);
#1775=AXIS2_PLACEMENT_3D('',#2745,#2278,#2279);
#1776=AXIS2_PLACEMENT_3D('',#2746,#2280,#2281);
#1777=AXIS2_PLACEMENT_3D('',#2747,#2282,#2283);
#1778=AXIS2_PLACEMENT_3D('',#2748,#2284,#2285);
#1779=AXIS2_PLACEMENT_3D('',#2749,#2286,#2287);
#1780=AXIS2_PLACEMENT_3D('',#2750,#2288,#2289);
#1781=AXIS2_PLACEMENT_3D('',#2751,#2290,#2291);
#1782=AXIS2_PLACEMENT_3D('',#2752,#2292,#2293);
#1783=AXIS2_PLACEMENT_3D('',#2753,#2294,#2295);
#1784=AXIS2_PLACEMENT_3D('',#2754,#2296,#2297);
#1785=AXIS2_PLACEMENT_3D('',#2755,#2298,#2299);
#1786=AXIS2_PLACEMENT_3D('',#2756,#2300,#2301);
#1787=AXIS2_PLACEMENT_3D('',#2757,#2302,#2303);
#1788=AXIS2_PLACEMENT_3D('',#2758,#2304,#2305);
#1789=AXIS2_PLACEMENT_3D('',#2759,#2306,#2307);
#1790=AXIS2_PLACEMENT_3D('',#2760,#2308,#2309);
#1791=DIRECTION('',(0.,0.,1.));
#1792=DIRECTION('',(1.,0.,0.));
#1793=DIRECTION('',(0.,1.,0.));
#1794=DIRECTION('',(0.,0.,1.));
#1795=DIRECTION('',(1.,0.,0.));
#1796=DIRECTION('',(0.,0.,-1.));
#1797=DIRECTION('',(1.,0.,0.));
#1798=DIRECTION('',(0.,0.,-1.));
#1799=DIRECTION('',(0.,1.,0.));
#1800=DIRECTION('',(0.,0.,1.));
#1801=DIRECTION('',(1.,0.,0.));
#1802=DIRECTION('',(2.16840434497101E-16,0.,-1.));
#1803=DIRECTION('',(1.,0.,0.));
#1804=DIRECTION('',(0.,0.,-1.));
#1805=DIRECTION('',(0.,1.,0.));
#1806=DIRECTION('',(0.,0.,1.));
#1807=DIRECTION('',(1.,0.,0.));
#1808=DIRECTION('',(0.,0.,-1.));
#1809=DIRECTION('',(1.,0.,0.));
#1810=DIRECTION('',(0.,0.,-1.));
#1811=DIRECTION('',(1.,0.,0.));
#1812=DIRECTION('',(0.,0.,-1.));
#1813=DIRECTION('',(0.,0.,-1.));
#1814=DIRECTION('',(0.,-1.,0.));
#1815=DIRECTION('',(0.,0.,-1.));
#1816=DIRECTION('',(0.,-1.,0.));
#1817=DIRECTION('',(0.,0.,-1.));
#1818=DIRECTION('',(0.,-1.,0.));
#1819=DIRECTION('',(0.,0.,-1.));
#1820=DIRECTION('',(0.,-1.,0.));
#1821=DIRECTION('',(0.,0.,1.));
#1822=DIRECTION('',(1.,0.,0.));
#1823=DIRECTION('',(0.,-1.,0.));
#1824=DIRECTION('',(1.,0.,0.));
#1825=DIRECTION('',(0.,-1.,0.));
#1826=DIRECTION('',(1.,0.,0.));
#1827=DIRECTION('',(0.,-1.,0.));
#1828=DIRECTION('',(1.,1.62630325872825E-16,0.));
#1829=DIRECTION('',(0.,-1.,0.));
#1830=DIRECTION('',(1.,1.89735380184963E-16,0.));
#1831=DIRECTION('',(1.,0.,0.));
#1832=DIRECTION('',(0.,-1.,0.));
#1833=DIRECTION('',(1.,0.,0.));
#1834=DIRECTION('',(0.,-1.,0.));
#1835=DIRECTION('',(1.,0.,0.));
#1836=DIRECTION('',(5.78241158658936E-17,-1.,0.));
#1837=DIRECTION('',(1.,0.,0.));
#1838=DIRECTION('',(0.,-1.,0.));
#1839=DIRECTION('',(1.,5.78241158658936E-17,0.));
#1840=DIRECTION('',(-5.78241158658936E-17,1.,0.));
#1841=DIRECTION('',(5.78241158658936E-17,-1.,0.));
#1842=DIRECTION('',(0.,0.,-1.));
#1843=DIRECTION('',(5.78241158658936E-17,-1.,0.));
#1844=DIRECTION('',(0.,0.,-1.));
#1845=DIRECTION('',(5.78241158658936E-17,-1.,0.));
#1846=DIRECTION('',(0.,0.,-1.));
#1847=DIRECTION('',(5.78241158658936E-17,-1.,0.));
#1848=DIRECTION('',(0.,0.,-1.));
#1849=DIRECTION('',(0.,1.,0.));
#1850=DIRECTION('',(0.,0.,1.));
#1851=DIRECTION('',(1.,0.,0.));
#1852=DIRECTION('',(0.,0.,-1.));
#1853=DIRECTION('',(1.,0.,0.));
#1854=DIRECTION('',(0.,0.,-1.));
#1855=DIRECTION('',(0.,0.,1.));
#1856=DIRECTION('',(1.,0.,0.));
#1857=DIRECTION('',(0.,-1.,0.));
#1858=DIRECTION('',(1.,0.,0.));
#1859=DIRECTION('',(0.,-1.,0.));
#1860=DIRECTION('',(1.,0.,0.));
#1861=DIRECTION('',(1.,0.,0.));
#1862=DIRECTION('',(0.,0.,-1.));
#1863=DIRECTION('',(0.,0.,-1.));
#1864=DIRECTION('',(0.,-1.,0.));
#1865=DIRECTION('',(0.,0.,-1.));
#1866=DIRECTION('',(0.,1.,0.));
#1867=DIRECTION('',(0.,0.,1.));
#1868=DIRECTION('',(0.,0.,-1.));
#1869=DIRECTION('',(1.,0.,0.));
#1870=DIRECTION('',(0.,0.,-1.));
#1871=DIRECTION('',(1.,0.,0.));
#1872=DIRECTION('',(1.,0.,0.));
#1873=DIRECTION('',(0.,0.,-1.));
#1874=DIRECTION('',(0.,0.,-1.));
#1875=DIRECTION('',(0.,-1.,0.));
#1876=DIRECTION('',(0.,0.,-1.));
#1877=DIRECTION('',(0.,1.,0.));
#1878=DIRECTION('',(0.,0.,1.));
#1879=DIRECTION('',(1.,0.,0.));
#1880=DIRECTION('',(0.,0.,-1.));
#1881=DIRECTION('',(0.,1.,0.));
#1882=DIRECTION('',(0.,0.,1.));
#1883=DIRECTION('',(1.,0.,0.));
#1884=DIRECTION('',(0.,1.,0.));
#1885=DIRECTION('',(0.,0.,1.));
#1886=DIRECTION('',(0.,0.,-1.));
#1887=DIRECTION('',(1.,0.,0.));
#1888=DIRECTION('',(0.,0.,1.));
#1889=DIRECTION('',(1.,0.,0.));
#1890=DIRECTION('',(0.,-1.,0.));
#1891=DIRECTION('',(1.,0.,0.));
#1892=DIRECTION('',(0.,-1.,0.));
#1893=DIRECTION('',(1.,0.,0.));
#1894=DIRECTION('',(0.,-1.,0.));
#1895=DIRECTION('',(1.,0.,0.));
#1896=DIRECTION('',(5.78241158658936E-17,-1.,0.));
#1897=DIRECTION('',(0.,0.,1.));
#1898=DIRECTION('',(1.,0.,0.));
#1899=DIRECTION('',(1.,0.,0.));
#1900=DIRECTION('',(0.,-1.,0.));
#1901=DIRECTION('',(1.,0.,0.));
#1902=DIRECTION('',(0.,-1.,0.));
#1903=DIRECTION('',(1.,0.,0.));
#1904=DIRECTION('',(0.,0.,1.));
#1905=DIRECTION('',(1.,0.,0.));
#1906=DIRECTION('',(0.,0.,-1.));
#1907=DIRECTION('',(-1.,0.,0.));
#1908=DIRECTION('',(0.,-1.,0.));
#1909=DIRECTION('',(1.,0.,0.));
#1910=DIRECTION('',(0.,-1.,0.));
#1911=DIRECTION('',(1.,0.,0.));
#1912=DIRECTION('',(-1.,0.,0.));
#1913=DIRECTION('',(0.,0.,1.));
#1914=DIRECTION('',(0.,0.,-1.));
#1915=DIRECTION('',(0.,-1.,0.));
#1916=DIRECTION('',(0.,0.,-1.));
#1917=DIRECTION('',(-1.,0.,0.));
#1918=DIRECTION('',(0.,0.,1.));
#1919=DIRECTION('',(0.,-1.,0.));
#1920=DIRECTION('',(0.,0.,-1.));
#1921=DIRECTION('',(0.,-1.,0.));
#1922=DIRECTION('',(0.,0.,-1.));
#1923=DIRECTION('',(0.,0.,-1.));
#1924=DIRECTION('',(-1.,0.,0.));
#1925=DIRECTION('',(1.,0.,0.));
#1926=DIRECTION('',(5.78241158658936E-17,-1.,0.));
#1927=DIRECTION('',(1.,0.,0.));
#1928=DIRECTION('',(0.,0.,-1.));
#1929=DIRECTION('',(-1.,0.,0.));
#1930=DIRECTION('',(5.78241158658936E-17,-1.,0.));
#1931=DIRECTION('',(1.,0.,0.));
#1932=DIRECTION('',(0.,-1.,0.));
#1933=DIRECTION('',(1.,0.,0.));
#1934=DIRECTION('',(-1.,0.,-2.16840434497101E-16));
#1935=DIRECTION('',(-2.16840434497101E-16,0.,1.));
#1936=DIRECTION('',(2.16840434497101E-16,0.,-1.));
#1937=DIRECTION('',(0.,-1.,0.));
#1938=DIRECTION('',(2.16840434497101E-16,0.,-1.));
#1939=DIRECTION('',(-1.,0.,0.));
#1940=DIRECTION('',(0.,0.,1.));
#1941=DIRECTION('',(0.,-1.,0.));
#1942=DIRECTION('',(0.,0.,-1.));
#1943=DIRECTION('',(0.,-1.,0.));
#1944=DIRECTION('',(0.,0.,-1.));
#1945=DIRECTION('',(0.,0.,-1.));
#1946=DIRECTION('',(-1.,0.,0.));
#1947=DIRECTION('',(1.,0.,0.));
#1948=DIRECTION('',(0.,-1.,0.));
#1949=DIRECTION('',(1.,0.,0.));
#1950=DIRECTION('',(0.,-1.,0.));
#1951=DIRECTION('',(1.,0.,0.));
#1952=DIRECTION('',(0.,0.,-1.));
#1953=DIRECTION('',(1.,0.,0.));
#1954=DIRECTION('',(0.,0.,-1.));
#1955=DIRECTION('',(1.,0.,0.));
#1956=DIRECTION('',(0.,1.,0.));
#1957=DIRECTION('',(0.,0.,1.));
#1958=DIRECTION('',(0.,0.,-1.));
#1959=DIRECTION('',(1.,0.,0.));
#1960=DIRECTION('',(0.,0.,-1.));
#1961=DIRECTION('',(1.,0.,0.));
#1962=DIRECTION('',(1.,0.,0.));
#1963=DIRECTION('',(0.,0.,-1.));
#1964=DIRECTION('',(0.,-1.,0.));
#1965=DIRECTION('',(0.,0.,-1.));
#1966=DIRECTION('',(0.,-1.,0.));
#1967=DIRECTION('',(0.,1.,0.));
#1968=DIRECTION('',(0.,0.,1.));
#1969=DIRECTION('',(1.,0.,0.));
#1970=DIRECTION('',(0.,0.,-1.));
#1971=DIRECTION('',(1.,0.,0.));
#1972=DIRECTION('',(1.,0.,0.));
#1973=DIRECTION('',(0.,0.,-1.));
#1974=DIRECTION('',(0.,-1.,0.));
#1975=DIRECTION('',(0.,-1.,0.));
#1976=DIRECTION('',(0.,0.,1.));
#1977=DIRECTION('',(1.,0.,0.));
#1978=DIRECTION('',(0.,0.,1.));
#1979=DIRECTION('',(1.,0.,0.));
#1980=DIRECTION('',(-1.89735380184963E-16,1.,0.));
#1981=DIRECTION('',(-1.,-1.89735380184963E-16,0.));
#1982=DIRECTION('',(0.,0.,-1.));
#1983=DIRECTION('',(1.,1.89735380184963E-16,0.));
#1984=DIRECTION('',(0.,0.,-1.));
#1985=DIRECTION('',(1.,1.89735380184963E-16,0.));
#1986=DIRECTION('',(1.,0.,0.));
#1987=DIRECTION('',(0.,0.,-1.));
#1988=DIRECTION('',(0.,-1.,0.));
#1989=DIRECTION('',(0.,0.,-1.));
#1990=DIRECTION('',(0.,-1.,0.));
#1991=DIRECTION('',(-1.62630325872825E-16,1.,0.));
#1992=DIRECTION('',(-1.,-1.62630325872825E-16,0.));
#1993=DIRECTION('',(1.,1.62630325872825E-16,0.));
#1994=DIRECTION('',(0.,0.,-1.));
#1995=DIRECTION('',(1.,1.62630325872825E-16,0.));
#1996=DIRECTION('',(1.,0.,0.));
#1997=DIRECTION('',(0.,0.,-1.));
#1998=DIRECTION('',(0.,-1.,0.));
#1999=DIRECTION('',(0.,-1.,0.));
#2000=DIRECTION('',(0.,0.,1.));
#2001=DIRECTION('',(1.,0.,0.));
#2002=DIRECTION('',(0.,0.,1.));
#2003=DIRECTION('',(1.,0.,0.));
#2004=DIRECTION('',(0.,0.,1.));
#2005=DIRECTION('',(1.,0.,0.));
#2006=DIRECTION('',(0.,0.,1.));
#2007=DIRECTION('',(1.,0.,0.));
#2008=DIRECTION('',(0.,0.,1.));
#2009=DIRECTION('',(1.,0.,0.));
#2010=DIRECTION('',(0.,0.,1.));
#2011=DIRECTION('',(1.,0.,0.));
#2012=DIRECTION('',(0.,0.,1.));
#2013=DIRECTION('',(1.,0.,0.));
#2014=DIRECTION('',(0.,0.,1.));
#2015=DIRECTION('',(1.,0.,0.));
#2016=DIRECTION('',(0.,0.,-1.));
#2017=DIRECTION('',(-1.,0.,0.));
#2018=DIRECTION('',(0.,0.,1.));
#2019=DIRECTION('',(1.,0.,0.));
#2020=DIRECTION('',(-0.707106781186548,0.,-0.707106781186548));
#2021=DIRECTION('',(-0.707106781186548,0.,0.707106781186548));
#2022=DIRECTION('',(1.,0.,0.));
#2023=DIRECTION('',(0.,0.,-1.));
#2024=DIRECTION('',(1.,0.,0.));
#2025=DIRECTION('',(0.,0.,-1.));
#2026=DIRECTION('',(0.,-1.,0.));
#2027=DIRECTION('',(0.,0.,-1.));
#2028=DIRECTION('',(-1.,0.,0.));
#2029=DIRECTION('',(0.,0.,1.));
#2030=DIRECTION('',(-1.,5.98791689440537E-16,0.));
#2031=DIRECTION('',(-5.98791689440537E-16,-1.,0.));
#2032=DIRECTION('',(0.,1.,0.));
#2033=DIRECTION('',(0.,0.,1.));
#2034=DIRECTION('',(0.707106781186548,0.707106781186548,0.));
#2035=DIRECTION('',(-0.707106781186548,0.707106781186548,0.));
#2036=DIRECTION('',(-1.,0.,0.));
#2037=DIRECTION('',(0.,0.,1.));
#2038=DIRECTION('',(-1.,0.,1.19758337888107E-15));
#2039=DIRECTION('',(1.19758337888107E-15,0.,1.));
#2040=DIRECTION('',(0.,0.,-1.));
#2041=DIRECTION('',(-1.,0.,0.));
#2042=DIRECTION('',(0.,0.,-1.));
#2043=DIRECTION('',(-1.,0.,0.));
#2044=DIRECTION('',(0.,0.,1.));
#2045=DIRECTION('',(1.,0.,0.));
#2046=DIRECTION('',(-1.19758337888107E-15,-1.,0.));
#2047=DIRECTION('',(1.,-1.19758337888107E-15,0.));
#2048=DIRECTION('',(0.,-1.,0.));
#2049=DIRECTION('',(0.,0.,-1.));
#2050=DIRECTION('',(1.,0.,0.));
#2051=DIRECTION('',(0.,0.,-1.));
#2052=DIRECTION('',(0.707106781186548,-0.707106781186548,0.));
#2053=DIRECTION('',(-0.707106781186548,-0.707106781186548,0.));
#2054=DIRECTION('',(0.,0.,1.));
#2055=DIRECTION('',(1.,0.,0.));
#2056=DIRECTION('',(0.,-1.19758337888107E-15,-1.));
#2057=DIRECTION('',(0.,1.,-1.19758337888107E-15));
#2058=DIRECTION('',(0.707106781186548,0.,0.707106781186548));
#2059=DIRECTION('',(-0.707106781186548,0.,0.707106781186548));
#2060=DIRECTION('',(-1.19758337888107E-15,-1.,0.));
#2061=DIRECTION('',(1.,-1.19758337888107E-15,0.));
#2062=DIRECTION('',(0.,-1.,0.));
#2063=DIRECTION('',(0.,0.,-1.));
#2064=DIRECTION('',(-5.78241158658936E-17,1.,0.));
#2065=DIRECTION('',(-1.,-5.78241158658936E-17,0.));
#2066=DIRECTION('',(4.088782444489E-17,-0.707106781186548,0.707106781186548));
#2067=DIRECTION('',(-4.088782444489E-17,0.707106781186548,0.707106781186548));
#2068=DIRECTION('',(0.,-1.,0.));
#2069=DIRECTION('',(0.,0.,-1.));
#2070=DIRECTION('',(0.,-1.,0.));
#2071=DIRECTION('',(0.,0.,-1.));
#2072=DIRECTION('',(0.,-1.,0.));
#2073=DIRECTION('',(0.,0.,-1.));
#2074=DIRECTION('',(0.707106781186548,-0.707106781186548,0.));
#2075=DIRECTION('',(0.707106781186548,0.707106781186548,0.));
#2076=DIRECTION('',(1.19758337888107E-15,1.,0.));
#2077=DIRECTION('',(-1.,1.19758337888107E-15,0.));
#2078=DIRECTION('',(1.,0.,0.));
#2079=DIRECTION('',(0.,0.,-1.));
#2080=DIRECTION('',(0.707106781186548,0.,-0.707106781186548));
#2081=DIRECTION('',(-0.707106781186548,0.,-0.707106781186548));
#2082=DIRECTION('',(-1.,0.,1.19758337888107E-15));
#2083=DIRECTION('',(1.19758337888107E-15,0.,1.));
#2084=DIRECTION('',(-1.,0.,0.));
#2085=DIRECTION('',(0.,0.,1.));
#2086=DIRECTION('',(1.,0.,0.));
#2087=DIRECTION('',(0.,0.,-1.));
#2088=DIRECTION('',(1.,0.,0.));
#2089=DIRECTION('',(0.,0.,-1.));
#2090=DIRECTION('',(-5.78241158658936E-17,1.,0.));
#2091=DIRECTION('',(-1.,-5.78241158658936E-17,0.));
#2092=DIRECTION('',(0.,1.,0.));
#2093=DIRECTION('',(0.,0.,1.));
#2094=DIRECTION('',(0.,0.,1.));
#2095=DIRECTION('',(1.,0.,0.));
#2096=DIRECTION('',(0.,0.,1.));
#2097=DIRECTION('',(1.,0.,0.));
#2098=DIRECTION('',(0.,0.,-1.));
#2099=DIRECTION('',(-1.,0.,0.));
#2100=DIRECTION('',(0.,0.,1.));
#2101=DIRECTION('',(1.,0.,0.));
#2102=DIRECTION('',(4.088782444489E-17,-0.707106781186548,-0.707106781186548));
#2103=DIRECTION('',(4.088782444489E-17,-0.707106781186548,0.707106781186548));
#2104=DIRECTION('',(0.,0.,1.));
#2105=DIRECTION('',(1.,0.,0.));
#2106=DIRECTION('',(0.,0.,1.));
#2107=DIRECTION('',(1.,0.,0.));
#2108=DIRECTION('',(-1.,0.,0.));
#2109=DIRECTION('',(0.,0.,1.));
#2110=DIRECTION('',(-1.,0.,0.));
#2111=DIRECTION('',(0.,0.,1.));
#2112=DIRECTION('',(1.,0.,0.));
#2113=DIRECTION('',(0.,0.,-1.));
#2114=DIRECTION('',(0.,1.,0.));
#2115=DIRECTION('',(0.,0.,1.));
#2116=DIRECTION('',(1.,0.,0.));
#2117=DIRECTION('',(0.,0.,-1.));
#2118=DIRECTION('',(0.,0.,-1.));
#2119=DIRECTION('',(-1.,0.,0.));
#2120=DIRECTION('',(0.,0.,-1.));
#2121=DIRECTION('',(-1.,0.,0.));
#2122=DIRECTION('',(-1.,0.,0.));
#2123=DIRECTION('',(0.,0.,1.));
#2124=DIRECTION('',(1.,0.,0.));
#2125=DIRECTION('',(0.,0.,-1.));
#2126=DIRECTION('',(0.,0.,1.));
#2127=DIRECTION('',(1.,0.,0.));
#2128=DIRECTION('',(0.,1.,0.));
#2129=DIRECTION('',(0.,0.,1.));
#2130=DIRECTION('',(5.78241158658936E-17,-1.,0.));
#2131=DIRECTION('',(1.,5.78241158658936E-17,0.));
#2132=DIRECTION('',(0.,-1.,0.));
#2133=DIRECTION('',(0.,0.,-1.));
#2134=DIRECTION('',(0.,0.,1.));
#2135=DIRECTION('',(1.,0.,0.));
#2136=DIRECTION('',(-0.707106781186548,0.,0.707106781186548));
#2137=DIRECTION('',(-0.707106781186548,0.,-0.707106781186548));
#2138=DIRECTION('',(0.,0.,1.));
#2139=DIRECTION('',(1.,0.,0.));
#2140=DIRECTION('',(0.,0.,1.));
#2141=DIRECTION('',(1.,0.,0.));
#2142=DIRECTION('',(0.,-1.,0.));
#2143=DIRECTION('',(0.,0.,-1.));
#2144=DIRECTION('',(0.,-1.,0.));
#2145=DIRECTION('',(0.,0.,-1.));
#2146=DIRECTION('',(0.,1.,0.));
#2147=DIRECTION('',(0.,0.,1.));
#2148=DIRECTION('',(1.,0.,0.));
#2149=DIRECTION('',(0.,0.,-1.));
#2150=DIRECTION('',(-1.,0.,0.));
#2151=DIRECTION('',(0.,0.,1.));
#2152=DIRECTION('',(0.,1.,0.));
#2153=DIRECTION('',(0.,0.,1.));
#2154=DIRECTION('',(0.,1.,-1.19758337888107E-15));
#2155=DIRECTION('',(0.,1.19758337888107E-15,1.));
#2156=DIRECTION('',(5.78241158658936E-17,-1.,0.));
#2157=DIRECTION('',(1.,5.78241158658936E-17,0.));
#2158=DIRECTION('',(0.,-1.,0.));
#2159=DIRECTION('',(0.,0.,-1.));
#2160=DIRECTION('',(0.,0.,-1.));
#2161=DIRECTION('',(-1.,0.,0.));
#2162=DIRECTION('',(0.,0.,1.));
#2163=DIRECTION('',(1.,0.,0.));
#2164=DIRECTION('',(0.,0.,-1.));
#2165=DIRECTION('',(-1.,0.,0.));
#2166=DIRECTION('',(-1.,0.,0.));
#2167=DIRECTION('',(0.,0.,1.));
#2168=DIRECTION('',(-1.,0.,1.79637506832161E-15));
#2169=DIRECTION('',(1.79637506832161E-15,0.,1.));
#2170=DIRECTION('',(-1.,0.,0.));
#2171=DIRECTION('',(0.,0.,1.));
#2172=DIRECTION('',(1.,0.,0.));
#2173=DIRECTION('',(0.,0.,-1.));
#2174=DIRECTION('',(0.,0.,1.));
#2175=DIRECTION('',(1.,0.,0.));
#2176=DIRECTION('',(0.,0.,-1.));
#2177=DIRECTION('',(-1.,0.,0.));
#2178=DIRECTION('',(0.,1.,0.));
#2179=DIRECTION('',(0.,0.,1.));
#2180=DIRECTION('',(0.,0.,-1.));
#2181=DIRECTION('',(-1.,0.,0.));
#2182=DIRECTION('',(0.,1.,0.));
#2183=DIRECTION('',(0.,0.,1.));
#2184=DIRECTION('',(0.707106781186548,0.707106781186548,0.));
#2185=DIRECTION('',(0.707106781186548,-0.707106781186548,0.));
#2186=DIRECTION('',(-1.,0.,1.19758337888107E-15));
#2187=DIRECTION('',(1.19758337888107E-15,0.,1.));
#2188=DIRECTION('',(-1.,1.19758337888107E-15,0.));
#2189=DIRECTION('',(-1.19758337888107E-15,-1.,0.));
#2190=DIRECTION('',(1.,0.,0.));
#2191=DIRECTION('',(0.,0.,-1.));
#2192=DIRECTION('',(0.707106781186548,0.,-0.707106781186548));
#2193=DIRECTION('',(0.707106781186548,0.,0.707106781186548));
#2194=DIRECTION('',(0.,-1.,0.));
#2195=DIRECTION('',(0.,0.,-1.));
#2196=DIRECTION('',(0.,-1.,0.));
#2197=DIRECTION('',(0.,0.,-1.));
#2198=DIRECTION('',(0.,0.,-1.));
#2199=DIRECTION('',(-1.,0.,0.));
#2200=DIRECTION('',(0.,0.,1.));
#2201=DIRECTION('',(1.,0.,0.));
#2202=DIRECTION('',(1.,0.,0.));
#2203=DIRECTION('',(0.,0.,-1.));
#2204=DIRECTION('',(-1.,0.,0.));
#2205=DIRECTION('',(0.,0.,1.));
#2206=DIRECTION('',(1.,0.,0.));
#2207=DIRECTION('',(0.,0.,-1.));
#2208=DIRECTION('',(1.,0.,1.19758337888107E-15));
#2209=DIRECTION('',(1.19758337888107E-15,0.,-1.));
#2210=DIRECTION('',(2.16840434497101E-16,0.,-1.));
#2211=DIRECTION('',(-1.,0.,-2.16840434497101E-16));
#2212=DIRECTION('',(1.49697922360134E-16,-1.19758337888107E-15,-1.));
#2213=DIRECTION('',(0.,1.,-1.19758337888107E-15));
#2214=DIRECTION('',(0.,-1.,0.));
#2215=DIRECTION('',(0.,0.,-1.));
#2216=DIRECTION('',(0.,-0.707106781186548,0.707106781186548));
#2217=DIRECTION('',(0.,-0.707106781186548,-0.707106781186548));
#2218=DIRECTION('',(0.,0.,1.));
#2219=DIRECTION('',(1.,0.,0.));
#2220=DIRECTION('',(0.,1.,0.));
#2221=DIRECTION('',(0.,0.,1.));
#2222=DIRECTION('',(0.,-1.,1.19758337888107E-15));
#2223=DIRECTION('',(0.,-1.19758337888107E-15,-1.));
#2224=DIRECTION('',(0.,-1.,0.));
#2225=DIRECTION('',(0.,0.,-1.));
#2226=DIRECTION('',(0.,0.,-1.));
#2227=DIRECTION('',(-1.,0.,0.));
#2228=DIRECTION('',(0.,0.707106781186548,0.707106781186548));
#2229=DIRECTION('',(0.,0.707106781186548,-0.707106781186548));
#2230=DIRECTION('',(0.,1.,0.));
#2231=DIRECTION('',(0.,0.,1.));
#2232=DIRECTION('',(0.,-1.,0.));
#2233=DIRECTION('',(0.,0.,-1.));
#2234=DIRECTION('',(0.,-1.,0.));
#2235=DIRECTION('',(0.,0.,-1.));
#2236=DIRECTION('',(-0.707106781186548,-0.707106781186548,0.));
#2237=DIRECTION('',(0.707106781186548,-0.707106781186548,0.));
#2238=DIRECTION('',(0.,1.,0.));
#2239=DIRECTION('',(0.,0.,1.));
#2240=DIRECTION('',(0.,-1.,0.));
#2241=DIRECTION('',(0.,0.,-1.));
#2242=DIRECTION('',(0.,0.,1.));
#2243=DIRECTION('',(1.,0.,0.));
#2244=DIRECTION('',(0.,-1.19758337888107E-15,-1.));
#2245=DIRECTION('',(0.,1.,-1.19758337888107E-15));
#2246=DIRECTION('',(-1.19758337888107E-15,0.,1.));
#2247=DIRECTION('',(1.,0.,1.19758337888107E-15));
#2248=DIRECTION('',(1.,0.,0.));
#2249=DIRECTION('',(0.,0.,-1.));
#2250=DIRECTION('',(1.,0.,0.));
#2251=DIRECTION('',(0.,0.,-1.));
#2252=DIRECTION('',(-1.,0.,0.));
#2253=DIRECTION('',(0.,0.,1.));
#2254=DIRECTION('',(-0.707106781186548,0.707106781186548,0.));
#2255=DIRECTION('',(0.707106781186548,0.707106781186548,0.));
#2256=DIRECTION('',(1.,0.,1.19758337888107E-15));
#2257=DIRECTION('',(1.19758337888107E-15,0.,-1.));
#2258=DIRECTION('',(1.,0.,0.));
#2259=DIRECTION('',(0.,0.,-1.));
#2260=DIRECTION('',(1.,0.,0.));
#2261=DIRECTION('',(0.,0.,-1.));
#2262=DIRECTION('',(-1.,0.,0.));
#2263=DIRECTION('',(0.,0.,1.));
#2264=DIRECTION('',(0.,1.,0.));
#2265=DIRECTION('',(0.,0.,1.));
#2266=DIRECTION('',(0.,-1.,0.));
#2267=DIRECTION('',(0.,0.,-1.));
#2268=DIRECTION('',(1.,0.,0.));
#2269=DIRECTION('',(0.,0.,-1.));
#2270=DIRECTION('',(0.707106781186548,0.,0.707106781186548));
#2271=DIRECTION('',(0.707106781186548,0.,-0.707106781186548));
#2272=DIRECTION('',(0.,0.,-1.));
#2273=DIRECTION('',(-1.,0.,0.));
#2274=DIRECTION('',(1.19758337888107E-15,0.,-1.));
#2275=DIRECTION('',(-1.,0.,-1.19758337888107E-15));
#2276=DIRECTION('',(0.,0.,1.));
#2277=DIRECTION('',(1.,0.,0.));
#2278=DIRECTION('',(0.,-1.,0.));
#2279=DIRECTION('',(0.,0.,-1.));
#2280=DIRECTION('',(0.707106781186548,-0.707106781186548,0.));
#2281=DIRECTION('',(0.707106781186548,0.707106781186548,0.));
#2282=DIRECTION('',(-0.707106781186548,-0.707106781186548,0.));
#2283=DIRECTION('',(-0.707106781186548,0.707106781186548,0.));
#2284=DIRECTION('',(-1.,0.,0.));
#2285=DIRECTION('',(0.,0.,1.));
#2286=DIRECTION('',(-0.707106781186548,0.707106781186548,0.));
#2287=DIRECTION('',(-0.707106781186548,-0.707106781186548,0.));
#2288=DIRECTION('',(1.,0.,0.));
#2289=DIRECTION('',(0.,0.,-1.));
#2290=DIRECTION('',(0.707106781186548,0.707106781186548,0.));
#2291=DIRECTION('',(0.707106781186548,-0.707106781186548,0.));
#2292=DIRECTION('',(0.,1.,0.));
#2293=DIRECTION('',(0.,0.,1.));
#2294=DIRECTION('',(0.,-1.,0.));
#2295=DIRECTION('',(0.,0.,-1.));
#2296=DIRECTION('',(0.707106781186548,-0.707106781186548,0.));
#2297=DIRECTION('',(0.707106781186548,0.707106781186548,0.));
#2298=DIRECTION('',(-0.707106781186548,-0.707106781186548,0.));
#2299=DIRECTION('',(-0.707106781186548,0.707106781186548,0.));
#2300=DIRECTION('',(-1.,-1.89735380184963E-16,0.));
#2301=DIRECTION('',(1.89735380184963E-16,-1.,0.));
#2302=DIRECTION('',(-0.707106781186548,0.707106781186548,0.));
#2303=DIRECTION('',(-0.707106781186548,-0.707106781186548,0.));
#2304=DIRECTION('',(1.,1.62630325872825E-16,0.));
#2305=DIRECTION('',(-1.62630325872825E-16,1.,0.));
#2306=DIRECTION('',(0.707106781186548,0.707106781186548,0.));
#2307=DIRECTION('',(0.707106781186548,-0.707106781186548,0.));
#2308=DIRECTION('',(0.,1.,0.));
#2309=DIRECTION('',(0.,0.,1.));
#2310=CARTESIAN_POINT('',(0.,0.,0.));
#2311=CARTESIAN_POINT('',(0.022,-0.033,0.025));
#2312=CARTESIAN_POINT('',(0.006,-0.033,0.01972426));
#2313=CARTESIAN_POINT('',(0.00272426,-0.033,0.01972426));
#2314=CARTESIAN_POINT('',(0.00527574,-0.033,0.01972426));
#2315=CARTESIAN_POINT('',(0.00527574,-0.033,0.025));
#2316=CARTESIAN_POINT('',(0.00527574,-0.033,0.02227574));
#2317=CARTESIAN_POINT('',(0.002,-0.033,0.02227574));
#2318=CARTESIAN_POINT('',(0.00272426,-0.033,0.02227574));
#2319=CARTESIAN_POINT('',(0.00272426,-0.033,0.025));
#2320=CARTESIAN_POINT('',(0.022,-0.033,0.025));
#2321=CARTESIAN_POINT('',(0.022,-0.033,0.00072426));
#2322=CARTESIAN_POINT('',(0.00272426,-0.033,0.00072426));
#2323=CARTESIAN_POINT('',(0.00527574,-0.033,0.00072426));
#2324=CARTESIAN_POINT('',(0.00527574,-0.033,0.025));
#2325=CARTESIAN_POINT('',(0.00527574,-0.033,0.00327574));
#2326=CARTESIAN_POINT('',(0.022,-0.033,0.00327574));
#2327=CARTESIAN_POINT('',(0.00272426,-0.033,0.00327574));
#2328=CARTESIAN_POINT('',(0.00272426,-0.033,0.025));
#2329=CARTESIAN_POINT('',(0.022,-0.033,0.025));
#2330=CARTESIAN_POINT('',(0.038,-0.033,0.02227574));
#2331=CARTESIAN_POINT('',(0.04127574,-0.033,0.02227574));
#2332=CARTESIAN_POINT('',(0.03872426,-0.033,0.02227574));
#2333=CARTESIAN_POINT('',(0.03872426,-0.033,0.019));
#2334=CARTESIAN_POINT('',(0.03872426,-0.033,0.01972426));
#2335=CARTESIAN_POINT('',(0.042,-0.033,0.01972426));
#2336=CARTESIAN_POINT('',(0.04127574,-0.033,0.01972426));
#2337=CARTESIAN_POINT('',(0.04127574,-0.033,0.023));
#2338=CARTESIAN_POINT('',(0.042,-0.018,0.025));
#2339=CARTESIAN_POINT('',(0.042,-0.02827574,0.025));
#2340=CARTESIAN_POINT('',(0.042,-0.02827574,0.01972426));
#2341=CARTESIAN_POINT('',(0.042,-0.02827574,0.00327574));
#2342=CARTESIAN_POINT('',(0.042,-0.033,0.00327574));
#2343=CARTESIAN_POINT('',(0.042,-0.03227574,0.00327574));
#2344=CARTESIAN_POINT('',(0.042,-0.03227574,0.));
#2345=CARTESIAN_POINT('',(0.042,-0.03227574,0.00072426));
#2346=CARTESIAN_POINT('',(0.042,-0.003,0.00072426));
#2347=CARTESIAN_POINT('',(0.042,-0.00372426,0.00072426));
#2348=CARTESIAN_POINT('',(0.042,-0.00372426,0.025));
#2349=CARTESIAN_POINT('',(0.042,-0.00372426,0.02227574));
#2350=CARTESIAN_POINT('',(0.042,-0.018,0.02227574));
#2351=CARTESIAN_POINT('',(0.042,-0.03227574,0.02227574));
#2352=CARTESIAN_POINT('',(0.042,-0.03227574,0.019));
#2353=CARTESIAN_POINT('',(0.042,-0.03227574,0.01972426));
#2354=CARTESIAN_POINT('',(0.042,-0.018,0.01972426));
#2355=CARTESIAN_POINT('',(0.022,-0.0165,0.023));
#2356=CARTESIAN_POINT('',(0.03872426,-0.026,0.023));
#2357=CARTESIAN_POINT('',(0.03872426,-0.01727574,0.023));
#2358=CARTESIAN_POINT('',(0.03872426,-0.02672426,0.023));
#2359=CARTESIAN_POINT('',(0.022,-0.02672426,0.023));
#2360=CARTESIAN_POINT('',(0.00527574,-0.02672426,0.023));
#2361=CARTESIAN_POINT('',(0.00527574,-0.0165,0.023));
#2362=CARTESIAN_POINT('',(0.00527574,-0.01727574,0.023));
#2363=CARTESIAN_POINT('',(0.038,-0.01727574,0.023));
#2364=CARTESIAN_POINT('',(0.03872426,-0.014,0.023));
#2365=CARTESIAN_POINT('',(0.03872426,-0.00527574,0.023));
#2366=CARTESIAN_POINT('',(0.03872426,-0.01472426,0.023));
#2367=CARTESIAN_POINT('',(0.022,-0.01472426,0.023));
#2368=CARTESIAN_POINT('',(0.00527574,-0.01472426,0.023));
#2369=CARTESIAN_POINT('',(0.00527574,-0.0165,0.023));
#2370=CARTESIAN_POINT('',(0.00527574,-0.00527574,0.023));
#2371=CARTESIAN_POINT('',(0.038,-0.00527574,0.023));
#2372=CARTESIAN_POINT('',(0.022,-0.02827574,0.023));
#2373=CARTESIAN_POINT('',(0.00527574,-0.02827574,0.023));
#2374=CARTESIAN_POINT('',(0.03872426,-0.02827574,0.023));
#2375=CARTESIAN_POINT('',(0.03872426,-0.0165,0.023));
#2376=CARTESIAN_POINT('',(0.03872426,-0.03227574,0.023));
#2377=CARTESIAN_POINT('',(0.042,-0.03227574,0.023));
#2378=CARTESIAN_POINT('',(0.04127574,-0.03227574,0.023));
#2379=CARTESIAN_POINT('',(0.04127574,-0.0165,0.023));
#2380=CARTESIAN_POINT('',(0.04127574,-0.00372426,0.023));
#2381=CARTESIAN_POINT('',(0.022,-0.00372426,0.023));
#2382=CARTESIAN_POINT('',(0.00272426,-0.00372426,0.023));
#2383=CARTESIAN_POINT('',(0.00272426,-0.033,0.023));
#2384=CARTESIAN_POINT('',(0.00272426,-0.03227574,0.023));
#2385=CARTESIAN_POINT('',(0.006,-0.03227574,0.023));
#2386=CARTESIAN_POINT('',(0.00527574,-0.03227574,0.023));
#2387=CARTESIAN_POINT('',(0.00527574,-0.029,0.023));
#2388=CARTESIAN_POINT('',(0.002,-0.018,0.025));
#2389=CARTESIAN_POINT('',(0.002,-0.018,0.00072426));
#2390=CARTESIAN_POINT('',(0.002,-0.00372426,0.00072426));
#2391=CARTESIAN_POINT('',(0.002,-0.03227574,0.00072426));
#2392=CARTESIAN_POINT('',(0.002,-0.03227574,0.025));
#2393=CARTESIAN_POINT('',(0.002,-0.03227574,0.00327574));
#2394=CARTESIAN_POINT('',(0.002,-0.018,0.00327574));
#2395=CARTESIAN_POINT('',(0.002,-0.02827574,0.00327574));
#2396=CARTESIAN_POINT('',(0.002,-0.02827574,0.019));
#2397=CARTESIAN_POINT('',(0.002,-0.02827574,0.01972426));
#2398=CARTESIAN_POINT('',(0.002,-0.033,0.01972426));
#2399=CARTESIAN_POINT('',(0.002,-0.03227574,0.01972426));
#2400=CARTESIAN_POINT('',(0.002,-0.03227574,0.025));
#2401=CARTESIAN_POINT('',(0.002,-0.03227574,0.02227574));
#2402=CARTESIAN_POINT('',(0.002,-0.003,0.02227574));
#2403=CARTESIAN_POINT('',(0.002,-0.00372426,0.02227574));
#2404=CARTESIAN_POINT('',(0.002,-0.00372426,0.));
#2405=CARTESIAN_POINT('',(0.022,-0.033,0.025));
#2406=CARTESIAN_POINT('',(0.022,-0.033,0.00327574));
#2407=CARTESIAN_POINT('',(0.04127574,-0.033,0.00327574));
#2408=CARTESIAN_POINT('',(0.03872426,-0.033,0.00327574));
#2409=CARTESIAN_POINT('',(0.03872426,-0.033,0.));
#2410=CARTESIAN_POINT('',(0.03872426,-0.033,0.00072426));
#2411=CARTESIAN_POINT('',(0.022,-0.033,0.00072426));
#2412=CARTESIAN_POINT('',(0.04127574,-0.033,0.00072426));
#2413=CARTESIAN_POINT('',(0.04127574,-0.033,0.004));
#2414=CARTESIAN_POINT('',(0.022,-0.0165,0.025));
#2415=CARTESIAN_POINT('',(0.044,-0.0015,0.025));
#2416=CARTESIAN_POINT('',(0.044,-0.00072426,0.025));
#2417=CARTESIAN_POINT('',(0.044,-0.003,0.025));
#2418=CARTESIAN_POINT('',(0.022,-0.00072426,0.025));
#2419=CARTESIAN_POINT('',(0.,-0.00072426,0.025));
#2420=CARTESIAN_POINT('',(0.,-0.0015,0.025));
#2421=CARTESIAN_POINT('',(0.,-0.003,0.025));
#2422=CARTESIAN_POINT('',(0.043,-0.003,0.025));
#2423=CARTESIAN_POINT('',(0.044,-0.0015,0.025));
#2424=CARTESIAN_POINT('',(0.044,-0.003,0.025));
#2425=CARTESIAN_POINT('',(0.044,-0.003,0.00072426));
#2426=CARTESIAN_POINT('',(0.044,0.,0.00072426));
#2427=CARTESIAN_POINT('',(0.044,-0.00072426,0.00072426));
#2428=CARTESIAN_POINT('',(0.044,-0.00072426,0.025));
#2429=CARTESIAN_POINT('',(0.022,0.,0.025));
#2430=CARTESIAN_POINT('',(0.00072426,0.,0.025));
#2431=CARTESIAN_POINT('',(0.00072426,0.,0.00072426));
#2432=CARTESIAN_POINT('',(0.00072426,0.,0.02427574));
#2433=CARTESIAN_POINT('',(0.022,0.,0.02427574));
#2434=CARTESIAN_POINT('',(0.04327574,0.,0.02427574));
#2435=CARTESIAN_POINT('',(0.04327574,0.,0.025));
#2436=CARTESIAN_POINT('',(0.04327574,0.,0.00072426));
#2437=CARTESIAN_POINT('',(0.,0.,0.00072426));
#2438=CARTESIAN_POINT('',(0.,-0.0015,0.025));
#2439=CARTESIAN_POINT('',(0.,-0.00072426,0.));
#2440=CARTESIAN_POINT('',(0.,-0.00072426,0.00072426));
#2441=CARTESIAN_POINT('',(0.,-0.0015,0.00072426));
#2442=CARTESIAN_POINT('',(0.,-0.003,0.00072426));
#2443=CARTESIAN_POINT('',(0.,-0.003,0.025));
#2444=CARTESIAN_POINT('',(0.001,-0.003,0.025));
#2445=CARTESIAN_POINT('',(0.001,-0.003,0.00072426));
#2446=CARTESIAN_POINT('',(0.00127574,-0.003,0.00072426));
#2447=CARTESIAN_POINT('',(0.00127574,-0.003,0.023));
#2448=CARTESIAN_POINT('',(0.00127574,-0.003,0.02227574));
#2449=CARTESIAN_POINT('',(0.00272426,-0.003,0.02227574));
#2450=CARTESIAN_POINT('',(0.00272426,-0.003,0.02372426));
#2451=CARTESIAN_POINT('',(0.001,-0.003,0.02372426));
#2452=CARTESIAN_POINT('',(0.04127574,-0.003,0.02372426));
#2453=CARTESIAN_POINT('',(0.04127574,-0.003,0.02227574));
#2454=CARTESIAN_POINT('',(0.04272426,-0.003,0.02227574));
#2455=CARTESIAN_POINT('',(0.04272426,-0.003,0.025));
#2456=CARTESIAN_POINT('',(0.04272426,-0.003,0.00072426));
#2457=CARTESIAN_POINT('',(0.001,-0.003,0.00072426));
#2458=CARTESIAN_POINT('',(0.022,-0.0165,0.));
#2459=CARTESIAN_POINT('',(0.04127574,-0.033,0.));
#2460=CARTESIAN_POINT('',(0.04127574,-0.00372426,0.));
#2461=CARTESIAN_POINT('',(0.04127574,-0.03227574,0.));
#2462=CARTESIAN_POINT('',(0.022,-0.03227574,0.));
#2463=CARTESIAN_POINT('',(0.03872426,-0.03227574,0.));
#2464=CARTESIAN_POINT('',(0.03872426,-0.029,0.));
#2465=CARTESIAN_POINT('',(0.03872426,-0.02827574,0.));
#2466=CARTESIAN_POINT('',(0.006,-0.02827574,0.));
#2467=CARTESIAN_POINT('',(0.00527574,-0.02827574,0.));
#2468=CARTESIAN_POINT('',(0.00527574,-0.0165,0.));
#2469=CARTESIAN_POINT('',(0.00527574,-0.03227574,0.));
#2470=CARTESIAN_POINT('',(0.022,-0.03227574,0.));
#2471=CARTESIAN_POINT('',(0.00272426,-0.03227574,0.));
#2472=CARTESIAN_POINT('',(0.00272426,-0.0165,0.));
#2473=CARTESIAN_POINT('',(0.00272426,-0.00372426,0.));
#2474=CARTESIAN_POINT('',(0.00127574,-0.00372426,0.));
#2475=CARTESIAN_POINT('',(0.00127574,-0.00227574,0.));
#2476=CARTESIAN_POINT('',(0.022,-0.00227574,0.));
#2477=CARTESIAN_POINT('',(0.00072426,-0.00227574,0.));
#2478=CARTESIAN_POINT('',(0.00072426,-0.0165,0.));
#2479=CARTESIAN_POINT('',(0.00072426,-0.00072426,0.));
#2480=CARTESIAN_POINT('',(0.044,-0.00072426,0.));
#2481=CARTESIAN_POINT('',(0.04327574,-0.00072426,0.));
#2482=CARTESIAN_POINT('',(0.04327574,-0.003,0.));
#2483=CARTESIAN_POINT('',(0.04327574,-0.00227574,0.));
#2484=CARTESIAN_POINT('',(0.022,-0.00227574,0.));
#2485=CARTESIAN_POINT('',(0.04272426,-0.00227574,0.));
#2486=CARTESIAN_POINT('',(0.04272426,-0.00372426,0.));
#2487=CARTESIAN_POINT('',(0.04,-0.029,0.019));
#2488=CARTESIAN_POINT('',(0.04127574,-0.029,0.019));
#2489=CARTESIAN_POINT('',(0.04127574,-0.029,0.019));
#2490=CARTESIAN_POINT('',(0.04127574,-0.03227574,0.019));
#2491=CARTESIAN_POINT('',(0.038,-0.03227574,0.019));
#2492=CARTESIAN_POINT('',(0.038,-0.03227574,0.019));
#2493=CARTESIAN_POINT('',(0.038,-0.029,0.019));
#2494=CARTESIAN_POINT('',(0.038,-0.029,0.019));
#2495=CARTESIAN_POINT('',(0.04,-0.029,0.019));
#2496=CARTESIAN_POINT('',(0.038,-0.029,0.021));
#2497=CARTESIAN_POINT('',(0.038,-0.03227574,0.023));
#2498=CARTESIAN_POINT('',(0.038,-0.03227574,0.02227574));
#2499=CARTESIAN_POINT('',(0.038,-0.029,0.02227574));
#2500=CARTESIAN_POINT('',(0.038,-0.029,0.02227574));
#2501=CARTESIAN_POINT('',(0.038,-0.029,0.021));
#2502=CARTESIAN_POINT('',(0.006,-0.029,0.021));
#2503=CARTESIAN_POINT('',(0.006,-0.033,0.02227574));
#2504=CARTESIAN_POINT('',(0.006,-0.029,0.02227574));
#2505=CARTESIAN_POINT('',(0.006,-0.03227574,0.02227574));
#2506=CARTESIAN_POINT('',(0.006,-0.03227574,0.021));
#2507=CARTESIAN_POINT('',(0.006,-0.03227574,0.019));
#2508=CARTESIAN_POINT('',(0.006,-0.029,0.019));
#2509=CARTESIAN_POINT('',(0.006,-0.029,0.019));
#2510=CARTESIAN_POINT('',(0.006,-0.029,0.021));
#2511=CARTESIAN_POINT('',(0.004,-0.029,0.019));
#2512=CARTESIAN_POINT('',(0.002,-0.03227574,0.019));
#2513=CARTESIAN_POINT('',(0.00272426,-0.03227574,0.019));
#2514=CARTESIAN_POINT('',(0.00272426,-0.029,0.019));
#2515=CARTESIAN_POINT('',(0.00272426,-0.029,0.019));
#2516=CARTESIAN_POINT('',(0.004,-0.029,0.019));
#2517=CARTESIAN_POINT('',(0.004,-0.029,0.004));
#2518=CARTESIAN_POINT('',(0.00272426,-0.029,0.004));
#2519=CARTESIAN_POINT('',(0.00272426,-0.029,0.004));
#2520=CARTESIAN_POINT('',(0.00272426,-0.03227574,0.004));
#2521=CARTESIAN_POINT('',(0.004,-0.03227574,0.004));
#2522=CARTESIAN_POINT('',(0.006,-0.03227574,0.004));
#2523=CARTESIAN_POINT('',(0.006,-0.029,0.004));
#2524=CARTESIAN_POINT('',(0.006,-0.029,0.004));
#2525=CARTESIAN_POINT('',(0.004,-0.029,0.004));
#2526=CARTESIAN_POINT('',(0.006,-0.029,0.002));
#2527=CARTESIAN_POINT('',(0.006,-0.03227574,0.002));
#2528=CARTESIAN_POINT('',(0.006,-0.03227574,0.00072426));
#2529=CARTESIAN_POINT('',(0.006,-0.029,0.00072426));
#2530=CARTESIAN_POINT('',(0.006,-0.029,0.00072426));
#2531=CARTESIAN_POINT('',(0.006,-0.029,0.002));
#2532=CARTESIAN_POINT('',(0.038,-0.029,0.002));
#2533=CARTESIAN_POINT('',(0.038,-0.033,0.00072426));
#2534=CARTESIAN_POINT('',(0.038,-0.029,0.00072426));
#2535=CARTESIAN_POINT('',(0.038,-0.03227574,0.00072426));
#2536=CARTESIAN_POINT('',(0.038,-0.03227574,0.004));
#2537=CARTESIAN_POINT('',(0.038,-0.03227574,0.004));
#2538=CARTESIAN_POINT('',(0.038,-0.029,0.004));
#2539=CARTESIAN_POINT('',(0.038,-0.029,0.004));
#2540=CARTESIAN_POINT('',(0.038,-0.029,0.002));
#2541=CARTESIAN_POINT('',(0.04,-0.029,0.004));
#2542=CARTESIAN_POINT('',(0.04,-0.03227574,0.004));
#2543=CARTESIAN_POINT('',(0.04127574,-0.03227574,0.004));
#2544=CARTESIAN_POINT('',(0.04127574,-0.029,0.004));
#2545=CARTESIAN_POINT('',(0.04127574,-0.029,0.004));
#2546=CARTESIAN_POINT('',(0.04,-0.029,0.004));
#2547=CARTESIAN_POINT('',(0.022,-0.029,0.0115));
#2548=CARTESIAN_POINT('',(0.00272426,-0.029,0.004));
#2549=CARTESIAN_POINT('',(0.038,-0.029,0.00072426));
#2550=CARTESIAN_POINT('',(0.04127574,-0.029,0.0115));
#2551=CARTESIAN_POINT('',(0.022,-0.029,0.02227574));
#2552=CARTESIAN_POINT('',(0.022,-0.018,0.024));
#2553=CARTESIAN_POINT('',(0.038,-0.018,0.024));
#2554=CARTESIAN_POINT('',(0.038,-0.018,0.024));
#2555=CARTESIAN_POINT('',(0.038,-0.018,0.02372426));
#2556=CARTESIAN_POINT('',(0.006,-0.018,0.02372426));
#2557=CARTESIAN_POINT('',(0.006,-0.018,0.02372426));
#2558=CARTESIAN_POINT('',(0.006,-0.018,0.024));
#2559=CARTESIAN_POINT('',(0.006,-0.018,0.024));
#2560=CARTESIAN_POINT('',(0.022,-0.018,0.024));
#2561=CARTESIAN_POINT('',(0.006,-0.022,0.024));
#2562=CARTESIAN_POINT('',(0.006,-0.022,0.02372426));
#2563=CARTESIAN_POINT('',(0.006,-0.026,0.02372426));
#2564=CARTESIAN_POINT('',(0.006,-0.026,0.024));
#2565=CARTESIAN_POINT('',(0.006,-0.026,0.024));
#2566=CARTESIAN_POINT('',(0.006,-0.022,0.024));
#2567=CARTESIAN_POINT('',(0.022,-0.026,0.024));
#2568=CARTESIAN_POINT('',(0.022,-0.026,0.02372426));
#2569=CARTESIAN_POINT('',(0.038,-0.026,0.02372426));
#2570=CARTESIAN_POINT('',(0.038,-0.026,0.024));
#2571=CARTESIAN_POINT('',(0.038,-0.026,0.024));
#2572=CARTESIAN_POINT('',(0.022,-0.026,0.024));
#2573=CARTESIAN_POINT('',(0.038,-0.022,0.024));
#2574=CARTESIAN_POINT('',(0.038,-0.018,0.02372426));
#2575=CARTESIAN_POINT('',(0.038,-0.022,0.024));
#2576=CARTESIAN_POINT('',(0.022,-0.018,0.024));
#2577=CARTESIAN_POINT('',(0.022,-0.022,0.024));
#2578=CARTESIAN_POINT('',(0.023,-0.022,0.024));
#2579=CARTESIAN_POINT('',(0.022,-0.006,0.024));
#2580=CARTESIAN_POINT('',(0.038,-0.006,0.024));
#2581=CARTESIAN_POINT('',(0.038,-0.006,0.024));
#2582=CARTESIAN_POINT('',(0.038,-0.006,0.02372426));
#2583=CARTESIAN_POINT('',(0.006,-0.006,0.02372426));
#2584=CARTESIAN_POINT('',(0.006,-0.006,0.02372426));
#2585=CARTESIAN_POINT('',(0.006,-0.006,0.024));
#2586=CARTESIAN_POINT('',(0.006,-0.006,0.024));
#2587=CARTESIAN_POINT('',(0.022,-0.006,0.024));
#2588=CARTESIAN_POINT('',(0.006,-0.01,0.024));
#2589=CARTESIAN_POINT('',(0.006,-0.01,0.02372426));
#2590=CARTESIAN_POINT('',(0.006,-0.014,0.02372426));
#2591=CARTESIAN_POINT('',(0.006,-0.014,0.024));
#2592=CARTESIAN_POINT('',(0.006,-0.014,0.024));
#2593=CARTESIAN_POINT('',(0.006,-0.01,0.024));
#2594=CARTESIAN_POINT('',(0.022,-0.014,0.024));
#2595=CARTESIAN_POINT('',(0.022,-0.014,0.02372426));
#2596=CARTESIAN_POINT('',(0.038,-0.014,0.02372426));
#2597=CARTESIAN_POINT('',(0.038,-0.014,0.024));
#2598=CARTESIAN_POINT('',(0.038,-0.014,0.024));
#2599=CARTESIAN_POINT('',(0.022,-0.014,0.024));
#2600=CARTESIAN_POINT('',(0.038,-0.01,0.024));
#2601=CARTESIAN_POINT('',(0.038,-0.006,0.02372426));
#2602=CARTESIAN_POINT('',(0.038,-0.01,0.024));
#2603=CARTESIAN_POINT('',(0.022,-0.018,0.024));
#2604=CARTESIAN_POINT('',(0.022,-0.01,0.024));
#2605=CARTESIAN_POINT('',(0.023,-0.01,0.024));
#2606=CARTESIAN_POINT('',(0.022,-0.01,0.0237));
#2607=CARTESIAN_POINT('',(0.022,-0.01,0.0237));
#2608=CARTESIAN_POINT('',(0.023,-0.01,0.0237));
#2609=CARTESIAN_POINT('',(0.022,-0.0145,0.0237));
#2610=CARTESIAN_POINT('',(0.022,-0.022,0.0237));
#2611=CARTESIAN_POINT('',(0.022,-0.022,0.0237));
#2612=CARTESIAN_POINT('',(0.023,-0.022,0.0237));
#2613=CARTESIAN_POINT('',(0.022,-0.0145,0.0237));
#2614=CARTESIAN_POINT('',(0.00527574,-0.03227574,0.021));
#2615=CARTESIAN_POINT('',(0.00527574,-0.03227574,0.02227574));
#2616=CARTESIAN_POINT('',(0.00527574,-0.03227574,0.01972426));
#2617=CARTESIAN_POINT('',(0.00527574,-0.03227574,0.02227574));
#2618=CARTESIAN_POINT('',(0.00527574,-0.03227574,0.02227574));
#2619=CARTESIAN_POINT('',(0.00527574,-0.03227574,0.02227574));
#2620=CARTESIAN_POINT('',(0.022,-0.03227574,0.01972426));
#2621=CARTESIAN_POINT('',(0.00272426,-0.03227574,0.01972426));
#2622=CARTESIAN_POINT('',(0.00527574,-0.029,0.02227574));
#2623=CARTESIAN_POINT('',(0.00527574,-0.02827574,0.02227574));
#2624=CARTESIAN_POINT('',(0.022,-0.03227574,0.02227574));
#2625=CARTESIAN_POINT('',(0.00272426,-0.03227574,0.02227574));
#2626=CARTESIAN_POINT('',(0.00272426,-0.03227574,0.025));
#2627=CARTESIAN_POINT('',(0.00272426,-0.03227574,0.01972426));
#2628=CARTESIAN_POINT('',(0.00272426,-0.03227574,0.02227574));
#2629=CARTESIAN_POINT('',(0.00272426,-0.03227574,0.01972426));
#2630=CARTESIAN_POINT('',(0.00272426,-0.03227574,0.01972426));
#2631=CARTESIAN_POINT('',(0.022,-0.02827574,0.02227574));
#2632=CARTESIAN_POINT('',(0.03872426,-0.02827574,0.02227574));
#2633=CARTESIAN_POINT('',(0.00072426,-0.00072426,0.025));
#2634=CARTESIAN_POINT('',(0.00072426,-0.00072426,0.00072426));
#2635=CARTESIAN_POINT('',(0.00072426,-0.00072426,0.02427574));
#2636=CARTESIAN_POINT('',(0.00272426,-0.03227574,0.02227574));
#2637=CARTESIAN_POINT('',(0.00272426,-0.03227574,0.02227574));
#2638=CARTESIAN_POINT('',(0.00272426,-0.018,0.01972426));
#2639=CARTESIAN_POINT('',(0.00272426,-0.02827574,0.01972426));
#2640=CARTESIAN_POINT('',(0.03872426,-0.0165,0.02227574));
#2641=CARTESIAN_POINT('',(0.03872426,-0.03227574,0.02227574));
#2642=CARTESIAN_POINT('',(0.00072426,-0.0015,0.00072426));
#2643=CARTESIAN_POINT('',(0.00072426,-0.00227574,0.00072426));
#2644=CARTESIAN_POINT('',(0.00072426,-0.00072426,0.00072426));
#2645=CARTESIAN_POINT('',(0.022,-0.00072426,0.02427574));
#2646=CARTESIAN_POINT('',(0.04327574,-0.00072426,0.02427574));
#2647=CARTESIAN_POINT('',(0.00072426,-0.00072426,0.00072426));
#2648=CARTESIAN_POINT('',(0.00072426,-0.00072426,0.00072426));
#2649=CARTESIAN_POINT('',(0.001,-0.00227574,0.00072426));
#2650=CARTESIAN_POINT('',(0.00127574,-0.00227574,0.00072426));
#2651=CARTESIAN_POINT('',(0.00272426,-0.0165,0.02227574));
#2652=CARTESIAN_POINT('',(0.00272426,-0.00372426,0.02227574));
#2653=CARTESIAN_POINT('',(0.00127574,-0.00372426,0.025));
#2654=CARTESIAN_POINT('',(0.00127574,-0.00372426,0.00072426));
#2655=CARTESIAN_POINT('',(0.00127574,-0.00372426,0.02227574));
#2656=CARTESIAN_POINT('',(0.00272426,-0.02827574,0.0115));
#2657=CARTESIAN_POINT('',(0.00272426,-0.02827574,0.00327574));
#2658=CARTESIAN_POINT('',(0.03872426,-0.03227574,0.02227574));
#2659=CARTESIAN_POINT('',(0.03872426,-0.03227574,0.02227574));
#2660=CARTESIAN_POINT('',(0.03872426,-0.03227574,0.02227574));
#2661=CARTESIAN_POINT('',(0.022,-0.03227574,0.02227574));
#2662=CARTESIAN_POINT('',(0.04127574,-0.03227574,0.02227574));
#2663=CARTESIAN_POINT('',(0.00272426,-0.00372426,0.02227574));
#2664=CARTESIAN_POINT('',(0.00272426,-0.00372426,0.02372426));
#2665=CARTESIAN_POINT('',(0.04327574,-0.00072426,0.025));
#2666=CARTESIAN_POINT('',(0.04327574,-0.00072426,0.00072426));
#2667=CARTESIAN_POINT('',(0.022,-0.00072426,0.00072426));
#2668=CARTESIAN_POINT('',(0.04327574,-0.00072426,0.00072426));
#2669=CARTESIAN_POINT('',(0.00127574,-0.00372426,0.00072426));
#2670=CARTESIAN_POINT('',(0.00272426,-0.00372426,0.00072426));
#2671=CARTESIAN_POINT('',(0.00272426,-0.029,0.00327574));
#2672=CARTESIAN_POINT('',(0.00272426,-0.03227574,0.00327574));
#2673=CARTESIAN_POINT('',(0.03872426,-0.03227574,0.025));
#2674=CARTESIAN_POINT('',(0.03872426,-0.03227574,0.01972426));
#2675=CARTESIAN_POINT('',(0.04127574,-0.03227574,0.02227574));
#2676=CARTESIAN_POINT('',(0.04127574,-0.03227574,0.02227574));
#2677=CARTESIAN_POINT('',(0.04127574,-0.03227574,0.02227574));
#2678=CARTESIAN_POINT('',(0.04127574,-0.018,0.02227574));
#2679=CARTESIAN_POINT('',(0.04127574,-0.00372426,0.02227574));
#2680=CARTESIAN_POINT('',(0.001,-0.00372426,0.02372426));
#2681=CARTESIAN_POINT('',(0.04127574,-0.00372426,0.02372426));
#2682=CARTESIAN_POINT('',(0.04327574,-0.00072426,0.00072426));
#2683=CARTESIAN_POINT('',(0.04327574,-0.00072426,0.00072426));
#2684=CARTESIAN_POINT('',(0.00272426,-0.018,0.00072426));
#2685=CARTESIAN_POINT('',(0.00272426,-0.03227574,0.00072426));
#2686=CARTESIAN_POINT('',(0.00272426,-0.03227574,0.025));
#2687=CARTESIAN_POINT('',(0.00272426,-0.03227574,0.00327574));
#2688=CARTESIAN_POINT('',(0.00272426,-0.03227574,0.00072426));
#2689=CARTESIAN_POINT('',(0.00272426,-0.03227574,0.00327574));
#2690=CARTESIAN_POINT('',(0.00272426,-0.03227574,0.00327574));
#2691=CARTESIAN_POINT('',(0.022,-0.03227574,0.01972426));
#2692=CARTESIAN_POINT('',(0.04127574,-0.03227574,0.01972426));
#2693=CARTESIAN_POINT('',(0.04127574,-0.03227574,0.025));
#2694=CARTESIAN_POINT('',(0.04127574,-0.03227574,0.01972426));
#2695=CARTESIAN_POINT('',(0.04127574,-0.00372426,0.02227574));
#2696=CARTESIAN_POINT('',(0.04272426,-0.00372426,0.02227574));
#2697=CARTESIAN_POINT('',(0.04327574,-0.0165,0.00072426));
#2698=CARTESIAN_POINT('',(0.04327574,-0.00227574,0.00072426));
#2699=CARTESIAN_POINT('',(0.00272426,-0.03227574,0.00072426));
#2700=CARTESIAN_POINT('',(0.00272426,-0.03227574,0.00072426));
#2701=CARTESIAN_POINT('',(0.004,-0.03227574,0.00327574));
#2702=CARTESIAN_POINT('',(0.00527574,-0.03227574,0.00327574));
#2703=CARTESIAN_POINT('',(0.04127574,-0.03227574,0.01972426));
#2704=CARTESIAN_POINT('',(0.04127574,-0.03227574,0.01972426));
#2705=CARTESIAN_POINT('',(0.04272426,-0.00372426,0.025));
#2706=CARTESIAN_POINT('',(0.04272426,-0.00372426,0.00072426));
#2707=CARTESIAN_POINT('',(0.001,-0.00227574,0.00072426));
#2708=CARTESIAN_POINT('',(0.04272426,-0.00227574,0.00072426));
#2709=CARTESIAN_POINT('',(0.022,-0.03227574,0.00072426));
#2710=CARTESIAN_POINT('',(0.00527574,-0.03227574,0.00072426));
#2711=CARTESIAN_POINT('',(0.00527574,-0.03227574,0.002));
#2712=CARTESIAN_POINT('',(0.00527574,-0.03227574,0.00072426));
#2713=CARTESIAN_POINT('',(0.04127574,-0.029,0.01972426));
#2714=CARTESIAN_POINT('',(0.04127574,-0.02827574,0.01972426));
#2715=CARTESIAN_POINT('',(0.04272426,-0.00372426,0.00072426));
#2716=CARTESIAN_POINT('',(0.04127574,-0.00372426,0.00072426));
#2717=CARTESIAN_POINT('',(0.00527574,-0.03227574,0.00072426));
#2718=CARTESIAN_POINT('',(0.00527574,-0.03227574,0.00072426));
#2719=CARTESIAN_POINT('',(0.04127574,-0.02827574,0.025));
#2720=CARTESIAN_POINT('',(0.04127574,-0.02827574,0.00327574));
#2721=CARTESIAN_POINT('',(0.04127574,-0.0165,0.00072426));
#2722=CARTESIAN_POINT('',(0.04127574,-0.03227574,0.00072426));
#2723=CARTESIAN_POINT('',(0.00527574,-0.0165,0.00072426));
#2724=CARTESIAN_POINT('',(0.00527574,-0.02827574,0.00072426));
#2725=CARTESIAN_POINT('',(0.04127574,-0.018,0.00327574));
#2726=CARTESIAN_POINT('',(0.04127574,-0.03227574,0.00327574));
#2727=CARTESIAN_POINT('',(0.04127574,-0.03227574,0.025));
#2728=CARTESIAN_POINT('',(0.04127574,-0.03227574,0.00072426));
#2729=CARTESIAN_POINT('',(0.04127574,-0.03227574,0.00327574));
#2730=CARTESIAN_POINT('',(0.04127574,-0.03227574,0.00072426));
#2731=CARTESIAN_POINT('',(0.04127574,-0.03227574,0.00072426));
#2732=CARTESIAN_POINT('',(0.022,-0.02827574,0.00072426));
#2733=CARTESIAN_POINT('',(0.03872426,-0.02827574,0.00072426));
#2734=CARTESIAN_POINT('',(0.04127574,-0.03227574,0.00327574));
#2735=CARTESIAN_POINT('',(0.04127574,-0.03227574,0.00327574));
#2736=CARTESIAN_POINT('',(0.022,-0.03227574,0.00072426));
#2737=CARTESIAN_POINT('',(0.03872426,-0.03227574,0.00072426));
#2738=CARTESIAN_POINT('',(0.03872426,-0.029,0.00072426));
#2739=CARTESIAN_POINT('',(0.03872426,-0.03227574,0.00072426));
#2740=CARTESIAN_POINT('',(0.04,-0.03227574,0.00327574));
#2741=CARTESIAN_POINT('',(0.03872426,-0.03227574,0.00327574));
#2742=CARTESIAN_POINT('',(0.03872426,-0.03227574,0.00072426));
#2743=CARTESIAN_POINT('',(0.03872426,-0.03227574,0.00072426));
#2744=CARTESIAN_POINT('',(0.03872426,-0.03227574,0.025));
#2745=CARTESIAN_POINT('',(0.00527574,-0.022,0.02372426));
#2746=CARTESIAN_POINT('',(0.00527574,-0.02672426,0.02372426));
#2747=CARTESIAN_POINT('',(0.00527574,-0.01727574,0.02372426));
#2748=CARTESIAN_POINT('',(0.022,-0.01727574,0.02372426));
#2749=CARTESIAN_POINT('',(0.03872426,-0.01727574,0.02372426));
#2750=CARTESIAN_POINT('',(0.022,-0.02672426,0.02372426));
#2751=CARTESIAN_POINT('',(0.03872426,-0.02672426,0.02372426));
#2752=CARTESIAN_POINT('',(0.03872426,-0.0165,0.02372426));
#2753=CARTESIAN_POINT('',(0.00527574,-0.01,0.02372426));
#2754=CARTESIAN_POINT('',(0.00527574,-0.01472426,0.02372426));
#2755=CARTESIAN_POINT('',(0.00527574,-0.00527574,0.02372426));
#2756=CARTESIAN_POINT('',(0.022,-0.00527574,0.02372426));
#2757=CARTESIAN_POINT('',(0.03872426,-0.00527574,0.02372426));
#2758=CARTESIAN_POINT('',(0.022,-0.01472426,0.02372426));
#2759=CARTESIAN_POINT('',(0.03872426,-0.01472426,0.02372426));
#2760=CARTESIAN_POINT('',(0.03872426,-0.0165,0.02372426));
#2761=MECHANICAL_DESIGN_GEOMETRIC_PRESENTATION_REPRESENTATION('',(#1588),
#2762);
#2762=(
GEOMETRIC_REPRESENTATION_CONTEXT(3)
GLOBAL_UNCERTAINTY_ASSIGNED_CONTEXT((#2763))
GLOBAL_UNIT_ASSIGNED_CONTEXT((#2766,#2765,#2764))
REPRESENTATION_CONTEXT('Dresser','TOP_LEVEL_ASSEMBLY_PART')
);
#2763=UNCERTAINTY_MEASURE_WITH_UNIT(LENGTH_MEASURE(1.E-8),#2766,
'DISTANCE_ACCURACY_VALUE','Maximum Tolerance applied to model');
#2764=(
NAMED_UNIT(*)
SI_UNIT($,.STERADIAN.)
SOLID_ANGLE_UNIT()
);
#2765=(
NAMED_UNIT(*)
PLANE_ANGLE_UNIT()
SI_UNIT($,.RADIAN.)
);
#2766=(
LENGTH_UNIT()
NAMED_UNIT(*)
SI_UNIT($,.METRE.)
);
#2767=PRODUCT_DEFINITION_SHAPE('','',#2768);
#2768=PRODUCT_DEFINITION('','',#2770,#2769);
#2769=PRODUCT_DEFINITION_CONTEXT('',#2776,'design');
#2770=PRODUCT_DEFINITION_FORMATION_WITH_SPECIFIED_SOURCE('','',#2772,
 .NOT_KNOWN.);
#2771=PRODUCT_RELATED_PRODUCT_CATEGORY('','',(#2772));
#2772=PRODUCT('Dresser','Dresser','Dresser',(#2774));
#2773=PRODUCT_CATEGORY('','');
#2774=PRODUCT_CONTEXT('',#2776,'mechanical');
#2775=APPLICATION_PROTOCOL_DEFINITION('international standard',
'ap242_managed_model_based_3d_engineering',2020,#2776);
#2776=APPLICATION_CONTEXT('managed model based 3d engineering');
ENDSEC;
END-ISO-10303-21;
