ISO-10303-21;
HEADER;
/* Generated by software containing ST-Developer
 * from STEP Tools, Inc. (www.steptools.com) 
 */
/* OPTION: using custom renumber hook */

FILE_DESCRIPTION(
/* description */ ('STEP AP242 Edition 2',
'CAx-IF Rec.Pracs.---Representation and Presentation of Product Manufa
cturing Information (PMI)---4.0---2014-10-13',
'CAx-IF Rec.Pracs.---3D Tessellated Geometry---0.4---2014-09-14','2;1',
'CAx-IF Rec.Pracs.---User Defined Attributes---1.5---2016-08-15'),
/* implementation_level */ '2;1');

FILE_NAME(
/* name */ 'Assembly 1 - Chair',
/* time_stamp */ '2026-09-04T01:58:22Z',
/* author */ (''),
/* organization */ (''),
/* preprocessor_version */ 'ST-DEVELOPER v20',
/* originating_system */ 'ONSHAPE BY PTC INC, 1.220',
/* authorisation */ '  ');

FILE_SCHEMA (('AP242_MANAGED_MODEL_BASED_3D_ENGINEERING_MIM_LF { 1 0 10303 442 3 1 4 }'));
ENDSEC;

DATA;
#10=SHAPE_REPRESENTATION_RELATIONSHIP('','',#1519,#11);
#11=ADVANCED_BREP_SHAPE_REPRESENTATION('',(#1517),#2627);
#12=B_SPLINE_CURVE_WITH_KNOTS('',3,(#2573,#2574,#2575,#2576),
 .UNSPECIFIED.,.F.,.F.,(4,4),(0.,0.000331674854710207),.UNSPECIFIED.);
#13=B_SPLINE_CURVE_WITH_KNOTS('',3,(#2578,#2579,#2580,#2581),
 .UNSPECIFIED.,.F.,.F.,(4,4),(0.,0.000331674854710206),.UNSPECIFIED.);
#14=B_SPLINE_CURVE_WITH_KNOTS('',3,(#2585,#2586,#2587,#2588),
 .UNSPECIFIED.,.F.,.F.,(4,4),(0.00206984015172882,0.00297367528036037),
 .UNSPECIFIED.);
#15=B_SPLINE_CURVE_WITH_KNOTS('',3,(#2589,#2590,#2591,#2592),
 .UNSPECIFIED.,.F.,.F.,(4,4),(0.00206984015172883,0.0029736752803604),
 .UNSPECIFIED.);
#16=B_SPLINE_CURVE_WITH_KNOTS('',3,(#2601,#2602,#2603,#2604),
 .UNSPECIFIED.,.F.,.F.,(4,4),(0.,0.000424665473255114),.UNSPECIFIED.);
#17=B_SPLINE_CURVE_WITH_KNOTS('',3,(#2606,#2607,#2608,#2609),
 .UNSPECIFIED.,.F.,.F.,(4,4),(0.,0.000424665473255106),.UNSPECIFIED.);
#18=B_SPLINE_CURVE_WITH_KNOTS('',3,(#2613,#2614,#2615,#2616),
 .UNSPECIFIED.,.F.,.F.,(4,4),(0.00206580304351923,0.00283685543242122),
 .UNSPECIFIED.);
#19=B_SPLINE_CURVE_WITH_KNOTS('',3,(#2617,#2618,#2619,#2620),
 .UNSPECIFIED.,.F.,.F.,(4,4),(0.00206580304351917,0.00283685543242113),
 .UNSPECIFIED.);
#20=TOROIDAL_SURFACE('',#1636,0.00144852,0.00072426);
#21=TOROIDAL_SURFACE('',#1638,0.00144852,0.00072426);
#22=TOROIDAL_SURFACE('',#1673,0.00144852,0.00072426);
#23=TOROIDAL_SURFACE('',#1675,0.00144852,0.00072426);
#24=TOROIDAL_SURFACE('',#1683,0.00144852,0.00072426);
#25=TOROIDAL_SURFACE('',#1685,0.00144852,0.00072426);
#26=SPHERICAL_SURFACE('',#1575,0.00072426);
#27=SPHERICAL_SURFACE('',#1577,0.00072426);
#28=SPHERICAL_SURFACE('',#1598,0.00072426);
#29=SPHERICAL_SURFACE('',#1600,0.00072426);
#30=SPHERICAL_SURFACE('',#1602,0.00072426);
#31=SPHERICAL_SURFACE('',#1604,0.00072426);
#32=SPHERICAL_SURFACE('',#1620,0.00072426);
#33=SPHERICAL_SURFACE('',#1622,0.00072426);
#34=SPHERICAL_SURFACE('',#1624,0.00072426);
#35=SPHERICAL_SURFACE('',#1626,0.00072426);
#36=ELLIPSE('',#1544,0.00102425831468434,0.00072426);
#37=ELLIPSE('',#1545,0.00102425831468434,0.00072426);
#38=ELLIPSE('',#1547,0.00102425831468434,0.00072426);
#39=ELLIPSE('',#1548,0.00102425831468434,0.00072426);
#40=ELLIPSE('',#1550,0.00102425831468434,0.00072426);
#41=ELLIPSE('',#1552,0.00102425831468434,0.00072426);
#42=ELLIPSE('',#1554,0.00102425831468434,0.00072426);
#43=ELLIPSE('',#1555,0.00102425831468434,0.00072426);
#44=ELLIPSE('',#1557,0.00102425831468434,0.00072426);
#45=ELLIPSE('',#1567,0.00102425831468434,0.00072426);
#46=ELLIPSE('',#1569,0.00102425831468434,0.00072426);
#47=ELLIPSE('',#1570,0.00102425831468434,0.00072426);
#48=ELLIPSE('',#1572,0.00102425831468434,0.00072426);
#49=ELLIPSE('',#1574,0.00102425831468434,0.00072426);
#50=ELLIPSE('',#1580,0.00102425831468434,0.00072426);
#51=ELLIPSE('',#1582,0.00102425831468434,0.00072426);
#52=ELLIPSE('',#1658,0.00102425831468434,0.00072426);
#53=ELLIPSE('',#1659,0.00102425831468434,0.00072426);
#54=ELLIPSE('',#1661,0.00102425831468434,0.00072426);
#55=ELLIPSE('',#1663,0.00102425831468434,0.00072426);
#56=ELLIPSE('',#1666,0.00102425831468434,0.00072426);
#57=ELLIPSE('',#1667,0.00102425831468434,0.00072426);
#58=ELLIPSE('',#1669,0.00102425831468434,0.00072426);
#59=ELLIPSE('',#1671,0.00102425831468434,0.00072426);
#60=ELLIPSE('',#1679,0.00102425831468434,0.00072426);
#61=ELLIPSE('',#1681,0.00102425831468434,0.00072426);
#62=ELLIPSE('',#1689,0.00102425831468434,0.00072426);
#63=ELLIPSE('',#1691,0.00102425831468434,0.00072426);
#64=CYLINDRICAL_SURFACE('',#1543,0.00072426);
#65=CYLINDRICAL_SURFACE('',#1546,0.00072426);
#66=CYLINDRICAL_SURFACE('',#1549,0.00072426);
#67=CYLINDRICAL_SURFACE('',#1551,0.00072426);
#68=CYLINDRICAL_SURFACE('',#1553,0.00072426);
#69=CYLINDRICAL_SURFACE('',#1556,0.00072426);
#70=CYLINDRICAL_SURFACE('',#1558,0.00072426);
#71=CYLINDRICAL_SURFACE('',#1560,0.00072426);
#72=CYLINDRICAL_SURFACE('',#1562,0.00072426);
#73=CYLINDRICAL_SURFACE('',#1564,0.00072426);
#74=CYLINDRICAL_SURFACE('',#1566,0.00072426);
#75=CYLINDRICAL_SURFACE('',#1568,0.00072426);
#76=CYLINDRICAL_SURFACE('',#1571,0.00072426);
#77=CYLINDRICAL_SURFACE('',#1573,0.00072426);
#78=CYLINDRICAL_SURFACE('',#1579,0.00072426);
#79=CYLINDRICAL_SURFACE('',#1581,0.00072426);
#80=CYLINDRICAL_SURFACE('',#1583,0.00072426);
#81=CYLINDRICAL_SURFACE('',#1585,0.00072426);
#82=CYLINDRICAL_SURFACE('',#1587,0.00072426);
#83=CYLINDRICAL_SURFACE('',#1589,0.00072426);
#84=CYLINDRICAL_SURFACE('',#1592,0.00072426);
#85=CYLINDRICAL_SURFACE('',#1594,0.00072426);
#86=CYLINDRICAL_SURFACE('',#1596,0.00072426);
#87=CYLINDRICAL_SURFACE('',#1606,0.00072426);
#88=CYLINDRICAL_SURFACE('',#1608,0.00072426);
#89=CYLINDRICAL_SURFACE('',#1610,0.00072426);
#90=CYLINDRICAL_SURFACE('',#1613,0.00072426);
#91=CYLINDRICAL_SURFACE('',#1615,0.00072426);
#92=CYLINDRICAL_SURFACE('',#1617,0.00072426);
#93=CYLINDRICAL_SURFACE('',#1628,0.00072426);
#94=CYLINDRICAL_SURFACE('',#1630,0.00072426);
#95=CYLINDRICAL_SURFACE('',#1632,0.00072426);
#96=CYLINDRICAL_SURFACE('',#1634,0.00072426);
#97=CYLINDRICAL_SURFACE('',#1640,0.00072426);
#98=CYLINDRICAL_SURFACE('',#1657,0.00072426);
#99=CYLINDRICAL_SURFACE('',#1660,0.00072426);
#100=CYLINDRICAL_SURFACE('',#1662,0.00072426);
#101=CYLINDRICAL_SURFACE('',#1664,0.00072426);
#102=CYLINDRICAL_SURFACE('',#1665,0.00072426);
#103=CYLINDRICAL_SURFACE('',#1668,0.00072426);
#104=CYLINDRICAL_SURFACE('',#1670,0.00072426);
#105=CYLINDRICAL_SURFACE('',#1672,0.00072426);
#106=CYLINDRICAL_SURFACE('',#1677,0.00072426);
#107=CYLINDRICAL_SURFACE('',#1678,0.00072426);
#108=CYLINDRICAL_SURFACE('',#1680,0.00072426);
#109=CYLINDRICAL_SURFACE('',#1682,0.00072426);
#110=CYLINDRICAL_SURFACE('',#1687,0.00072426);
#111=CYLINDRICAL_SURFACE('',#1688,0.00072426);
#112=CYLINDRICAL_SURFACE('',#1690,0.00072426);
#113=CYLINDRICAL_SURFACE('',#1692,0.00072426);
#114=CIRCLE('',#1536,0.00144852);
#115=CIRCLE('',#1538,0.00144852);
#116=CIRCLE('',#1559,0.00072426);
#117=CIRCLE('',#1561,0.00072426);
#118=CIRCLE('',#1563,0.00072426);
#119=CIRCLE('',#1565,0.00072426);
#120=CIRCLE('',#1576,0.00072426);
#121=CIRCLE('',#1578,0.00072426);
#122=CIRCLE('',#1584,0.00072426);
#123=CIRCLE('',#1586,0.00072426);
#124=CIRCLE('',#1588,0.00072426);
#125=CIRCLE('',#1590,0.00072426);
#126=CIRCLE('',#1591,0.00072426);
#127=CIRCLE('',#1593,0.00072426);
#128=CIRCLE('',#1595,0.00072426);
#129=CIRCLE('',#1597,0.00072426);
#130=CIRCLE('',#1599,0.00072426);
#131=CIRCLE('',#1601,0.00072426);
#132=CIRCLE('',#1603,0.00072426);
#133=CIRCLE('',#1605,0.00072426);
#134=CIRCLE('',#1607,0.00072426);
#135=CIRCLE('',#1609,0.00072426);
#136=CIRCLE('',#1611,0.00072426);
#137=CIRCLE('',#1612,0.00072426);
#138=CIRCLE('',#1614,0.00072426);
#139=CIRCLE('',#1616,0.00072426);
#140=CIRCLE('',#1618,0.00072426);
#141=CIRCLE('',#1619,0.00072426);
#142=CIRCLE('',#1621,0.00072426);
#143=CIRCLE('',#1623,0.00072426);
#144=CIRCLE('',#1625,0.00072426);
#145=CIRCLE('',#1627,0.00072426);
#146=CIRCLE('',#1629,0.00072426);
#147=CIRCLE('',#1631,0.00072426);
#148=CIRCLE('',#1633,0.00072426);
#149=CIRCLE('',#1635,0.00072426);
#150=CIRCLE('',#1637,0.00072426);
#151=CIRCLE('',#1639,0.00072426);
#152=CIRCLE('',#1641,0.00072426);
#153=CIRCLE('',#1642,0.00072426);
#154=CIRCLE('',#1643,0.00072426);
#155=CIRCLE('',#1644,0.00072426);
#156=CIRCLE('',#1647,0.00072426);
#157=CIRCLE('',#1648,0.00072426);
#158=CIRCLE('',#1653,0.00072426);
#159=CIRCLE('',#1654,0.00072426);
#160=CIRCLE('',#1674,0.00072426);
#161=CIRCLE('',#1676,0.00072426);
#162=CIRCLE('',#1684,0.00072426);
#163=CIRCLE('',#1686,0.00072426);
#164=ORIENTED_EDGE('',*,*,#596,.T.);
#165=ORIENTED_EDGE('',*,*,#597,.T.);
#166=ORIENTED_EDGE('',*,*,#598,.T.);
#167=ORIENTED_EDGE('',*,*,#599,.T.);
#168=ORIENTED_EDGE('',*,*,#600,.T.);
#169=ORIENTED_EDGE('',*,*,#601,.T.);
#170=ORIENTED_EDGE('',*,*,#602,.T.);
#171=ORIENTED_EDGE('',*,*,#603,.T.);
#172=ORIENTED_EDGE('',*,*,#604,.T.);
#173=ORIENTED_EDGE('',*,*,#605,.T.);
#174=ORIENTED_EDGE('',*,*,#606,.T.);
#175=ORIENTED_EDGE('',*,*,#607,.T.);
#176=ORIENTED_EDGE('',*,*,#608,.T.);
#177=ORIENTED_EDGE('',*,*,#609,.T.);
#178=ORIENTED_EDGE('',*,*,#610,.T.);
#179=ORIENTED_EDGE('',*,*,#611,.T.);
#180=ORIENTED_EDGE('',*,*,#612,.T.);
#181=ORIENTED_EDGE('',*,*,#613,.T.);
#182=ORIENTED_EDGE('',*,*,#614,.T.);
#183=ORIENTED_EDGE('',*,*,#615,.T.);
#184=ORIENTED_EDGE('',*,*,#616,.T.);
#185=ORIENTED_EDGE('',*,*,#617,.T.);
#186=ORIENTED_EDGE('',*,*,#618,.T.);
#187=ORIENTED_EDGE('',*,*,#619,.T.);
#188=ORIENTED_EDGE('',*,*,#620,.T.);
#189=ORIENTED_EDGE('',*,*,#621,.T.);
#190=ORIENTED_EDGE('',*,*,#622,.T.);
#191=ORIENTED_EDGE('',*,*,#623,.T.);
#192=ORIENTED_EDGE('',*,*,#624,.T.);
#193=ORIENTED_EDGE('',*,*,#625,.T.);
#194=ORIENTED_EDGE('',*,*,#626,.T.);
#195=ORIENTED_EDGE('',*,*,#627,.T.);
#196=ORIENTED_EDGE('',*,*,#628,.F.);
#197=ORIENTED_EDGE('',*,*,#629,.T.);
#198=ORIENTED_EDGE('',*,*,#630,.T.);
#199=ORIENTED_EDGE('',*,*,#631,.F.);
#200=ORIENTED_EDGE('',*,*,#632,.F.);
#201=ORIENTED_EDGE('',*,*,#633,.T.);
#202=ORIENTED_EDGE('',*,*,#634,.T.);
#203=ORIENTED_EDGE('',*,*,#635,.T.);
#204=ORIENTED_EDGE('',*,*,#626,.F.);
#205=ORIENTED_EDGE('',*,*,#636,.T.);
#206=ORIENTED_EDGE('',*,*,#637,.T.);
#207=ORIENTED_EDGE('',*,*,#638,.F.);
#208=ORIENTED_EDGE('',*,*,#639,.T.);
#209=ORIENTED_EDGE('',*,*,#640,.T.);
#210=ORIENTED_EDGE('',*,*,#641,.T.);
#211=ORIENTED_EDGE('',*,*,#642,.T.);
#212=ORIENTED_EDGE('',*,*,#643,.T.);
#213=ORIENTED_EDGE('',*,*,#644,.T.);
#214=ORIENTED_EDGE('',*,*,#645,.T.);
#215=ORIENTED_EDGE('',*,*,#646,.T.);
#216=ORIENTED_EDGE('',*,*,#631,.T.);
#217=ORIENTED_EDGE('',*,*,#647,.T.);
#218=ORIENTED_EDGE('',*,*,#648,.F.);
#219=ORIENTED_EDGE('',*,*,#649,.F.);
#220=ORIENTED_EDGE('',*,*,#637,.F.);
#221=ORIENTED_EDGE('',*,*,#650,.T.);
#222=ORIENTED_EDGE('',*,*,#632,.T.);
#223=ORIENTED_EDGE('',*,*,#651,.F.);
#224=ORIENTED_EDGE('',*,*,#652,.T.);
#225=ORIENTED_EDGE('',*,*,#653,.T.);
#226=ORIENTED_EDGE('',*,*,#648,.T.);
#227=ORIENTED_EDGE('',*,*,#654,.T.);
#228=ORIENTED_EDGE('',*,*,#655,.F.);
#229=ORIENTED_EDGE('',*,*,#656,.T.);
#230=ORIENTED_EDGE('',*,*,#657,.T.);
#231=ORIENTED_EDGE('',*,*,#658,.F.);
#232=ORIENTED_EDGE('',*,*,#655,.T.);
#233=ORIENTED_EDGE('',*,*,#659,.T.);
#234=ORIENTED_EDGE('',*,*,#660,.F.);
#235=ORIENTED_EDGE('',*,*,#661,.T.);
#236=ORIENTED_EDGE('',*,*,#660,.T.);
#237=ORIENTED_EDGE('',*,*,#662,.T.);
#238=ORIENTED_EDGE('',*,*,#663,.T.);
#239=ORIENTED_EDGE('',*,*,#664,.F.);
#240=ORIENTED_EDGE('',*,*,#665,.T.);
#241=ORIENTED_EDGE('',*,*,#666,.T.);
#242=ORIENTED_EDGE('',*,*,#667,.T.);
#243=ORIENTED_EDGE('',*,*,#668,.T.);
#244=ORIENTED_EDGE('',*,*,#669,.T.);
#245=ORIENTED_EDGE('',*,*,#670,.T.);
#246=ORIENTED_EDGE('',*,*,#671,.T.);
#247=ORIENTED_EDGE('',*,*,#672,.T.);
#248=ORIENTED_EDGE('',*,*,#634,.F.);
#249=ORIENTED_EDGE('',*,*,#673,.T.);
#250=ORIENTED_EDGE('',*,*,#674,.T.);
#251=ORIENTED_EDGE('',*,*,#675,.T.);
#252=ORIENTED_EDGE('',*,*,#676,.T.);
#253=ORIENTED_EDGE('',*,*,#677,.T.);
#254=ORIENTED_EDGE('',*,*,#678,.T.);
#255=ORIENTED_EDGE('',*,*,#679,.T.);
#256=ORIENTED_EDGE('',*,*,#680,.T.);
#257=ORIENTED_EDGE('',*,*,#681,.T.);
#258=ORIENTED_EDGE('',*,*,#682,.T.);
#259=ORIENTED_EDGE('',*,*,#683,.T.);
#260=ORIENTED_EDGE('',*,*,#684,.T.);
#261=ORIENTED_EDGE('',*,*,#685,.F.);
#262=ORIENTED_EDGE('',*,*,#686,.T.);
#263=ORIENTED_EDGE('',*,*,#687,.T.);
#264=ORIENTED_EDGE('',*,*,#688,.T.);
#265=ORIENTED_EDGE('',*,*,#689,.T.);
#266=ORIENTED_EDGE('',*,*,#690,.T.);
#267=ORIENTED_EDGE('',*,*,#691,.T.);
#268=ORIENTED_EDGE('',*,*,#692,.F.);
#269=ORIENTED_EDGE('',*,*,#693,.T.);
#270=ORIENTED_EDGE('',*,*,#694,.T.);
#271=ORIENTED_EDGE('',*,*,#695,.T.);
#272=ORIENTED_EDGE('',*,*,#696,.T.);
#273=ORIENTED_EDGE('',*,*,#697,.T.);
#274=ORIENTED_EDGE('',*,*,#653,.F.);
#275=ORIENTED_EDGE('',*,*,#698,.T.);
#276=ORIENTED_EDGE('',*,*,#628,.T.);
#277=ORIENTED_EDGE('',*,*,#649,.T.);
#278=ORIENTED_EDGE('',*,*,#675,.F.);
#279=ORIENTED_EDGE('',*,*,#699,.T.);
#280=ORIENTED_EDGE('',*,*,#651,.T.);
#281=ORIENTED_EDGE('',*,*,#635,.F.);
#282=ORIENTED_EDGE('',*,*,#658,.T.);
#283=ORIENTED_EDGE('',*,*,#700,.T.);
#284=ORIENTED_EDGE('',*,*,#627,.F.);
#285=ORIENTED_EDGE('',*,*,#638,.T.);
#286=ORIENTED_EDGE('',*,*,#664,.T.);
#287=ORIENTED_EDGE('',*,*,#701,.T.);
#288=ORIENTED_EDGE('',*,*,#656,.F.);
#289=ORIENTED_EDGE('',*,*,#661,.F.);
#290=ORIENTED_EDGE('',*,*,#702,.F.);
#291=ORIENTED_EDGE('',*,*,#652,.F.);
#292=ORIENTED_EDGE('',*,*,#703,.F.);
#293=ORIENTED_EDGE('',*,*,#605,.F.);
#294=ORIENTED_EDGE('',*,*,#704,.F.);
#295=ORIENTED_EDGE('',*,*,#633,.F.);
#296=ORIENTED_EDGE('',*,*,#705,.F.);
#297=ORIENTED_EDGE('',*,*,#679,.F.);
#298=ORIENTED_EDGE('',*,*,#703,.T.);
#299=ORIENTED_EDGE('',*,*,#699,.F.);
#300=ORIENTED_EDGE('',*,*,#706,.F.);
#301=ORIENTED_EDGE('',*,*,#606,.F.);
#302=ORIENTED_EDGE('',*,*,#702,.T.);
#303=ORIENTED_EDGE('',*,*,#604,.F.);
#304=ORIENTED_EDGE('',*,*,#707,.F.);
#305=ORIENTED_EDGE('',*,*,#698,.F.);
#306=ORIENTED_EDGE('',*,*,#708,.F.);
#307=ORIENTED_EDGE('',*,*,#647,.F.);
#308=ORIENTED_EDGE('',*,*,#709,.F.);
#309=ORIENTED_EDGE('',*,*,#687,.F.);
#310=ORIENTED_EDGE('',*,*,#705,.T.);
#311=ORIENTED_EDGE('',*,*,#650,.F.);
#312=ORIENTED_EDGE('',*,*,#710,.F.);
#313=ORIENTED_EDGE('',*,*,#680,.F.);
#314=ORIENTED_EDGE('',*,*,#704,.T.);
#315=ORIENTED_EDGE('',*,*,#678,.F.);
#316=ORIENTED_EDGE('',*,*,#711,.F.);
#317=ORIENTED_EDGE('',*,*,#673,.F.);
#318=ORIENTED_EDGE('',*,*,#706,.T.);
#319=ORIENTED_EDGE('',*,*,#674,.F.);
#320=ORIENTED_EDGE('',*,*,#712,.F.);
#321=ORIENTED_EDGE('',*,*,#607,.F.);
#322=ORIENTED_EDGE('',*,*,#707,.T.);
#323=ORIENTED_EDGE('',*,*,#611,.F.);
#324=ORIENTED_EDGE('',*,*,#713,.F.);
#325=ORIENTED_EDGE('',*,*,#629,.F.);
#326=ORIENTED_EDGE('',*,*,#709,.T.);
#327=ORIENTED_EDGE('',*,*,#630,.F.);
#328=ORIENTED_EDGE('',*,*,#714,.F.);
#329=ORIENTED_EDGE('',*,*,#688,.F.);
#330=ORIENTED_EDGE('',*,*,#708,.T.);
#331=ORIENTED_EDGE('',*,*,#697,.F.);
#332=ORIENTED_EDGE('',*,*,#715,.F.);
#333=ORIENTED_EDGE('',*,*,#654,.F.);
#334=ORIENTED_EDGE('',*,*,#716,.F.);
#335=ORIENTED_EDGE('',*,*,#640,.F.);
#336=ORIENTED_EDGE('',*,*,#717,.F.);
#337=ORIENTED_EDGE('',*,*,#657,.F.);
#338=ORIENTED_EDGE('',*,*,#717,.T.);
#339=ORIENTED_EDGE('',*,*,#639,.F.);
#340=ORIENTED_EDGE('',*,*,#718,.F.);
#341=ORIENTED_EDGE('',*,*,#700,.F.);
#342=ORIENTED_EDGE('',*,*,#710,.T.);
#343=ORIENTED_EDGE('',*,*,#636,.F.);
#344=ORIENTED_EDGE('',*,*,#719,.F.);
#345=ORIENTED_EDGE('',*,*,#681,.F.);
#346=ORIENTED_EDGE('',*,*,#712,.T.);
#347=ORIENTED_EDGE('',*,*,#711,.T.);
#348=ORIENTED_EDGE('',*,*,#720,.F.);
#349=ORIENTED_EDGE('',*,*,#714,.T.);
#350=ORIENTED_EDGE('',*,*,#713,.T.);
#351=ORIENTED_EDGE('',*,*,#721,.F.);
#352=ORIENTED_EDGE('',*,*,#715,.T.);
#353=ORIENTED_EDGE('',*,*,#696,.F.);
#354=ORIENTED_EDGE('',*,*,#722,.F.);
#355=ORIENTED_EDGE('',*,*,#659,.F.);
#356=ORIENTED_EDGE('',*,*,#716,.T.);
#357=ORIENTED_EDGE('',*,*,#701,.F.);
#358=ORIENTED_EDGE('',*,*,#723,.F.);
#359=ORIENTED_EDGE('',*,*,#641,.F.);
#360=ORIENTED_EDGE('',*,*,#718,.T.);
#361=ORIENTED_EDGE('',*,*,#646,.F.);
#362=ORIENTED_EDGE('',*,*,#724,.F.);
#363=ORIENTED_EDGE('',*,*,#624,.F.);
#364=ORIENTED_EDGE('',*,*,#719,.T.);
#365=ORIENTED_EDGE('',*,*,#625,.F.);
#366=ORIENTED_EDGE('',*,*,#725,.F.);
#367=ORIENTED_EDGE('',*,*,#682,.F.);
#368=ORIENTED_EDGE('',*,*,#720,.T.);
#369=ORIENTED_EDGE('',*,*,#677,.F.);
#370=ORIENTED_EDGE('',*,*,#726,.F.);
#371=ORIENTED_EDGE('',*,*,#608,.F.);
#372=ORIENTED_EDGE('',*,*,#727,.F.);
#373=ORIENTED_EDGE('',*,*,#609,.F.);
#374=ORIENTED_EDGE('',*,*,#728,.F.);
#375=ORIENTED_EDGE('',*,*,#672,.F.);
#376=ORIENTED_EDGE('',*,*,#721,.T.);
#377=ORIENTED_EDGE('',*,*,#610,.F.);
#378=ORIENTED_EDGE('',*,*,#729,.F.);
#379=ORIENTED_EDGE('',*,*,#689,.F.);
#380=ORIENTED_EDGE('',*,*,#722,.T.);
#381=ORIENTED_EDGE('',*,*,#695,.F.);
#382=ORIENTED_EDGE('',*,*,#730,.F.);
#383=ORIENTED_EDGE('',*,*,#662,.F.);
#384=ORIENTED_EDGE('',*,*,#723,.T.);
#385=ORIENTED_EDGE('',*,*,#663,.F.);
#386=ORIENTED_EDGE('',*,*,#731,.F.);
#387=ORIENTED_EDGE('',*,*,#642,.F.);
#388=ORIENTED_EDGE('',*,*,#725,.T.);
#389=ORIENTED_EDGE('',*,*,#724,.T.);
#390=ORIENTED_EDGE('',*,*,#732,.F.);
#391=ORIENTED_EDGE('',*,*,#728,.T.);
#392=ORIENTED_EDGE('',*,*,#726,.T.);
#393=ORIENTED_EDGE('',*,*,#733,.F.);
#394=ORIENTED_EDGE('',*,*,#729,.T.);
#395=ORIENTED_EDGE('',*,*,#727,.T.);
#396=ORIENTED_EDGE('',*,*,#734,.F.);
#397=ORIENTED_EDGE('',*,*,#731,.T.);
#398=ORIENTED_EDGE('',*,*,#730,.T.);
#399=ORIENTED_EDGE('',*,*,#735,.F.);
#400=ORIENTED_EDGE('',*,*,#732,.T.);
#401=ORIENTED_EDGE('',*,*,#645,.F.);
#402=ORIENTED_EDGE('',*,*,#736,.F.);
#403=ORIENTED_EDGE('',*,*,#683,.F.);
#404=ORIENTED_EDGE('',*,*,#733,.T.);
#405=ORIENTED_EDGE('',*,*,#676,.F.);
#406=ORIENTED_EDGE('',*,*,#737,.F.);
#407=ORIENTED_EDGE('',*,*,#669,.F.);
#408=ORIENTED_EDGE('',*,*,#738,.F.);
#409=ORIENTED_EDGE('',*,*,#670,.F.);
#410=ORIENTED_EDGE('',*,*,#739,.F.);
#411=ORIENTED_EDGE('',*,*,#616,.F.);
#412=ORIENTED_EDGE('',*,*,#734,.T.);
#413=ORIENTED_EDGE('',*,*,#671,.F.);
#414=ORIENTED_EDGE('',*,*,#740,.F.);
#415=ORIENTED_EDGE('',*,*,#690,.F.);
#416=ORIENTED_EDGE('',*,*,#735,.T.);
#417=ORIENTED_EDGE('',*,*,#694,.F.);
#418=ORIENTED_EDGE('',*,*,#741,.F.);
#419=ORIENTED_EDGE('',*,*,#643,.F.);
#420=ORIENTED_EDGE('',*,*,#742,.F.);
#421=ORIENTED_EDGE('',*,*,#644,.F.);
#422=ORIENTED_EDGE('',*,*,#743,.F.);
#423=ORIENTED_EDGE('',*,*,#668,.F.);
#424=ORIENTED_EDGE('',*,*,#736,.T.);
#425=ORIENTED_EDGE('',*,*,#742,.T.);
#426=ORIENTED_EDGE('',*,*,#744,.F.);
#427=ORIENTED_EDGE('',*,*,#739,.T.);
#428=ORIENTED_EDGE('',*,*,#737,.T.);
#429=ORIENTED_EDGE('',*,*,#745,.F.);
#430=ORIENTED_EDGE('',*,*,#740,.T.);
#431=ORIENTED_EDGE('',*,*,#738,.T.);
#432=ORIENTED_EDGE('',*,*,#746,.F.);
#433=ORIENTED_EDGE('',*,*,#743,.T.);
#434=ORIENTED_EDGE('',*,*,#741,.T.);
#435=ORIENTED_EDGE('',*,*,#747,.F.);
#436=ORIENTED_EDGE('',*,*,#744,.T.);
#437=ORIENTED_EDGE('',*,*,#667,.F.);
#438=ORIENTED_EDGE('',*,*,#748,.F.);
#439=ORIENTED_EDGE('',*,*,#684,.F.);
#440=ORIENTED_EDGE('',*,*,#745,.T.);
#441=ORIENTED_EDGE('',*,*,#686,.F.);
#442=ORIENTED_EDGE('',*,*,#749,.F.);
#443=ORIENTED_EDGE('',*,*,#617,.F.);
#444=ORIENTED_EDGE('',*,*,#746,.T.);
#445=ORIENTED_EDGE('',*,*,#615,.F.);
#446=ORIENTED_EDGE('',*,*,#750,.F.);
#447=ORIENTED_EDGE('',*,*,#691,.F.);
#448=ORIENTED_EDGE('',*,*,#747,.T.);
#449=ORIENTED_EDGE('',*,*,#693,.F.);
#450=ORIENTED_EDGE('',*,*,#751,.F.);
#451=ORIENTED_EDGE('',*,*,#665,.F.);
#452=ORIENTED_EDGE('',*,*,#685,.T.);
#453=ORIENTED_EDGE('',*,*,#748,.T.);
#454=ORIENTED_EDGE('',*,*,#752,.F.);
#455=ORIENTED_EDGE('',*,*,#749,.T.);
#456=ORIENTED_EDGE('',*,*,#692,.T.);
#457=ORIENTED_EDGE('',*,*,#750,.T.);
#458=ORIENTED_EDGE('',*,*,#753,.F.);
#459=ORIENTED_EDGE('',*,*,#751,.T.);
#460=ORIENTED_EDGE('',*,*,#614,.F.);
#461=ORIENTED_EDGE('',*,*,#754,.T.);
#462=ORIENTED_EDGE('',*,*,#755,.T.);
#463=ORIENTED_EDGE('',*,*,#756,.T.);
#464=ORIENTED_EDGE('',*,*,#622,.F.);
#465=ORIENTED_EDGE('',*,*,#757,.T.);
#466=ORIENTED_EDGE('',*,*,#758,.T.);
#467=ORIENTED_EDGE('',*,*,#759,.T.);
#468=ORIENTED_EDGE('',*,*,#618,.F.);
#469=ORIENTED_EDGE('',*,*,#752,.T.);
#470=ORIENTED_EDGE('',*,*,#666,.F.);
#471=ORIENTED_EDGE('',*,*,#753,.T.);
#472=ORIENTED_EDGE('',*,*,#760,.F.);
#473=ORIENTED_EDGE('',*,*,#761,.T.);
#474=ORIENTED_EDGE('',*,*,#762,.T.);
#475=ORIENTED_EDGE('',*,*,#763,.T.);
#476=ORIENTED_EDGE('',*,*,#764,.F.);
#477=ORIENTED_EDGE('',*,*,#765,.T.);
#478=ORIENTED_EDGE('',*,*,#760,.T.);
#479=ORIENTED_EDGE('',*,*,#766,.T.);
#480=ORIENTED_EDGE('',*,*,#767,.T.);
#481=ORIENTED_EDGE('',*,*,#768,.T.);
#482=ORIENTED_EDGE('',*,*,#769,.F.);
#483=ORIENTED_EDGE('',*,*,#770,.T.);
#484=ORIENTED_EDGE('',*,*,#764,.T.);
#485=ORIENTED_EDGE('',*,*,#771,.T.);
#486=ORIENTED_EDGE('',*,*,#762,.F.);
#487=ORIENTED_EDGE('',*,*,#772,.T.);
#488=ORIENTED_EDGE('',*,*,#769,.T.);
#489=ORIENTED_EDGE('',*,*,#773,.T.);
#490=ORIENTED_EDGE('',*,*,#774,.F.);
#491=ORIENTED_EDGE('',*,*,#775,.T.);
#492=ORIENTED_EDGE('',*,*,#776,.T.);
#493=ORIENTED_EDGE('',*,*,#777,.T.);
#494=ORIENTED_EDGE('',*,*,#778,.F.);
#495=ORIENTED_EDGE('',*,*,#779,.T.);
#496=ORIENTED_EDGE('',*,*,#774,.T.);
#497=ORIENTED_EDGE('',*,*,#780,.T.);
#498=ORIENTED_EDGE('',*,*,#781,.T.);
#499=ORIENTED_EDGE('',*,*,#782,.T.);
#500=ORIENTED_EDGE('',*,*,#783,.F.);
#501=ORIENTED_EDGE('',*,*,#784,.T.);
#502=ORIENTED_EDGE('',*,*,#778,.T.);
#503=ORIENTED_EDGE('',*,*,#785,.T.);
#504=ORIENTED_EDGE('',*,*,#776,.F.);
#505=ORIENTED_EDGE('',*,*,#786,.T.);
#506=ORIENTED_EDGE('',*,*,#783,.T.);
#507=ORIENTED_EDGE('',*,*,#787,.T.);
#508=ORIENTED_EDGE('',*,*,#788,.F.);
#509=ORIENTED_EDGE('',*,*,#596,.F.);
#510=ORIENTED_EDGE('',*,*,#789,.F.);
#511=ORIENTED_EDGE('',*,*,#765,.F.);
#512=ORIENTED_EDGE('',*,*,#789,.T.);
#513=ORIENTED_EDGE('',*,*,#599,.F.);
#514=ORIENTED_EDGE('',*,*,#790,.F.);
#515=ORIENTED_EDGE('',*,*,#761,.F.);
#516=ORIENTED_EDGE('',*,*,#788,.T.);
#517=ORIENTED_EDGE('',*,*,#770,.F.);
#518=ORIENTED_EDGE('',*,*,#791,.F.);
#519=ORIENTED_EDGE('',*,*,#597,.F.);
#520=ORIENTED_EDGE('',*,*,#790,.T.);
#521=ORIENTED_EDGE('',*,*,#598,.F.);
#522=ORIENTED_EDGE('',*,*,#791,.T.);
#523=ORIENTED_EDGE('',*,*,#772,.F.);
#524=ORIENTED_EDGE('',*,*,#792,.F.);
#525=ORIENTED_EDGE('',*,*,#600,.F.);
#526=ORIENTED_EDGE('',*,*,#793,.F.);
#527=ORIENTED_EDGE('',*,*,#779,.F.);
#528=ORIENTED_EDGE('',*,*,#793,.T.);
#529=ORIENTED_EDGE('',*,*,#603,.F.);
#530=ORIENTED_EDGE('',*,*,#794,.F.);
#531=ORIENTED_EDGE('',*,*,#775,.F.);
#532=ORIENTED_EDGE('',*,*,#792,.T.);
#533=ORIENTED_EDGE('',*,*,#784,.F.);
#534=ORIENTED_EDGE('',*,*,#795,.F.);
#535=ORIENTED_EDGE('',*,*,#601,.F.);
#536=ORIENTED_EDGE('',*,*,#794,.T.);
#537=ORIENTED_EDGE('',*,*,#602,.F.);
#538=ORIENTED_EDGE('',*,*,#795,.T.);
#539=ORIENTED_EDGE('',*,*,#786,.F.);
#540=ORIENTED_EDGE('',*,*,#796,.F.);
#541=ORIENTED_EDGE('',*,*,#756,.F.);
#542=ORIENTED_EDGE('',*,*,#797,.F.);
#543=ORIENTED_EDGE('',*,*,#798,.F.);
#544=ORIENTED_EDGE('',*,*,#754,.F.);
#545=ORIENTED_EDGE('',*,*,#799,.F.);
#546=ORIENTED_EDGE('',*,*,#767,.F.);
#547=ORIENTED_EDGE('',*,*,#800,.F.);
#548=ORIENTED_EDGE('',*,*,#797,.T.);
#549=ORIENTED_EDGE('',*,*,#755,.F.);
#550=ORIENTED_EDGE('',*,*,#798,.T.);
#551=ORIENTED_EDGE('',*,*,#801,.F.);
#552=ORIENTED_EDGE('',*,*,#766,.F.);
#553=ORIENTED_EDGE('',*,*,#763,.F.);
#554=ORIENTED_EDGE('',*,*,#802,.F.);
#555=ORIENTED_EDGE('',*,*,#623,.F.);
#556=ORIENTED_EDGE('',*,*,#796,.T.);
#557=ORIENTED_EDGE('',*,*,#800,.T.);
#558=ORIENTED_EDGE('',*,*,#799,.T.);
#559=ORIENTED_EDGE('',*,*,#613,.F.);
#560=ORIENTED_EDGE('',*,*,#803,.F.);
#561=ORIENTED_EDGE('',*,*,#771,.F.);
#562=ORIENTED_EDGE('',*,*,#768,.F.);
#563=ORIENTED_EDGE('',*,*,#801,.T.);
#564=ORIENTED_EDGE('',*,*,#802,.T.);
#565=ORIENTED_EDGE('',*,*,#773,.F.);
#566=ORIENTED_EDGE('',*,*,#803,.T.);
#567=ORIENTED_EDGE('',*,*,#612,.F.);
#568=ORIENTED_EDGE('',*,*,#804,.F.);
#569=ORIENTED_EDGE('',*,*,#759,.F.);
#570=ORIENTED_EDGE('',*,*,#805,.F.);
#571=ORIENTED_EDGE('',*,*,#806,.F.);
#572=ORIENTED_EDGE('',*,*,#757,.F.);
#573=ORIENTED_EDGE('',*,*,#807,.F.);
#574=ORIENTED_EDGE('',*,*,#781,.F.);
#575=ORIENTED_EDGE('',*,*,#808,.F.);
#576=ORIENTED_EDGE('',*,*,#805,.T.);
#577=ORIENTED_EDGE('',*,*,#758,.F.);
#578=ORIENTED_EDGE('',*,*,#806,.T.);
#579=ORIENTED_EDGE('',*,*,#809,.F.);
#580=ORIENTED_EDGE('',*,*,#780,.F.);
#581=ORIENTED_EDGE('',*,*,#777,.F.);
#582=ORIENTED_EDGE('',*,*,#810,.F.);
#583=ORIENTED_EDGE('',*,*,#619,.F.);
#584=ORIENTED_EDGE('',*,*,#804,.T.);
#585=ORIENTED_EDGE('',*,*,#808,.T.);
#586=ORIENTED_EDGE('',*,*,#807,.T.);
#587=ORIENTED_EDGE('',*,*,#621,.F.);
#588=ORIENTED_EDGE('',*,*,#811,.F.);
#589=ORIENTED_EDGE('',*,*,#785,.F.);
#590=ORIENTED_EDGE('',*,*,#782,.F.);
#591=ORIENTED_EDGE('',*,*,#809,.T.);
#592=ORIENTED_EDGE('',*,*,#810,.T.);
#593=ORIENTED_EDGE('',*,*,#787,.F.);
#594=ORIENTED_EDGE('',*,*,#811,.T.);
#595=ORIENTED_EDGE('',*,*,#620,.F.);
#596=EDGE_CURVE('',#812,#813,#934,.T.);
#597=EDGE_CURVE('',#813,#814,#935,.T.);
#598=EDGE_CURVE('',#814,#815,#936,.F.);
#599=EDGE_CURVE('',#815,#812,#937,.F.);
#600=EDGE_CURVE('',#816,#817,#938,.T.);
#601=EDGE_CURVE('',#817,#818,#939,.T.);
#602=EDGE_CURVE('',#818,#819,#940,.F.);
#603=EDGE_CURVE('',#819,#816,#941,.F.);
#604=EDGE_CURVE('',#820,#821,#942,.T.);
#605=EDGE_CURVE('',#821,#822,#943,.F.);
#606=EDGE_CURVE('',#822,#823,#944,.F.);
#607=EDGE_CURVE('',#823,#824,#945,.F.);
#608=EDGE_CURVE('',#824,#825,#946,.F.);
#609=EDGE_CURVE('',#825,#826,#947,.T.);
#610=EDGE_CURVE('',#826,#827,#948,.T.);
#611=EDGE_CURVE('',#827,#820,#949,.F.);
#612=EDGE_CURVE('',#828,#829,#950,.T.);
#613=EDGE_CURVE('',#829,#830,#951,.F.);
#614=EDGE_CURVE('',#830,#831,#952,.T.);
#615=EDGE_CURVE('',#831,#832,#953,.F.);
#616=EDGE_CURVE('',#832,#833,#954,.F.);
#617=EDGE_CURVE('',#833,#834,#955,.T.);
#618=EDGE_CURVE('',#834,#835,#956,.T.);
#619=EDGE_CURVE('',#835,#836,#957,.T.);
#620=EDGE_CURVE('',#836,#837,#958,.T.);
#621=EDGE_CURVE('',#837,#838,#959,.F.);
#622=EDGE_CURVE('',#838,#839,#960,.T.);
#623=EDGE_CURVE('',#839,#828,#961,.T.);
#624=EDGE_CURVE('',#840,#841,#962,.F.);
#625=EDGE_CURVE('',#841,#842,#963,.T.);
#626=EDGE_CURVE('',#842,#843,#964,.T.);
#627=EDGE_CURVE('',#843,#840,#965,.T.);
#628=EDGE_CURVE('',#844,#845,#966,.T.);
#629=EDGE_CURVE('',#844,#846,#967,.T.);
#630=EDGE_CURVE('',#846,#847,#968,.T.);
#631=EDGE_CURVE('',#845,#847,#969,.T.);
#632=EDGE_CURVE('',#848,#849,#970,.T.);
#633=EDGE_CURVE('',#848,#850,#971,.T.);
#634=EDGE_CURVE('',#850,#851,#972,.T.);
#635=EDGE_CURVE('',#851,#849,#973,.T.);
#636=EDGE_CURVE('',#842,#852,#974,.F.);
#637=EDGE_CURVE('',#852,#853,#975,.T.);
#638=EDGE_CURVE('',#843,#853,#976,.T.);
#639=EDGE_CURVE('',#854,#855,#977,.T.);
#640=EDGE_CURVE('',#855,#856,#978,.T.);
#641=EDGE_CURVE('',#856,#857,#979,.F.);
#642=EDGE_CURVE('',#857,#858,#980,.T.);
#643=EDGE_CURVE('',#858,#859,#981,.F.);
#644=EDGE_CURVE('',#859,#860,#982,.F.);
#645=EDGE_CURVE('',#860,#861,#983,.T.);
#646=EDGE_CURVE('',#861,#854,#984,.T.);
#647=EDGE_CURVE('',#847,#862,#985,.F.);
#648=EDGE_CURVE('',#863,#862,#986,.T.);
#649=EDGE_CURVE('',#845,#863,#987,.T.);
#650=EDGE_CURVE('',#852,#848,#988,.F.);
#651=EDGE_CURVE('',#864,#849,#989,.T.);
#652=EDGE_CURVE('',#864,#865,#990,.T.);
#653=EDGE_CURVE('',#865,#863,#991,.T.);
#654=EDGE_CURVE('',#862,#866,#992,.T.);
#655=EDGE_CURVE('',#867,#866,#993,.T.);
#656=EDGE_CURVE('',#867,#868,#994,.T.);
#657=EDGE_CURVE('',#868,#869,#995,.F.);
#658=EDGE_CURVE('',#853,#869,#996,.T.);
#659=EDGE_CURVE('',#866,#870,#997,.T.);
#660=EDGE_CURVE('',#871,#870,#998,.T.);
#661=EDGE_CURVE('',#871,#867,#999,.T.);
#662=EDGE_CURVE('',#870,#872,#1000,.F.);
#663=EDGE_CURVE('',#872,#873,#1001,.F.);
#664=EDGE_CURVE('',#871,#873,#1002,.T.);
#665=EDGE_CURVE('',#874,#875,#1003,.F.);
#666=EDGE_CURVE('',#875,#876,#1004,.F.);
#667=EDGE_CURVE('',#876,#877,#1005,.T.);
#668=EDGE_CURVE('',#877,#874,#1006,.T.);
#669=EDGE_CURVE('',#878,#879,#1007,.T.);
#670=EDGE_CURVE('',#879,#880,#1008,.T.);
#671=EDGE_CURVE('',#880,#881,#1009,.F.);
#672=EDGE_CURVE('',#881,#878,#1010,.F.);
#673=EDGE_CURVE('',#850,#882,#1011,.F.);
#674=EDGE_CURVE('',#882,#883,#1012,.T.);
#675=EDGE_CURVE('',#883,#851,#1013,.T.);
#676=EDGE_CURVE('',#884,#885,#1014,.F.);
#677=EDGE_CURVE('',#885,#886,#1015,.T.);
#678=EDGE_CURVE('',#886,#887,#1016,.T.);
#679=EDGE_CURVE('',#887,#888,#1017,.F.);
#680=EDGE_CURVE('',#888,#889,#1018,.T.);
#681=EDGE_CURVE('',#889,#890,#1019,.T.);
#682=EDGE_CURVE('',#890,#891,#1020,.F.);
#683=EDGE_CURVE('',#891,#892,#1021,.F.);
#684=EDGE_CURVE('',#892,#893,#1022,.F.);
#685=EDGE_CURVE('',#894,#893,#114,.T.);
#686=EDGE_CURVE('',#894,#884,#1023,.F.);
#687=EDGE_CURVE('',#895,#896,#1024,.T.);
#688=EDGE_CURVE('',#896,#897,#1025,.F.);
#689=EDGE_CURVE('',#897,#898,#1026,.F.);
#690=EDGE_CURVE('',#898,#899,#1027,.T.);
#691=EDGE_CURVE('',#899,#900,#1028,.T.);
#692=EDGE_CURVE('',#901,#900,#115,.F.);
#693=EDGE_CURVE('',#901,#902,#1029,.T.);
#694=EDGE_CURVE('',#902,#903,#1030,.T.);
#695=EDGE_CURVE('',#903,#904,#1031,.T.);
#696=EDGE_CURVE('',#904,#905,#1032,.F.);
#697=EDGE_CURVE('',#905,#895,#1033,.F.);
#698=EDGE_CURVE('',#865,#844,#1034,.F.);
#699=EDGE_CURVE('',#883,#864,#1035,.T.);
#700=EDGE_CURVE('',#869,#840,#1036,.F.);
#701=EDGE_CURVE('',#873,#868,#1037,.T.);
#702=EDGE_CURVE('',#865,#821,#36,.T.);
#703=EDGE_CURVE('',#822,#864,#37,.F.);
#704=EDGE_CURVE('',#850,#887,#38,.T.);
#705=EDGE_CURVE('',#888,#848,#39,.F.);
#706=EDGE_CURVE('',#823,#883,#40,.T.);
#707=EDGE_CURVE('',#844,#820,#41,.F.);
#708=EDGE_CURVE('',#862,#895,#42,.T.);
#709=EDGE_CURVE('',#896,#847,#43,.F.);
#710=EDGE_CURVE('',#889,#852,#44,.F.);
#711=EDGE_CURVE('',#882,#886,#116,.T.);
#712=EDGE_CURVE('',#824,#882,#117,.T.);
#713=EDGE_CURVE('',#846,#827,#118,.T.);
#714=EDGE_CURVE('',#897,#846,#119,.T.);
#715=EDGE_CURVE('',#866,#905,#45,.T.);
#716=EDGE_CURVE('',#856,#868,#46,.T.);
#717=EDGE_CURVE('',#869,#855,#47,.F.);
#718=EDGE_CURVE('',#840,#854,#48,.F.);
#719=EDGE_CURVE('',#890,#842,#49,.F.);
#720=EDGE_CURVE('',#824,#886,#120,.F.);
#721=EDGE_CURVE('',#897,#827,#121,.F.);
#722=EDGE_CURVE('',#870,#904,#50,.T.);
#723=EDGE_CURVE('',#857,#873,#51,.T.);
#724=EDGE_CURVE('',#841,#861,#122,.T.);
#725=EDGE_CURVE('',#891,#841,#123,.T.);
#726=EDGE_CURVE('',#825,#885,#124,.T.);
#727=EDGE_CURVE('',#826,#881,#125,.T.);
#728=EDGE_CURVE('',#878,#825,#126,.T.);
#729=EDGE_CURVE('',#898,#826,#127,.T.);
#730=EDGE_CURVE('',#872,#903,#128,.T.);
#731=EDGE_CURVE('',#858,#872,#129,.T.);
#732=EDGE_CURVE('',#891,#861,#130,.F.);
#733=EDGE_CURVE('',#878,#885,#131,.F.);
#734=EDGE_CURVE('',#898,#881,#132,.F.);
#735=EDGE_CURVE('',#858,#903,#133,.F.);
#736=EDGE_CURVE('',#892,#860,#134,.T.);
#737=EDGE_CURVE('',#879,#884,#135,.T.);
#738=EDGE_CURVE('',#880,#832,#136,.T.);
#739=EDGE_CURVE('',#833,#879,#137,.T.);
#740=EDGE_CURVE('',#899,#880,#138,.T.);
#741=EDGE_CURVE('',#859,#902,#139,.T.);
#742=EDGE_CURVE('',#860,#877,#140,.T.);
#743=EDGE_CURVE('',#874,#859,#141,.T.);
#744=EDGE_CURVE('',#892,#877,#142,.F.);
#745=EDGE_CURVE('',#833,#884,#143,.F.);
#746=EDGE_CURVE('',#899,#832,#144,.F.);
#747=EDGE_CURVE('',#874,#902,#145,.F.);
#748=EDGE_CURVE('',#893,#876,#146,.T.);
#749=EDGE_CURVE('',#834,#894,#147,.T.);
#750=EDGE_CURVE('',#900,#831,#148,.T.);
#751=EDGE_CURVE('',#875,#901,#149,.T.);
#752=EDGE_CURVE('',#834,#876,#150,.T.);
#753=EDGE_CURVE('',#875,#831,#151,.F.);
#754=EDGE_CURVE('',#830,#906,#152,.F.);
#755=EDGE_CURVE('',#906,#907,#1038,.T.);
#756=EDGE_CURVE('',#907,#839,#153,.T.);
#757=EDGE_CURVE('',#838,#908,#154,.F.);
#758=EDGE_CURVE('',#908,#909,#1039,.T.);
#759=EDGE_CURVE('',#909,#835,#155,.T.);
#760=EDGE_CURVE('',#910,#911,#1040,.T.);
#761=EDGE_CURVE('',#910,#912,#1041,.T.);
#762=EDGE_CURVE('',#912,#913,#1042,.T.);
#763=EDGE_CURVE('',#913,#911,#1043,.F.);
#764=EDGE_CURVE('',#914,#915,#1044,.T.);
#765=EDGE_CURVE('',#914,#910,#1045,.F.);
#766=EDGE_CURVE('',#911,#916,#156,.T.);
#767=EDGE_CURVE('',#916,#917,#1046,.F.);
#768=EDGE_CURVE('',#917,#915,#157,.T.);
#769=EDGE_CURVE('',#918,#919,#1047,.T.);
#770=EDGE_CURVE('',#918,#914,#1048,.F.);
#771=EDGE_CURVE('',#915,#919,#1049,.T.);
#772=EDGE_CURVE('',#912,#918,#1050,.T.);
#773=EDGE_CURVE('',#919,#913,#1051,.F.);
#774=EDGE_CURVE('',#920,#921,#1052,.T.);
#775=EDGE_CURVE('',#920,#922,#1053,.T.);
#776=EDGE_CURVE('',#922,#923,#1054,.T.);
#777=EDGE_CURVE('',#923,#921,#1055,.F.);
#778=EDGE_CURVE('',#924,#925,#1056,.T.);
#779=EDGE_CURVE('',#924,#920,#1057,.F.);
#780=EDGE_CURVE('',#921,#926,#158,.T.);
#781=EDGE_CURVE('',#926,#927,#1058,.F.);
#782=EDGE_CURVE('',#927,#925,#159,.T.);
#783=EDGE_CURVE('',#928,#929,#1059,.T.);
#784=EDGE_CURVE('',#928,#924,#1060,.F.);
#785=EDGE_CURVE('',#925,#929,#1061,.T.);
#786=EDGE_CURVE('',#922,#928,#1062,.T.);
#787=EDGE_CURVE('',#929,#923,#1063,.F.);
#788=EDGE_CURVE('',#813,#914,#52,.T.);
#789=EDGE_CURVE('',#910,#812,#53,.F.);
#790=EDGE_CURVE('',#912,#815,#54,.F.);
#791=EDGE_CURVE('',#814,#918,#55,.T.);
#792=EDGE_CURVE('',#817,#924,#56,.T.);
#793=EDGE_CURVE('',#920,#816,#57,.F.);
#794=EDGE_CURVE('',#922,#819,#58,.F.);
#795=EDGE_CURVE('',#818,#928,#59,.T.);
#796=EDGE_CURVE('',#839,#930,#160,.T.);
#797=EDGE_CURVE('',#930,#907,#12,.T.);
#798=EDGE_CURVE('',#906,#931,#13,.F.);
#799=EDGE_CURVE('',#931,#830,#161,.T.);
#800=EDGE_CURVE('',#930,#916,#14,.F.);
#801=EDGE_CURVE('',#917,#931,#15,.T.);
#802=EDGE_CURVE('',#828,#913,#60,.T.);
#803=EDGE_CURVE('',#919,#829,#61,.F.);
#804=EDGE_CURVE('',#835,#932,#162,.T.);
#805=EDGE_CURVE('',#932,#909,#16,.T.);
#806=EDGE_CURVE('',#908,#933,#17,.F.);
#807=EDGE_CURVE('',#933,#838,#163,.T.);
#808=EDGE_CURVE('',#932,#926,#18,.F.);
#809=EDGE_CURVE('',#927,#933,#19,.T.);
#810=EDGE_CURVE('',#836,#923,#62,.T.);
#811=EDGE_CURVE('',#929,#837,#63,.F.);
#812=VERTEX_POINT('',#2172);
#813=VERTEX_POINT('',#2173);
#814=VERTEX_POINT('',#2175);
#815=VERTEX_POINT('',#2177);
#816=VERTEX_POINT('',#2180);
#817=VERTEX_POINT('',#2181);
#818=VERTEX_POINT('',#2183);
#819=VERTEX_POINT('',#2185);
#820=VERTEX_POINT('',#2188);
#821=VERTEX_POINT('',#2189);
#822=VERTEX_POINT('',#2191);
#823=VERTEX_POINT('',#2193);
#824=VERTEX_POINT('',#2195);
#825=VERTEX_POINT('',#2197);
#826=VERTEX_POINT('',#2199);
#827=VERTEX_POINT('',#2201);
#828=VERTEX_POINT('',#2205);
#829=VERTEX_POINT('',#2206);
#830=VERTEX_POINT('',#2208);
#831=VERTEX_POINT('',#2210);
#832=VERTEX_POINT('',#2212);
#833=VERTEX_POINT('',#2214);
#834=VERTEX_POINT('',#2216);
#835=VERTEX_POINT('',#2218);
#836=VERTEX_POINT('',#2220);
#837=VERTEX_POINT('',#2222);
#838=VERTEX_POINT('',#2224);
#839=VERTEX_POINT('',#2226);
#840=VERTEX_POINT('',#2230);
#841=VERTEX_POINT('',#2231);
#842=VERTEX_POINT('',#2233);
#843=VERTEX_POINT('',#2235);
#844=VERTEX_POINT('',#2239);
#845=VERTEX_POINT('',#2240);
#846=VERTEX_POINT('',#2242);
#847=VERTEX_POINT('',#2244);
#848=VERTEX_POINT('',#2248);
#849=VERTEX_POINT('',#2249);
#850=VERTEX_POINT('',#2251);
#851=VERTEX_POINT('',#2253);
#852=VERTEX_POINT('',#2257);
#853=VERTEX_POINT('',#2259);
#854=VERTEX_POINT('',#2263);
#855=VERTEX_POINT('',#2264);
#856=VERTEX_POINT('',#2266);
#857=VERTEX_POINT('',#2268);
#858=VERTEX_POINT('',#2270);
#859=VERTEX_POINT('',#2272);
#860=VERTEX_POINT('',#2274);
#861=VERTEX_POINT('',#2276);
#862=VERTEX_POINT('',#2280);
#863=VERTEX_POINT('',#2282);
#864=VERTEX_POINT('',#2287);
#865=VERTEX_POINT('',#2289);
#866=VERTEX_POINT('',#2292);
#867=VERTEX_POINT('',#2294);
#868=VERTEX_POINT('',#2296);
#869=VERTEX_POINT('',#2298);
#870=VERTEX_POINT('',#2302);
#871=VERTEX_POINT('',#2304);
#872=VERTEX_POINT('',#2308);
#873=VERTEX_POINT('',#2310);
#874=VERTEX_POINT('',#2314);
#875=VERTEX_POINT('',#2315);
#876=VERTEX_POINT('',#2317);
#877=VERTEX_POINT('',#2319);
#878=VERTEX_POINT('',#2323);
#879=VERTEX_POINT('',#2324);
#880=VERTEX_POINT('',#2326);
#881=VERTEX_POINT('',#2328);
#882=VERTEX_POINT('',#2332);
#883=VERTEX_POINT('',#2334);
#884=VERTEX_POINT('',#2338);
#885=VERTEX_POINT('',#2339);
#886=VERTEX_POINT('',#2341);
#887=VERTEX_POINT('',#2343);
#888=VERTEX_POINT('',#2345);
#889=VERTEX_POINT('',#2347);
#890=VERTEX_POINT('',#2349);
#891=VERTEX_POINT('',#2351);
#892=VERTEX_POINT('',#2353);
#893=VERTEX_POINT('',#2355);
#894=VERTEX_POINT('',#2357);
#895=VERTEX_POINT('',#2361);
#896=VERTEX_POINT('',#2362);
#897=VERTEX_POINT('',#2364);
#898=VERTEX_POINT('',#2366);
#899=VERTEX_POINT('',#2368);
#900=VERTEX_POINT('',#2370);
#901=VERTEX_POINT('',#2372);
#902=VERTEX_POINT('',#2374);
#903=VERTEX_POINT('',#2376);
#904=VERTEX_POINT('',#2378);
#905=VERTEX_POINT('',#2380);
#906=VERTEX_POINT('',#2489);
#907=VERTEX_POINT('',#2491);
#908=VERTEX_POINT('',#2494);
#909=VERTEX_POINT('',#2496);
#910=VERTEX_POINT('',#2500);
#911=VERTEX_POINT('',#2501);
#912=VERTEX_POINT('',#2503);
#913=VERTEX_POINT('',#2505);
#914=VERTEX_POINT('',#2509);
#915=VERTEX_POINT('',#2510);
#916=VERTEX_POINT('',#2513);
#917=VERTEX_POINT('',#2515);
#918=VERTEX_POINT('',#2519);
#919=VERTEX_POINT('',#2520);
#920=VERTEX_POINT('',#2528);
#921=VERTEX_POINT('',#2529);
#922=VERTEX_POINT('',#2531);
#923=VERTEX_POINT('',#2533);
#924=VERTEX_POINT('',#2537);
#925=VERTEX_POINT('',#2538);
#926=VERTEX_POINT('',#2541);
#927=VERTEX_POINT('',#2543);
#928=VERTEX_POINT('',#2547);
#929=VERTEX_POINT('',#2548);
#930=VERTEX_POINT('',#2572);
#931=VERTEX_POINT('',#2582);
#932=VERTEX_POINT('',#2600);
#933=VERTEX_POINT('',#2610);
#934=LINE('',#2171,#1064);
#935=LINE('',#2174,#1065);
#936=LINE('',#2176,#1066);
#937=LINE('',#2178,#1067);
#938=LINE('',#2179,#1068);
#939=LINE('',#2182,#1069);
#940=LINE('',#2184,#1070);
#941=LINE('',#2186,#1071);
#942=LINE('',#2187,#1072);
#943=LINE('',#2190,#1073);
#944=LINE('',#2192,#1074);
#945=LINE('',#2194,#1075);
#946=LINE('',#2196,#1076);
#947=LINE('',#2198,#1077);
#948=LINE('',#2200,#1078);
#949=LINE('',#2202,#1079);
#950=LINE('',#2204,#1080);
#951=LINE('',#2207,#1081);
#952=LINE('',#2209,#1082);
#953=LINE('',#2211,#1083);
#954=LINE('',#2213,#1084);
#955=LINE('',#2215,#1085);
#956=LINE('',#2217,#1086);
#957=LINE('',#2219,#1087);
#958=LINE('',#2221,#1088);
#959=LINE('',#2223,#1089);
#960=LINE('',#2225,#1090);
#961=LINE('',#2227,#1091);
#962=LINE('',#2229,#1092);
#963=LINE('',#2232,#1093);
#964=LINE('',#2234,#1094);
#965=LINE('',#2236,#1095);
#966=LINE('',#2238,#1096);
#967=LINE('',#2241,#1097);
#968=LINE('',#2243,#1098);
#969=LINE('',#2245,#1099);
#970=LINE('',#2247,#1100);
#971=LINE('',#2250,#1101);
#972=LINE('',#2252,#1102);
#973=LINE('',#2254,#1103);
#974=LINE('',#2256,#1104);
#975=LINE('',#2258,#1105);
#976=LINE('',#2260,#1106);
#977=LINE('',#2262,#1107);
#978=LINE('',#2265,#1108);
#979=LINE('',#2267,#1109);
#980=LINE('',#2269,#1110);
#981=LINE('',#2271,#1111);
#982=LINE('',#2273,#1112);
#983=LINE('',#2275,#1113);
#984=LINE('',#2277,#1114);
#985=LINE('',#2279,#1115);
#986=LINE('',#2281,#1116);
#987=LINE('',#2283,#1117);
#988=LINE('',#2285,#1118);
#989=LINE('',#2286,#1119);
#990=LINE('',#2288,#1120);
#991=LINE('',#2290,#1121);
#992=LINE('',#2291,#1122);
#993=LINE('',#2293,#1123);
#994=LINE('',#2295,#1124);
#995=LINE('',#2297,#1125);
#996=LINE('',#2299,#1126);
#997=LINE('',#2301,#1127);
#998=LINE('',#2303,#1128);
#999=LINE('',#2305,#1129);
#1000=LINE('',#2307,#1130);
#1001=LINE('',#2309,#1131);
#1002=LINE('',#2311,#1132);
#1003=LINE('',#2313,#1133);
#1004=LINE('',#2316,#1134);
#1005=LINE('',#2318,#1135);
#1006=LINE('',#2320,#1136);
#1007=LINE('',#2322,#1137);
#1008=LINE('',#2325,#1138);
#1009=LINE('',#2327,#1139);
#1010=LINE('',#2329,#1140);
#1011=LINE('',#2331,#1141);
#1012=LINE('',#2333,#1142);
#1013=LINE('',#2335,#1143);
#1014=LINE('',#2337,#1144);
#1015=LINE('',#2340,#1145);
#1016=LINE('',#2342,#1146);
#1017=LINE('',#2344,#1147);
#1018=LINE('',#2346,#1148);
#1019=LINE('',#2348,#1149);
#1020=LINE('',#2350,#1150);
#1021=LINE('',#2352,#1151);
#1022=LINE('',#2354,#1152);
#1023=LINE('',#2358,#1153);
#1024=LINE('',#2360,#1154);
#1025=LINE('',#2363,#1155);
#1026=LINE('',#2365,#1156);
#1027=LINE('',#2367,#1157);
#1028=LINE('',#2369,#1158);
#1029=LINE('',#2373,#1159);
#1030=LINE('',#2375,#1160);
#1031=LINE('',#2377,#1161);
#1032=LINE('',#2379,#1162);
#1033=LINE('',#2381,#1163);
#1034=LINE('',#2383,#1164);
#1035=LINE('',#2385,#1165);
#1036=LINE('',#2387,#1166);
#1037=LINE('',#2389,#1167);
#1038=LINE('',#2490,#1168);
#1039=LINE('',#2495,#1169);
#1040=LINE('',#2499,#1170);
#1041=LINE('',#2502,#1171);
#1042=LINE('',#2504,#1172);
#1043=LINE('',#2506,#1173);
#1044=LINE('',#2508,#1174);
#1045=LINE('',#2511,#1175);
#1046=LINE('',#2514,#1176);
#1047=LINE('',#2518,#1177);
#1048=LINE('',#2521,#1178);
#1049=LINE('',#2522,#1179);
#1050=LINE('',#2524,#1180);
#1051=LINE('',#2525,#1181);
#1052=LINE('',#2527,#1182);
#1053=LINE('',#2530,#1183);
#1054=LINE('',#2532,#1184);
#1055=LINE('',#2534,#1185);
#1056=LINE('',#2536,#1186);
#1057=LINE('',#2539,#1187);
#1058=LINE('',#2542,#1188);
#1059=LINE('',#2546,#1189);
#1060=LINE('',#2549,#1190);
#1061=LINE('',#2550,#1191);
#1062=LINE('',#2552,#1192);
#1063=LINE('',#2553,#1193);
#1064=VECTOR('',#1697,1.);
#1065=VECTOR('',#1698,1.);
#1066=VECTOR('',#1699,1.);
#1067=VECTOR('',#1700,1.);
#1068=VECTOR('',#1701,1.);
#1069=VECTOR('',#1702,1.);
#1070=VECTOR('',#1703,1.);
#1071=VECTOR('',#1704,1.);
#1072=VECTOR('',#1705,1.);
#1073=VECTOR('',#1706,1.);
#1074=VECTOR('',#1707,1.);
#1075=VECTOR('',#1708,1.);
#1076=VECTOR('',#1709,1.);
#1077=VECTOR('',#1710,1.);
#1078=VECTOR('',#1711,1.);
#1079=VECTOR('',#1712,1.);
#1080=VECTOR('',#1715,1.);
#1081=VECTOR('',#1716,1.);
#1082=VECTOR('',#1717,1.);
#1083=VECTOR('',#1718,1.);
#1084=VECTOR('',#1719,1.);
#1085=VECTOR('',#1720,1.);
#1086=VECTOR('',#1721,1.);
#1087=VECTOR('',#1722,1.);
#1088=VECTOR('',#1723,1.);
#1089=VECTOR('',#1724,1.);
#1090=VECTOR('',#1725,1.);
#1091=VECTOR('',#1726,1.);
#1092=VECTOR('',#1729,1.);
#1093=VECTOR('',#1730,1.);
#1094=VECTOR('',#1731,1.);
#1095=VECTOR('',#1732,1.);
#1096=VECTOR('',#1735,1.);
#1097=VECTOR('',#1736,1.);
#1098=VECTOR('',#1737,1.);
#1099=VECTOR('',#1738,1.);
#1100=VECTOR('',#1741,1.);
#1101=VECTOR('',#1742,1.);
#1102=VECTOR('',#1743,1.);
#1103=VECTOR('',#1744,1.);
#1104=VECTOR('',#1747,1.);
#1105=VECTOR('',#1748,1.);
#1106=VECTOR('',#1749,1.);
#1107=VECTOR('',#1752,1.);
#1108=VECTOR('',#1753,1.);
#1109=VECTOR('',#1754,1.);
#1110=VECTOR('',#1755,1.);
#1111=VECTOR('',#1756,1.);
#1112=VECTOR('',#1757,1.);
#1113=VECTOR('',#1758,1.);
#1114=VECTOR('',#1759,1.);
#1115=VECTOR('',#1762,1.);
#1116=VECTOR('',#1763,1.);
#1117=VECTOR('',#1764,1.);
#1118=VECTOR('',#1767,1.);
#1119=VECTOR('',#1768,1.);
#1120=VECTOR('',#1769,1.);
#1121=VECTOR('',#1770,1.);
#1122=VECTOR('',#1771,1.);
#1123=VECTOR('',#1772,1.);
#1124=VECTOR('',#1773,1.);
#1125=VECTOR('',#1774,1.);
#1126=VECTOR('',#1775,1.);
#1127=VECTOR('',#1778,1.);
#1128=VECTOR('',#1779,1.);
#1129=VECTOR('',#1780,1.);
#1130=VECTOR('',#1783,1.);
#1131=VECTOR('',#1784,1.);
#1132=VECTOR('',#1785,1.);
#1133=VECTOR('',#1788,1.);
#1134=VECTOR('',#1789,1.);
#1135=VECTOR('',#1790,1.);
#1136=VECTOR('',#1791,1.);
#1137=VECTOR('',#1794,1.);
#1138=VECTOR('',#1795,1.);
#1139=VECTOR('',#1796,1.);
#1140=VECTOR('',#1797,1.);
#1141=VECTOR('',#1800,1.);
#1142=VECTOR('',#1801,1.);
#1143=VECTOR('',#1802,1.);
#1144=VECTOR('',#1805,1.);
#1145=VECTOR('',#1806,1.);
#1146=VECTOR('',#1807,1.);
#1147=VECTOR('',#1808,1.);
#1148=VECTOR('',#1809,1.);
#1149=VECTOR('',#1810,1.);
#1150=VECTOR('',#1811,1.);
#1151=VECTOR('',#1812,1.);
#1152=VECTOR('',#1813,1.);
#1153=VECTOR('',#1816,1.);
#1154=VECTOR('',#1819,1.);
#1155=VECTOR('',#1820,1.);
#1156=VECTOR('',#1821,1.);
#1157=VECTOR('',#1822,1.);
#1158=VECTOR('',#1823,1.);
#1159=VECTOR('',#1826,1.);
#1160=VECTOR('',#1827,1.);
#1161=VECTOR('',#1828,1.);
#1162=VECTOR('',#1829,1.);
#1163=VECTOR('',#1830,1.);
#1164=VECTOR('',#1833,1.);
#1165=VECTOR('',#1836,1.);
#1166=VECTOR('',#1839,1.);
#1167=VECTOR('',#1842,1.);
#1168=VECTOR('',#2041,1.);
#1169=VECTOR('',#2046,1.);
#1170=VECTOR('',#2051,1.);
#1171=VECTOR('',#2052,1.);
#1172=VECTOR('',#2053,1.);
#1173=VECTOR('',#2054,1.);
#1174=VECTOR('',#2057,1.);
#1175=VECTOR('',#2058,1.);
#1176=VECTOR('',#2061,1.);
#1177=VECTOR('',#2066,1.);
#1178=VECTOR('',#2067,1.);
#1179=VECTOR('',#2068,1.);
#1180=VECTOR('',#2071,1.);
#1181=VECTOR('',#2072,1.);
#1182=VECTOR('',#2075,1.);
#1183=VECTOR('',#2076,1.);
#1184=VECTOR('',#2077,1.);
#1185=VECTOR('',#2078,1.);
#1186=VECTOR('',#2081,1.);
#1187=VECTOR('',#2082,1.);
#1188=VECTOR('',#2085,1.);
#1189=VECTOR('',#2090,1.);
#1190=VECTOR('',#2091,1.);
#1191=VECTOR('',#2092,1.);
#1192=VECTOR('',#2095,1.);
#1193=VECTOR('',#2096,1.);
#1194=EDGE_LOOP('',(#164,#165,#166,#167));
#1195=EDGE_LOOP('',(#168,#169,#170,#171));
#1196=EDGE_LOOP('',(#172,#173,#174,#175,#176,#177,#178,#179));
#1197=EDGE_LOOP('',(#180,#181,#182,#183,#184,#185,#186,#187,#188,#189,#190,
#191));
#1198=EDGE_LOOP('',(#192,#193,#194,#195));
#1199=EDGE_LOOP('',(#196,#197,#198,#199));
#1200=EDGE_LOOP('',(#200,#201,#202,#203));
#1201=EDGE_LOOP('',(#204,#205,#206,#207));
#1202=EDGE_LOOP('',(#208,#209,#210,#211,#212,#213,#214,#215));
#1203=EDGE_LOOP('',(#216,#217,#218,#219));
#1204=EDGE_LOOP('',(#220,#221,#222,#223,#224,#225,#226,#227,#228,#229,#230,
#231));
#1205=EDGE_LOOP('',(#232,#233,#234,#235));
#1206=EDGE_LOOP('',(#236,#237,#238,#239));
#1207=EDGE_LOOP('',(#240,#241,#242,#243));
#1208=EDGE_LOOP('',(#244,#245,#246,#247));
#1209=EDGE_LOOP('',(#248,#249,#250,#251));
#1210=EDGE_LOOP('',(#252,#253,#254,#255,#256,#257,#258,#259,#260,#261,#262));
#1211=EDGE_LOOP('',(#263,#264,#265,#266,#267,#268,#269,#270,#271,#272,#273));
#1212=EDGE_LOOP('',(#274,#275,#276,#277));
#1213=EDGE_LOOP('',(#278,#279,#280,#281));
#1214=EDGE_LOOP('',(#282,#283,#284,#285));
#1215=EDGE_LOOP('',(#286,#287,#288,#289));
#1216=EDGE_LOOP('',(#290,#291,#292,#293));
#1217=EDGE_LOOP('',(#294,#295,#296,#297));
#1218=EDGE_LOOP('',(#298,#299,#300,#301));
#1219=EDGE_LOOP('',(#302,#303,#304,#305));
#1220=EDGE_LOOP('',(#306,#307,#308,#309));
#1221=EDGE_LOOP('',(#310,#311,#312,#313));
#1222=EDGE_LOOP('',(#314,#315,#316,#317));
#1223=EDGE_LOOP('',(#318,#319,#320,#321));
#1224=EDGE_LOOP('',(#322,#323,#324,#325));
#1225=EDGE_LOOP('',(#326,#327,#328,#329));
#1226=EDGE_LOOP('',(#330,#331,#332,#333));
#1227=EDGE_LOOP('',(#334,#335,#336,#337));
#1228=EDGE_LOOP('',(#338,#339,#340,#341));
#1229=EDGE_LOOP('',(#342,#343,#344,#345));
#1230=EDGE_LOOP('',(#346,#347,#348));
#1231=EDGE_LOOP('',(#349,#350,#351));
#1232=EDGE_LOOP('',(#352,#353,#354,#355));
#1233=EDGE_LOOP('',(#356,#357,#358,#359));
#1234=EDGE_LOOP('',(#360,#361,#362,#363));
#1235=EDGE_LOOP('',(#364,#365,#366,#367));
#1236=EDGE_LOOP('',(#368,#369,#370,#371));
#1237=EDGE_LOOP('',(#372,#373,#374,#375));
#1238=EDGE_LOOP('',(#376,#377,#378,#379));
#1239=EDGE_LOOP('',(#380,#381,#382,#383));
#1240=EDGE_LOOP('',(#384,#385,#386,#387));
#1241=EDGE_LOOP('',(#388,#389,#390));
#1242=EDGE_LOOP('',(#391,#392,#393));
#1243=EDGE_LOOP('',(#394,#395,#396));
#1244=EDGE_LOOP('',(#397,#398,#399));
#1245=EDGE_LOOP('',(#400,#401,#402,#403));
#1246=EDGE_LOOP('',(#404,#405,#406,#407));
#1247=EDGE_LOOP('',(#408,#409,#410,#411));
#1248=EDGE_LOOP('',(#412,#413,#414,#415));
#1249=EDGE_LOOP('',(#416,#417,#418,#419));
#1250=EDGE_LOOP('',(#420,#421,#422,#423));
#1251=EDGE_LOOP('',(#424,#425,#426));
#1252=EDGE_LOOP('',(#427,#428,#429));
#1253=EDGE_LOOP('',(#430,#431,#432));
#1254=EDGE_LOOP('',(#433,#434,#435));
#1255=EDGE_LOOP('',(#436,#437,#438,#439));
#1256=EDGE_LOOP('',(#440,#441,#442,#443));
#1257=EDGE_LOOP('',(#444,#445,#446,#447));
#1258=EDGE_LOOP('',(#448,#449,#450,#451));
#1259=EDGE_LOOP('',(#452,#453,#454,#455));
#1260=EDGE_LOOP('',(#456,#457,#458,#459));
#1261=EDGE_LOOP('',(#460,#461,#462,#463,#464,#465,#466,#467,#468,#469,#470,
#471));
#1262=EDGE_LOOP('',(#472,#473,#474,#475));
#1263=EDGE_LOOP('',(#476,#477,#478,#479,#480,#481));
#1264=EDGE_LOOP('',(#482,#483,#484,#485));
#1265=EDGE_LOOP('',(#486,#487,#488,#489));
#1266=EDGE_LOOP('',(#490,#491,#492,#493));
#1267=EDGE_LOOP('',(#494,#495,#496,#497,#498,#499));
#1268=EDGE_LOOP('',(#500,#501,#502,#503));
#1269=EDGE_LOOP('',(#504,#505,#506,#507));
#1270=EDGE_LOOP('',(#508,#509,#510,#511));
#1271=EDGE_LOOP('',(#512,#513,#514,#515));
#1272=EDGE_LOOP('',(#516,#517,#518,#519));
#1273=EDGE_LOOP('',(#520,#521,#522,#523));
#1274=EDGE_LOOP('',(#524,#525,#526,#527));
#1275=EDGE_LOOP('',(#528,#529,#530,#531));
#1276=EDGE_LOOP('',(#532,#533,#534,#535));
#1277=EDGE_LOOP('',(#536,#537,#538,#539));
#1278=EDGE_LOOP('',(#540,#541,#542));
#1279=EDGE_LOOP('',(#543,#544,#545));
#1280=EDGE_LOOP('',(#546,#547,#548,#549,#550,#551));
#1281=EDGE_LOOP('',(#552,#553,#554,#555,#556,#557));
#1282=EDGE_LOOP('',(#558,#559,#560,#561,#562,#563));
#1283=EDGE_LOOP('',(#564,#565,#566,#567));
#1284=EDGE_LOOP('',(#568,#569,#570));
#1285=EDGE_LOOP('',(#571,#572,#573));
#1286=EDGE_LOOP('',(#574,#575,#576,#577,#578,#579));
#1287=EDGE_LOOP('',(#580,#581,#582,#583,#584,#585));
#1288=EDGE_LOOP('',(#586,#587,#588,#589,#590,#591));
#1289=EDGE_LOOP('',(#592,#593,#594,#595));
#1290=FACE_BOUND('',#1194,.T.);
#1291=FACE_BOUND('',#1195,.T.);
#1292=FACE_BOUND('',#1196,.T.);
#1293=FACE_BOUND('',#1197,.T.);
#1294=FACE_BOUND('',#1198,.T.);
#1295=FACE_BOUND('',#1199,.T.);
#1296=FACE_BOUND('',#1200,.T.);
#1297=FACE_BOUND('',#1201,.T.);
#1298=FACE_BOUND('',#1202,.T.);
#1299=FACE_BOUND('',#1203,.T.);
#1300=FACE_BOUND('',#1204,.T.);
#1301=FACE_BOUND('',#1205,.T.);
#1302=FACE_BOUND('',#1206,.T.);
#1303=FACE_BOUND('',#1207,.T.);
#1304=FACE_BOUND('',#1208,.T.);
#1305=FACE_BOUND('',#1209,.T.);
#1306=FACE_BOUND('',#1210,.T.);
#1307=FACE_BOUND('',#1211,.T.);
#1308=FACE_BOUND('',#1212,.T.);
#1309=FACE_BOUND('',#1213,.T.);
#1310=FACE_BOUND('',#1214,.T.);
#1311=FACE_BOUND('',#1215,.T.);
#1312=FACE_BOUND('',#1216,.T.);
#1313=FACE_BOUND('',#1217,.T.);
#1314=FACE_BOUND('',#1218,.T.);
#1315=FACE_BOUND('',#1219,.T.);
#1316=FACE_BOUND('',#1220,.T.);
#1317=FACE_BOUND('',#1221,.T.);
#1318=FACE_BOUND('',#1222,.T.);
#1319=FACE_BOUND('',#1223,.T.);
#1320=FACE_BOUND('',#1224,.T.);
#1321=FACE_BOUND('',#1225,.T.);
#1322=FACE_BOUND('',#1226,.T.);
#1323=FACE_BOUND('',#1227,.T.);
#1324=FACE_BOUND('',#1228,.T.);
#1325=FACE_BOUND('',#1229,.T.);
#1326=FACE_BOUND('',#1230,.T.);
#1327=FACE_BOUND('',#1231,.T.);
#1328=FACE_BOUND('',#1232,.T.);
#1329=FACE_BOUND('',#1233,.T.);
#1330=FACE_BOUND('',#1234,.T.);
#1331=FACE_BOUND('',#1235,.T.);
#1332=FACE_BOUND('',#1236,.T.);
#1333=FACE_BOUND('',#1237,.T.);
#1334=FACE_BOUND('',#1238,.T.);
#1335=FACE_BOUND('',#1239,.T.);
#1336=FACE_BOUND('',#1240,.T.);
#1337=FACE_BOUND('',#1241,.T.);
#1338=FACE_BOUND('',#1242,.T.);
#1339=FACE_BOUND('',#1243,.T.);
#1340=FACE_BOUND('',#1244,.T.);
#1341=FACE_BOUND('',#1245,.T.);
#1342=FACE_BOUND('',#1246,.T.);
#1343=FACE_BOUND('',#1247,.T.);
#1344=FACE_BOUND('',#1248,.T.);
#1345=FACE_BOUND('',#1249,.T.);
#1346=FACE_BOUND('',#1250,.T.);
#1347=FACE_BOUND('',#1251,.T.);
#1348=FACE_BOUND('',#1252,.T.);
#1349=FACE_BOUND('',#1253,.T.);
#1350=FACE_BOUND('',#1254,.T.);
#1351=FACE_BOUND('',#1255,.T.);
#1352=FACE_BOUND('',#1256,.T.);
#1353=FACE_BOUND('',#1257,.T.);
#1354=FACE_BOUND('',#1258,.T.);
#1355=FACE_BOUND('',#1259,.T.);
#1356=FACE_BOUND('',#1260,.T.);
#1357=FACE_BOUND('',#1261,.T.);
#1358=FACE_BOUND('',#1262,.T.);
#1359=FACE_BOUND('',#1263,.T.);
#1360=FACE_BOUND('',#1264,.T.);
#1361=FACE_BOUND('',#1265,.T.);
#1362=FACE_BOUND('',#1266,.T.);
#1363=FACE_BOUND('',#1267,.T.);
#1364=FACE_BOUND('',#1268,.T.);
#1365=FACE_BOUND('',#1269,.T.);
#1366=FACE_BOUND('',#1270,.T.);
#1367=FACE_BOUND('',#1271,.T.);
#1368=FACE_BOUND('',#1272,.T.);
#1369=FACE_BOUND('',#1273,.T.);
#1370=FACE_BOUND('',#1274,.T.);
#1371=FACE_BOUND('',#1275,.T.);
#1372=FACE_BOUND('',#1276,.T.);
#1373=FACE_BOUND('',#1277,.T.);
#1374=FACE_BOUND('',#1278,.T.);
#1375=FACE_BOUND('',#1279,.T.);
#1376=FACE_BOUND('',#1280,.T.);
#1377=FACE_BOUND('',#1281,.T.);
#1378=FACE_BOUND('',#1282,.T.);
#1379=FACE_BOUND('',#1283,.T.);
#1380=FACE_BOUND('',#1284,.T.);
#1381=FACE_BOUND('',#1285,.T.);
#1382=FACE_BOUND('',#1286,.T.);
#1383=FACE_BOUND('',#1287,.T.);
#1384=FACE_BOUND('',#1288,.T.);
#1385=FACE_BOUND('',#1289,.T.);
#1386=PLANE('',#1521);
#1387=PLANE('',#1522);
#1388=PLANE('',#1523);
#1389=PLANE('',#1524);
#1390=PLANE('',#1525);
#1391=PLANE('',#1526);
#1392=PLANE('',#1527);
#1393=PLANE('',#1528);
#1394=PLANE('',#1529);
#1395=PLANE('',#1530);
#1396=PLANE('',#1531);
#1397=PLANE('',#1532);
#1398=PLANE('',#1533);
#1399=PLANE('',#1534);
#1400=PLANE('',#1535);
#1401=PLANE('',#1537);
#1402=PLANE('',#1539);
#1403=PLANE('',#1540);
#1404=PLANE('',#1541);
#1405=PLANE('',#1542);
#1406=PLANE('',#1645);
#1407=PLANE('',#1646);
#1408=PLANE('',#1649);
#1409=PLANE('',#1650);
#1410=PLANE('',#1651);
#1411=PLANE('',#1652);
#1412=PLANE('',#1655);
#1413=PLANE('',#1656);
#1414=ADVANCED_FACE('',(#1290,#1291,#1292),#1386,.F.);
#1415=ADVANCED_FACE('',(#1293),#1387,.T.);
#1416=ADVANCED_FACE('',(#1294),#1388,.T.);
#1417=ADVANCED_FACE('',(#1295),#1389,.F.);
#1418=ADVANCED_FACE('',(#1296),#1390,.T.);
#1419=ADVANCED_FACE('',(#1297),#1391,.F.);
#1420=ADVANCED_FACE('',(#1298),#1392,.T.);
#1421=ADVANCED_FACE('',(#1299),#1393,.T.);
#1422=ADVANCED_FACE('',(#1300),#1394,.F.);
#1423=ADVANCED_FACE('',(#1301),#1395,.F.);
#1424=ADVANCED_FACE('',(#1302),#1396,.T.);
#1425=ADVANCED_FACE('',(#1303),#1397,.T.);
#1426=ADVANCED_FACE('',(#1304),#1398,.T.);
#1427=ADVANCED_FACE('',(#1305),#1399,.F.);
#1428=ADVANCED_FACE('',(#1306),#1400,.T.);
#1429=ADVANCED_FACE('',(#1307),#1401,.F.);
#1430=ADVANCED_FACE('',(#1308),#1402,.F.);
#1431=ADVANCED_FACE('',(#1309),#1403,.T.);
#1432=ADVANCED_FACE('',(#1310),#1404,.T.);
#1433=ADVANCED_FACE('',(#1311),#1405,.F.);
#1434=ADVANCED_FACE('',(#1312),#64,.T.);
#1435=ADVANCED_FACE('',(#1313),#65,.T.);
#1436=ADVANCED_FACE('',(#1314),#66,.T.);
#1437=ADVANCED_FACE('',(#1315),#67,.T.);
#1438=ADVANCED_FACE('',(#1316),#68,.T.);
#1439=ADVANCED_FACE('',(#1317),#69,.T.);
#1440=ADVANCED_FACE('',(#1318),#70,.T.);
#1441=ADVANCED_FACE('',(#1319),#71,.T.);
#1442=ADVANCED_FACE('',(#1320),#72,.T.);
#1443=ADVANCED_FACE('',(#1321),#73,.T.);
#1444=ADVANCED_FACE('',(#1322),#74,.T.);
#1445=ADVANCED_FACE('',(#1323),#75,.T.);
#1446=ADVANCED_FACE('',(#1324),#76,.T.);
#1447=ADVANCED_FACE('',(#1325),#77,.T.);
#1448=ADVANCED_FACE('',(#1326),#26,.T.);
#1449=ADVANCED_FACE('',(#1327),#27,.T.);
#1450=ADVANCED_FACE('',(#1328),#78,.T.);
#1451=ADVANCED_FACE('',(#1329),#79,.T.);
#1452=ADVANCED_FACE('',(#1330),#80,.T.);
#1453=ADVANCED_FACE('',(#1331),#81,.T.);
#1454=ADVANCED_FACE('',(#1332),#82,.T.);
#1455=ADVANCED_FACE('',(#1333),#83,.T.);
#1456=ADVANCED_FACE('',(#1334),#84,.T.);
#1457=ADVANCED_FACE('',(#1335),#85,.T.);
#1458=ADVANCED_FACE('',(#1336),#86,.T.);
#1459=ADVANCED_FACE('',(#1337),#28,.T.);
#1460=ADVANCED_FACE('',(#1338),#29,.T.);
#1461=ADVANCED_FACE('',(#1339),#30,.T.);
#1462=ADVANCED_FACE('',(#1340),#31,.T.);
#1463=ADVANCED_FACE('',(#1341),#87,.T.);
#1464=ADVANCED_FACE('',(#1342),#88,.T.);
#1465=ADVANCED_FACE('',(#1343),#89,.T.);
#1466=ADVANCED_FACE('',(#1344),#90,.T.);
#1467=ADVANCED_FACE('',(#1345),#91,.T.);
#1468=ADVANCED_FACE('',(#1346),#92,.T.);
#1469=ADVANCED_FACE('',(#1347),#32,.T.);
#1470=ADVANCED_FACE('',(#1348),#33,.T.);
#1471=ADVANCED_FACE('',(#1349),#34,.T.);
#1472=ADVANCED_FACE('',(#1350),#35,.T.);
#1473=ADVANCED_FACE('',(#1351),#93,.T.);
#1474=ADVANCED_FACE('',(#1352),#94,.T.);
#1475=ADVANCED_FACE('',(#1353),#95,.T.);
#1476=ADVANCED_FACE('',(#1354),#96,.T.);
#1477=ADVANCED_FACE('',(#1355),#20,.T.);
#1478=ADVANCED_FACE('',(#1356),#21,.T.);
#1479=ADVANCED_FACE('',(#1357),#97,.F.);
#1480=ADVANCED_FACE('',(#1358),#1406,.T.);
#1481=ADVANCED_FACE('',(#1359),#1407,.F.);
#1482=ADVANCED_FACE('',(#1360),#1408,.F.);
#1483=ADVANCED_FACE('',(#1361),#1409,.T.);
#1484=ADVANCED_FACE('',(#1362),#1410,.T.);
#1485=ADVANCED_FACE('',(#1363),#1411,.F.);
#1486=ADVANCED_FACE('',(#1364),#1412,.F.);
#1487=ADVANCED_FACE('',(#1365),#1413,.T.);
#1488=ADVANCED_FACE('',(#1366),#98,.T.);
#1489=ADVANCED_FACE('',(#1367),#99,.T.);
#1490=ADVANCED_FACE('',(#1368),#100,.T.);
#1491=ADVANCED_FACE('',(#1369),#101,.T.);
#1492=ADVANCED_FACE('',(#1370),#102,.T.);
#1493=ADVANCED_FACE('',(#1371),#103,.T.);
#1494=ADVANCED_FACE('',(#1372),#104,.T.);
#1495=ADVANCED_FACE('',(#1373),#105,.T.);
#1496=ADVANCED_FACE('',(#1374),#22,.T.);
#1497=ADVANCED_FACE('',(#1375),#23,.T.);
#1498=ADVANCED_FACE('',(#1376),#106,.T.);
#1499=ADVANCED_FACE('',(#1377),#107,.T.);
#1500=ADVANCED_FACE('',(#1378),#108,.T.);
#1501=ADVANCED_FACE('',(#1379),#109,.T.);
#1502=ADVANCED_FACE('',(#1380),#24,.T.);
#1503=ADVANCED_FACE('',(#1381),#25,.T.);
#1504=ADVANCED_FACE('',(#1382),#110,.T.);
#1505=ADVANCED_FACE('',(#1383),#111,.T.);
#1506=ADVANCED_FACE('',(#1384),#112,.T.);
#1507=ADVANCED_FACE('',(#1385),#113,.T.);
#1508=CLOSED_SHELL('',(#1414,#1415,#1416,#1417,#1418,#1419,#1420,#1421,
#1422,#1423,#1424,#1425,#1426,#1427,#1428,#1429,#1430,#1431,#1432,#1433,
#1434,#1435,#1436,#1437,#1438,#1439,#1440,#1441,#1442,#1443,#1444,#1445,
#1446,#1447,#1448,#1449,#1450,#1451,#1452,#1453,#1454,#1455,#1456,#1457,
#1458,#1459,#1460,#1461,#1462,#1463,#1464,#1465,#1466,#1467,#1468,#1469,
#1470,#1471,#1472,#1473,#1474,#1475,#1476,#1477,#1478,#1479,#1480,#1481,
#1482,#1483,#1484,#1485,#1486,#1487,#1488,#1489,#1490,#1491,#1492,#1493,
#1494,#1495,#1496,#1497,#1498,#1499,#1500,#1501,#1502,#1503,#1504,#1505,
#1506,#1507));
#1509=STYLED_ITEM('',(#1510),#1517);
#1510=PRESENTATION_STYLE_ASSIGNMENT((#1511));
#1511=SURFACE_STYLE_USAGE(.BOTH.,#1512);
#1512=SURFACE_SIDE_STYLE('',(#1513));
#1513=SURFACE_STYLE_FILL_AREA(#1514);
#1514=FILL_AREA_STYLE('',(#1515));
#1515=FILL_AREA_STYLE_COLOUR('',#1516);
#1516=COLOUR_RGB('',0.8,0.635294117647059,0.47843137254902);
#1517=MANIFOLD_SOLID_BREP('Chair',#1508);
#1518=SHAPE_DEFINITION_REPRESENTATION(#2632,#1519);
#1519=SHAPE_REPRESENTATION('Chair',(#1520),#2627);
#1520=AXIS2_PLACEMENT_3D('',#2169,#1693,#1694);
#1521=AXIS2_PLACEMENT_3D('',#2170,#1695,#1696);
#1522=AXIS2_PLACEMENT_3D('',#2203,#1713,#1714);
#1523=AXIS2_PLACEMENT_3D('',#2228,#1727,#1728);
#1524=AXIS2_PLACEMENT_3D('',#2237,#1733,#1734);
#1525=AXIS2_PLACEMENT_3D('',#2246,#1739,#1740);
#1526=AXIS2_PLACEMENT_3D('',#2255,#1745,#1746);
#1527=AXIS2_PLACEMENT_3D('',#2261,#1750,#1751);
#1528=AXIS2_PLACEMENT_3D('',#2278,#1760,#1761);
#1529=AXIS2_PLACEMENT_3D('',#2284,#1765,#1766);
#1530=AXIS2_PLACEMENT_3D('',#2300,#1776,#1777);
#1531=AXIS2_PLACEMENT_3D('',#2306,#1781,#1782);
#1532=AXIS2_PLACEMENT_3D('',#2312,#1786,#1787);
#1533=AXIS2_PLACEMENT_3D('',#2321,#1792,#1793);
#1534=AXIS2_PLACEMENT_3D('',#2330,#1798,#1799);
#1535=AXIS2_PLACEMENT_3D('',#2336,#1803,#1804);
#1536=AXIS2_PLACEMENT_3D('',#2356,#1814,#1815);
#1537=AXIS2_PLACEMENT_3D('',#2359,#1817,#1818);
#1538=AXIS2_PLACEMENT_3D('',#2371,#1824,#1825);
#1539=AXIS2_PLACEMENT_3D('',#2382,#1831,#1832);
#1540=AXIS2_PLACEMENT_3D('',#2384,#1834,#1835);
#1541=AXIS2_PLACEMENT_3D('',#2386,#1837,#1838);
#1542=AXIS2_PLACEMENT_3D('',#2388,#1840,#1841);
#1543=AXIS2_PLACEMENT_3D('',#2390,#1843,#1844);
#1544=AXIS2_PLACEMENT_3D('',#2391,#1845,#1846);
#1545=AXIS2_PLACEMENT_3D('',#2392,#1847,#1848);
#1546=AXIS2_PLACEMENT_3D('',#2393,#1849,#1850);
#1547=AXIS2_PLACEMENT_3D('',#2394,#1851,#1852);
#1548=AXIS2_PLACEMENT_3D('',#2395,#1853,#1854);
#1549=AXIS2_PLACEMENT_3D('',#2396,#1855,#1856);
#1550=AXIS2_PLACEMENT_3D('',#2397,#1857,#1858);
#1551=AXIS2_PLACEMENT_3D('',#2398,#1859,#1860);
#1552=AXIS2_PLACEMENT_3D('',#2399,#1861,#1862);
#1553=AXIS2_PLACEMENT_3D('',#2400,#1863,#1864);
#1554=AXIS2_PLACEMENT_3D('',#2401,#1865,#1866);
#1555=AXIS2_PLACEMENT_3D('',#2402,#1867,#1868);
#1556=AXIS2_PLACEMENT_3D('',#2403,#1869,#1870);
#1557=AXIS2_PLACEMENT_3D('',#2404,#1871,#1872);
#1558=AXIS2_PLACEMENT_3D('',#2405,#1873,#1874);
#1559=AXIS2_PLACEMENT_3D('',#2406,#1875,#1876);
#1560=AXIS2_PLACEMENT_3D('',#2407,#1877,#1878);
#1561=AXIS2_PLACEMENT_3D('',#2408,#1879,#1880);
#1562=AXIS2_PLACEMENT_3D('',#2409,#1881,#1882);
#1563=AXIS2_PLACEMENT_3D('',#2410,#1883,#1884);
#1564=AXIS2_PLACEMENT_3D('',#2411,#1885,#1886);
#1565=AXIS2_PLACEMENT_3D('',#2412,#1887,#1888);
#1566=AXIS2_PLACEMENT_3D('',#2413,#1889,#1890);
#1567=AXIS2_PLACEMENT_3D('',#2414,#1891,#1892);
#1568=AXIS2_PLACEMENT_3D('',#2415,#1893,#1894);
#1569=AXIS2_PLACEMENT_3D('',#2416,#1895,#1896);
#1570=AXIS2_PLACEMENT_3D('',#2417,#1897,#1898);
#1571=AXIS2_PLACEMENT_3D('',#2418,#1899,#1900);
#1572=AXIS2_PLACEMENT_3D('',#2419,#1901,#1902);
#1573=AXIS2_PLACEMENT_3D('',#2420,#1903,#1904);
#1574=AXIS2_PLACEMENT_3D('',#2421,#1905,#1906);
#1575=AXIS2_PLACEMENT_3D('',#2422,#1907,#1908);
#1576=AXIS2_PLACEMENT_3D('',#2423,#1909,#1910);
#1577=AXIS2_PLACEMENT_3D('',#2424,#1911,#1912);
#1578=AXIS2_PLACEMENT_3D('',#2425,#1913,#1914);
#1579=AXIS2_PLACEMENT_3D('',#2426,#1915,#1916);
#1580=AXIS2_PLACEMENT_3D('',#2427,#1917,#1918);
#1581=AXIS2_PLACEMENT_3D('',#2428,#1919,#1920);
#1582=AXIS2_PLACEMENT_3D('',#2429,#1921,#1922);
#1583=AXIS2_PLACEMENT_3D('',#2430,#1923,#1924);
#1584=AXIS2_PLACEMENT_3D('',#2431,#1925,#1926);
#1585=AXIS2_PLACEMENT_3D('',#2432,#1927,#1928);
#1586=AXIS2_PLACEMENT_3D('',#2433,#1929,#1930);
#1587=AXIS2_PLACEMENT_3D('',#2434,#1931,#1932);
#1588=AXIS2_PLACEMENT_3D('',#2435,#1933,#1934);
#1589=AXIS2_PLACEMENT_3D('',#2436,#1935,#1936);
#1590=AXIS2_PLACEMENT_3D('',#2437,#1937,#1938);
#1591=AXIS2_PLACEMENT_3D('',#2438,#1939,#1940);
#1592=AXIS2_PLACEMENT_3D('',#2439,#1941,#1942);
#1593=AXIS2_PLACEMENT_3D('',#2440,#1943,#1944);
#1594=AXIS2_PLACEMENT_3D('',#2441,#1945,#1946);
#1595=AXIS2_PLACEMENT_3D('',#2442,#1947,#1948);
#1596=AXIS2_PLACEMENT_3D('',#2443,#1949,#1950);
#1597=AXIS2_PLACEMENT_3D('',#2444,#1951,#1952);
#1598=AXIS2_PLACEMENT_3D('',#2445,#1953,#1954);
#1599=AXIS2_PLACEMENT_3D('',#2446,#1955,#1956);
#1600=AXIS2_PLACEMENT_3D('',#2447,#1957,#1958);
#1601=AXIS2_PLACEMENT_3D('',#2448,#1959,#1960);
#1602=AXIS2_PLACEMENT_3D('',#2449,#1961,#1962);
#1603=AXIS2_PLACEMENT_3D('',#2450,#1963,#1964);
#1604=AXIS2_PLACEMENT_3D('',#2451,#1965,#1966);
#1605=AXIS2_PLACEMENT_3D('',#2452,#1967,#1968);
#1606=AXIS2_PLACEMENT_3D('',#2453,#1969,#1970);
#1607=AXIS2_PLACEMENT_3D('',#2454,#1971,#1972);
#1608=AXIS2_PLACEMENT_3D('',#2455,#1973,#1974);
#1609=AXIS2_PLACEMENT_3D('',#2456,#1975,#1976);
#1610=AXIS2_PLACEMENT_3D('',#2457,#1977,#1978);
#1611=AXIS2_PLACEMENT_3D('',#2458,#1979,#1980);
#1612=AXIS2_PLACEMENT_3D('',#2459,#1981,#1982);
#1613=AXIS2_PLACEMENT_3D('',#2460,#1983,#1984);
#1614=AXIS2_PLACEMENT_3D('',#2461,#1985,#1986);
#1615=AXIS2_PLACEMENT_3D('',#2462,#1987,#1988);
#1616=AXIS2_PLACEMENT_3D('',#2463,#1989,#1990);
#1617=AXIS2_PLACEMENT_3D('',#2464,#1991,#1992);
#1618=AXIS2_PLACEMENT_3D('',#2465,#1993,#1994);
#1619=AXIS2_PLACEMENT_3D('',#2466,#1995,#1996);
#1620=AXIS2_PLACEMENT_3D('',#2467,#1997,#1998);
#1621=AXIS2_PLACEMENT_3D('',#2468,#1999,#2000);
#1622=AXIS2_PLACEMENT_3D('',#2469,#2001,#2002);
#1623=AXIS2_PLACEMENT_3D('',#2470,#2003,#2004);
#1624=AXIS2_PLACEMENT_3D('',#2471,#2005,#2006);
#1625=AXIS2_PLACEMENT_3D('',#2472,#2007,#2008);
#1626=AXIS2_PLACEMENT_3D('',#2473,#2009,#2010);
#1627=AXIS2_PLACEMENT_3D('',#2474,#2011,#2012);
#1628=AXIS2_PLACEMENT_3D('',#2475,#2013,#2014);
#1629=AXIS2_PLACEMENT_3D('',#2476,#2015,#2016);
#1630=AXIS2_PLACEMENT_3D('',#2477,#2017,#2018);
#1631=AXIS2_PLACEMENT_3D('',#2478,#2019,#2020);
#1632=AXIS2_PLACEMENT_3D('',#2479,#2021,#2022);
#1633=AXIS2_PLACEMENT_3D('',#2480,#2023,#2024);
#1634=AXIS2_PLACEMENT_3D('',#2481,#2025,#2026);
#1635=AXIS2_PLACEMENT_3D('',#2482,#2027,#2028);
#1636=AXIS2_PLACEMENT_3D('',#2483,#2029,#2030);
#1637=AXIS2_PLACEMENT_3D('',#2484,#2031,#2032);
#1638=AXIS2_PLACEMENT_3D('',#2485,#2033,#2034);
#1639=AXIS2_PLACEMENT_3D('',#2486,#2035,#2036);
#1640=AXIS2_PLACEMENT_3D('',#2487,#2037,#2038);
#1641=AXIS2_PLACEMENT_3D('',#2488,#2039,#2040);
#1642=AXIS2_PLACEMENT_3D('',#2492,#2042,#2043);
#1643=AXIS2_PLACEMENT_3D('',#2493,#2044,#2045);
#1644=AXIS2_PLACEMENT_3D('',#2497,#2047,#2048);
#1645=AXIS2_PLACEMENT_3D('',#2498,#2049,#2050);
#1646=AXIS2_PLACEMENT_3D('',#2507,#2055,#2056);
#1647=AXIS2_PLACEMENT_3D('',#2512,#2059,#2060);
#1648=AXIS2_PLACEMENT_3D('',#2516,#2062,#2063);
#1649=AXIS2_PLACEMENT_3D('',#2517,#2064,#2065);
#1650=AXIS2_PLACEMENT_3D('',#2523,#2069,#2070);
#1651=AXIS2_PLACEMENT_3D('',#2526,#2073,#2074);
#1652=AXIS2_PLACEMENT_3D('',#2535,#2079,#2080);
#1653=AXIS2_PLACEMENT_3D('',#2540,#2083,#2084);
#1654=AXIS2_PLACEMENT_3D('',#2544,#2086,#2087);
#1655=AXIS2_PLACEMENT_3D('',#2545,#2088,#2089);
#1656=AXIS2_PLACEMENT_3D('',#2551,#2093,#2094);
#1657=AXIS2_PLACEMENT_3D('',#2554,#2097,#2098);
#1658=AXIS2_PLACEMENT_3D('',#2555,#2099,#2100);
#1659=AXIS2_PLACEMENT_3D('',#2556,#2101,#2102);
#1660=AXIS2_PLACEMENT_3D('',#2557,#2103,#2104);
#1661=AXIS2_PLACEMENT_3D('',#2558,#2105,#2106);
#1662=AXIS2_PLACEMENT_3D('',#2559,#2107,#2108);
#1663=AXIS2_PLACEMENT_3D('',#2560,#2109,#2110);
#1664=AXIS2_PLACEMENT_3D('',#2561,#2111,#2112);
#1665=AXIS2_PLACEMENT_3D('',#2562,#2113,#2114);
#1666=AXIS2_PLACEMENT_3D('',#2563,#2115,#2116);
#1667=AXIS2_PLACEMENT_3D('',#2564,#2117,#2118);
#1668=AXIS2_PLACEMENT_3D('',#2565,#2119,#2120);
#1669=AXIS2_PLACEMENT_3D('',#2566,#2121,#2122);
#1670=AXIS2_PLACEMENT_3D('',#2567,#2123,#2124);
#1671=AXIS2_PLACEMENT_3D('',#2568,#2125,#2126);
#1672=AXIS2_PLACEMENT_3D('',#2569,#2127,#2128);
#1673=AXIS2_PLACEMENT_3D('',#2570,#2129,#2130);
#1674=AXIS2_PLACEMENT_3D('',#2571,#2131,#2132);
#1675=AXIS2_PLACEMENT_3D('',#2577,#2133,#2134);
#1676=AXIS2_PLACEMENT_3D('',#2583,#2135,#2136);
#1677=AXIS2_PLACEMENT_3D('',#2584,#2137,#2138);
#1678=AXIS2_PLACEMENT_3D('',#2593,#2139,#2140);
#1679=AXIS2_PLACEMENT_3D('',#2594,#2141,#2142);
#1680=AXIS2_PLACEMENT_3D('',#2595,#2143,#2144);
#1681=AXIS2_PLACEMENT_3D('',#2596,#2145,#2146);
#1682=AXIS2_PLACEMENT_3D('',#2597,#2147,#2148);
#1683=AXIS2_PLACEMENT_3D('',#2598,#2149,#2150);
#1684=AXIS2_PLACEMENT_3D('',#2599,#2151,#2152);
#1685=AXIS2_PLACEMENT_3D('',#2605,#2153,#2154);
#1686=AXIS2_PLACEMENT_3D('',#2611,#2155,#2156);
#1687=AXIS2_PLACEMENT_3D('',#2612,#2157,#2158);
#1688=AXIS2_PLACEMENT_3D('',#2621,#2159,#2160);
#1689=AXIS2_PLACEMENT_3D('',#2622,#2161,#2162);
#1690=AXIS2_PLACEMENT_3D('',#2623,#2163,#2164);
#1691=AXIS2_PLACEMENT_3D('',#2624,#2165,#2166);
#1692=AXIS2_PLACEMENT_3D('',#2625,#2167,#2168);
#1693=DIRECTION('',(0.,0.,1.));
#1694=DIRECTION('',(1.,0.,0.));
#1695=DIRECTION('',(1.,6.12323399573677E-17,0.));
#1696=DIRECTION('',(-6.12323399573677E-17,1.,0.));
#1697=DIRECTION('',(0.,0.,-1.));
#1698=DIRECTION('',(-6.12323399573677E-17,1.,0.));
#1699=DIRECTION('',(0.,0.,-1.));
#1700=DIRECTION('',(-6.12323399573677E-17,1.,0.));
#1701=DIRECTION('',(0.,0.,-1.));
#1702=DIRECTION('',(-6.12323399573677E-17,1.,0.));
#1703=DIRECTION('',(0.,0.,-1.));
#1704=DIRECTION('',(-6.12323399573677E-17,1.,0.));
#1705=DIRECTION('',(-6.12323399573677E-17,1.,0.));
#1706=DIRECTION('',(0.,0.,-1.));
#1707=DIRECTION('',(-6.12323399573677E-17,1.,0.));
#1708=DIRECTION('',(0.,0.,-1.));
#1709=DIRECTION('',(6.12323399573677E-17,-1.,0.));
#1710=DIRECTION('',(0.,0.,-1.));
#1711=DIRECTION('',(6.12323399573677E-17,-1.,0.));
#1712=DIRECTION('',(0.,0.,-1.));
#1713=DIRECTION('',(1.,7.43452918275775E-17,0.));
#1714=DIRECTION('',(-7.43452918275775E-17,1.,0.));
#1715=DIRECTION('',(0.,0.,-1.));
#1716=DIRECTION('',(-7.43452918275775E-17,1.,0.));
#1717=DIRECTION('',(0.,0.,-1.));
#1718=DIRECTION('',(7.43452918275775E-17,-1.,0.));
#1719=DIRECTION('',(0.,0.,-1.));
#1720=DIRECTION('',(7.43452918275775E-17,-1.,0.));
#1721=DIRECTION('',(0.,0.,-1.));
#1722=DIRECTION('',(-7.43452918275775E-17,1.,0.));
#1723=DIRECTION('',(0.,0.,-1.));
#1724=DIRECTION('',(-7.43452918275775E-17,1.,0.));
#1725=DIRECTION('',(0.,0.,-1.));
#1726=DIRECTION('',(-7.43452918275775E-17,1.,0.));
#1727=DIRECTION('',(0.,-1.,0.));
#1728=DIRECTION('',(0.,0.,-1.));
#1729=DIRECTION('',(0.,0.,-1.));
#1730=DIRECTION('',(-1.,0.,0.));
#1731=DIRECTION('',(0.,0.,-1.));
#1732=DIRECTION('',(1.,0.,0.));
#1733=DIRECTION('',(0.,1.,0.));
#1734=DIRECTION('',(0.,0.,1.));
#1735=DIRECTION('',(1.,0.,0.));
#1736=DIRECTION('',(0.,0.,-1.));
#1737=DIRECTION('',(1.,0.,0.));
#1738=DIRECTION('',(0.,0.,-1.));
#1739=DIRECTION('',(1.,5.78241158658936E-17,0.));
#1740=DIRECTION('',(-5.78241158658936E-17,1.,0.));
#1741=DIRECTION('',(0.,0.,-1.));
#1742=DIRECTION('',(5.78241158658936E-17,-1.,0.));
#1743=DIRECTION('',(0.,0.,-1.));
#1744=DIRECTION('',(-5.78241158658936E-17,1.,0.));
#1745=DIRECTION('',(1.,3.46944695195362E-16,0.));
#1746=DIRECTION('',(-3.46944695195362E-16,1.,0.));
#1747=DIRECTION('',(3.46944695195362E-16,-1.,0.));
#1748=DIRECTION('',(0.,0.,-1.));
#1749=DIRECTION('',(-3.46944695195362E-16,1.,0.));
#1750=DIRECTION('',(1.,0.,0.));
#1751=DIRECTION('',(0.,0.,-1.));
#1752=DIRECTION('',(0.,1.,0.));
#1753=DIRECTION('',(0.,0.,-1.));
#1754=DIRECTION('',(0.,1.,0.));
#1755=DIRECTION('',(0.,0.,-1.));
#1756=DIRECTION('',(0.,-1.,0.));
#1757=DIRECTION('',(0.,0.,-1.));
#1758=DIRECTION('',(0.,-1.,0.));
#1759=DIRECTION('',(0.,0.,-1.));
#1760=DIRECTION('',(1.,5.78241158658936E-17,0.));
#1761=DIRECTION('',(-5.78241158658936E-17,1.,0.));
#1762=DIRECTION('',(5.78241158658936E-17,-1.,0.));
#1763=DIRECTION('',(0.,0.,-1.));
#1764=DIRECTION('',(-5.78241158658936E-17,1.,0.));
#1765=DIRECTION('',(0.,1.,0.));
#1766=DIRECTION('',(0.,0.,1.));
#1767=DIRECTION('',(1.,0.,0.));
#1768=DIRECTION('',(1.,0.,0.));
#1769=DIRECTION('',(0.,0.,-1.));
#1770=DIRECTION('',(1.,0.,0.));
#1771=DIRECTION('',(1.,0.,0.));
#1772=DIRECTION('',(0.,0.,-1.));
#1773=DIRECTION('',(1.,0.,0.));
#1774=DIRECTION('',(0.,0.,-1.));
#1775=DIRECTION('',(1.,0.,0.));
#1776=DIRECTION('',(1.,3.46944695195362E-16,0.));
#1777=DIRECTION('',(-3.46944695195362E-16,1.,0.));
#1778=DIRECTION('',(3.46944695195362E-16,-1.,0.));
#1779=DIRECTION('',(0.,0.,-1.));
#1780=DIRECTION('',(-3.46944695195362E-16,1.,0.));
#1781=DIRECTION('',(0.,-1.,0.));
#1782=DIRECTION('',(0.,0.,-1.));
#1783=DIRECTION('',(-1.,0.,0.));
#1784=DIRECTION('',(0.,0.,-1.));
#1785=DIRECTION('',(1.,0.,0.));
#1786=DIRECTION('',(0.,1.,0.));
#1787=DIRECTION('',(0.,0.,1.));
#1788=DIRECTION('',(1.,0.,0.));
#1789=DIRECTION('',(0.,0.,-1.));
#1790=DIRECTION('',(1.,0.,0.));
#1791=DIRECTION('',(0.,0.,-1.));
#1792=DIRECTION('',(0.,1.,0.));
#1793=DIRECTION('',(0.,0.,1.));
#1794=DIRECTION('',(1.,0.,0.));
#1795=DIRECTION('',(0.,0.,-1.));
#1796=DIRECTION('',(1.,0.,0.));
#1797=DIRECTION('',(0.,0.,-1.));
#1798=DIRECTION('',(0.,1.,0.));
#1799=DIRECTION('',(0.,0.,1.));
#1800=DIRECTION('',(1.,0.,0.));
#1801=DIRECTION('',(0.,0.,-1.));
#1802=DIRECTION('',(1.,0.,0.));
#1803=DIRECTION('',(0.,0.,1.));
#1804=DIRECTION('',(1.,0.,0.));
#1805=DIRECTION('',(1.,0.,0.));
#1806=DIRECTION('',(6.12323399573677E-17,-1.,0.));
#1807=DIRECTION('',(1.,0.,0.));
#1808=DIRECTION('',(5.78241158658936E-17,-1.,0.));
#1809=DIRECTION('',(1.,0.,0.));
#1810=DIRECTION('',(3.46944695195362E-16,-1.,0.));
#1811=DIRECTION('',(-1.,0.,0.));
#1812=DIRECTION('',(0.,-1.,0.));
#1813=DIRECTION('',(1.,0.,0.));
#1814=DIRECTION('',(0.,0.,1.));
#1815=DIRECTION('',(1.,0.,0.));
#1816=DIRECTION('',(7.43452918275775E-17,-1.,0.));
#1817=DIRECTION('',(0.,0.,1.));
#1818=DIRECTION('',(1.,0.,0.));
#1819=DIRECTION('',(5.78241158658936E-17,-1.,0.));
#1820=DIRECTION('',(1.,0.,0.));
#1821=DIRECTION('',(6.12323399573677E-17,-1.,0.));
#1822=DIRECTION('',(1.,0.,0.));
#1823=DIRECTION('',(7.43452918275775E-17,-1.,0.));
#1824=DIRECTION('',(0.,0.,1.));
#1825=DIRECTION('',(1.,0.,0.));
#1826=DIRECTION('',(1.,0.,0.));
#1827=DIRECTION('',(0.,-1.,0.));
#1828=DIRECTION('',(-1.,0.,0.));
#1829=DIRECTION('',(3.46944695195362E-16,-1.,0.));
#1830=DIRECTION('',(1.,0.,0.));
#1831=DIRECTION('',(0.,0.,-1.));
#1832=DIRECTION('',(-1.,0.,0.));
#1833=DIRECTION('',(-6.12323399573677E-17,1.,0.));
#1834=DIRECTION('',(0.,0.,-1.));
#1835=DIRECTION('',(-1.,0.,0.));
#1836=DIRECTION('',(-6.12323399573677E-17,1.,0.));
#1837=DIRECTION('',(0.,0.,-1.));
#1838=DIRECTION('',(-1.,0.,0.));
#1839=DIRECTION('',(0.,1.,0.));
#1840=DIRECTION('',(0.,0.,-1.));
#1841=DIRECTION('',(-1.,0.,0.));
#1842=DIRECTION('',(0.,1.,0.));
#1843=DIRECTION('',(0.,0.,-1.));
#1844=DIRECTION('',(-1.,0.,0.));
#1845=DIRECTION('',(4.32978028117746E-17,-0.707106781186548,-0.707106781186548));
#1846=DIRECTION('',(-4.32978028117746E-17,0.707106781186548,-0.707106781186548));
#1847=DIRECTION('',(-4.32978028117746E-17,0.707106781186548,-0.707106781186548));
#1848=DIRECTION('',(4.32978028117746E-17,-0.707106781186548,-0.707106781186548));
#1849=DIRECTION('',(5.78241158658936E-17,-1.,0.));
#1850=DIRECTION('',(1.,5.78241158658936E-17,0.));
#1851=DIRECTION('',(-0.707106781186548,-0.707106781186548,0.));
#1852=DIRECTION('',(-0.707106781186548,0.707106781186548,0.));
#1853=DIRECTION('',(-0.707106781186548,-0.707106781186548,0.));
#1854=DIRECTION('',(-0.707106781186548,0.707106781186548,0.));
#1855=DIRECTION('',(6.12323399573677E-17,-1.,0.));
#1856=DIRECTION('',(1.,6.12323399573677E-17,0.));
#1857=DIRECTION('',(4.32978028117746E-17,-0.707106781186548,0.707106781186548));
#1858=DIRECTION('',(4.32978028117746E-17,-0.707106781186548,-0.707106781186548));
#1859=DIRECTION('',(-6.12323399573677E-17,1.,0.));
#1860=DIRECTION('',(-1.,-6.12323399573677E-17,0.));
#1861=DIRECTION('',(-4.32978028117746E-17,0.707106781186548,0.707106781186548));
#1862=DIRECTION('',(-4.32978028117746E-17,0.707106781186548,-0.707106781186548));
#1863=DIRECTION('',(-5.78241158658936E-17,1.,0.));
#1864=DIRECTION('',(-1.,-5.78241158658936E-17,0.));
#1865=DIRECTION('',(0.707106781186548,0.707106781186548,0.));
#1866=DIRECTION('',(0.707106781186548,-0.707106781186548,0.));
#1867=DIRECTION('',(0.707106781186548,0.707106781186548,0.));
#1868=DIRECTION('',(0.707106781186548,-0.707106781186548,0.));
#1869=DIRECTION('',(-1.,0.,0.));
#1870=DIRECTION('',(0.,0.,1.));
#1871=DIRECTION('',(-0.707106781186548,0.707106781186547,0.));
#1872=DIRECTION('',(0.707106781186547,0.707106781186548,0.));
#1873=DIRECTION('',(-1.,0.,0.));
#1874=DIRECTION('',(0.,0.,1.));
#1875=DIRECTION('',(-1.,0.,-4.49093767080401E-16));
#1876=DIRECTION('',(-4.49093767080401E-16,0.,1.));
#1877=DIRECTION('',(0.,0.,-1.));
#1878=DIRECTION('',(-1.,0.,0.));
#1879=DIRECTION('',(0.,0.,1.));
#1880=DIRECTION('',(1.,0.,0.));
#1881=DIRECTION('',(0.,0.,-1.));
#1882=DIRECTION('',(-1.,0.,0.));
#1883=DIRECTION('',(0.,0.,-1.));
#1884=DIRECTION('',(-1.,0.,0.));
#1885=DIRECTION('',(1.,0.,0.));
#1886=DIRECTION('',(0.,0.,-1.));
#1887=DIRECTION('',(-1.,0.,0.));
#1888=DIRECTION('',(0.,0.,1.));
#1889=DIRECTION('',(1.,0.,0.));
#1890=DIRECTION('',(0.,0.,-1.));
#1891=DIRECTION('',(0.707106781186548,-0.707106781186547,0.));
#1892=DIRECTION('',(-0.707106781186547,-0.707106781186548,0.));
#1893=DIRECTION('',(0.,0.,1.));
#1894=DIRECTION('',(1.,0.,0.));
#1895=DIRECTION('',(0.,-0.707106781186548,-0.707106781186548));
#1896=DIRECTION('',(0.,-0.707106781186548,0.707106781186548));
#1897=DIRECTION('',(0.,0.707106781186548,-0.707106781186548));
#1898=DIRECTION('',(0.,0.707106781186548,0.707106781186548));
#1899=DIRECTION('',(0.,1.,0.));
#1900=DIRECTION('',(0.,0.,1.));
#1901=DIRECTION('',(0.,0.707106781186548,-0.707106781186548));
#1902=DIRECTION('',(0.,0.707106781186548,0.707106781186548));
#1903=DIRECTION('',(-3.46944695195362E-16,1.,0.));
#1904=DIRECTION('',(-1.,-3.46944695195362E-16,0.));
#1905=DIRECTION('',(-0.707106781186548,0.707106781186547,0.));
#1906=DIRECTION('',(-0.707106781186547,-0.707106781186548,0.));
#1907=DIRECTION('',(0.,-1.,0.));
#1908=DIRECTION('',(0.,0.,-1.));
#1909=DIRECTION('',(0.,-1.,0.));
#1910=DIRECTION('',(0.,0.,-1.));
#1911=DIRECTION('',(0.,-1.,1.19758337888107E-15));
#1912=DIRECTION('',(0.,-1.19758337888107E-15,-1.));
#1913=DIRECTION('',(0.,-1.,0.));
#1914=DIRECTION('',(0.,0.,-1.));
#1915=DIRECTION('',(3.46944695195362E-16,-1.,0.));
#1916=DIRECTION('',(1.,3.46944695195362E-16,0.));
#1917=DIRECTION('',(0.707106781186548,-0.707106781186547,0.));
#1918=DIRECTION('',(0.707106781186547,0.707106781186548,0.));
#1919=DIRECTION('',(0.,-1.,0.));
#1920=DIRECTION('',(0.,0.,-1.));
#1921=DIRECTION('',(0.,-0.707106781186548,-0.707106781186548));
#1922=DIRECTION('',(0.,-0.707106781186548,0.707106781186548));
#1923=DIRECTION('',(0.,0.,-1.));
#1924=DIRECTION('',(-1.,0.,0.));
#1925=DIRECTION('',(0.,0.,1.));
#1926=DIRECTION('',(1.,0.,0.));
#1927=DIRECTION('',(-1.,0.,0.));
#1928=DIRECTION('',(0.,0.,1.));
#1929=DIRECTION('',(1.,0.,0.));
#1930=DIRECTION('',(0.,0.,-1.));
#1931=DIRECTION('',(-6.12323399573677E-17,1.,0.));
#1932=DIRECTION('',(-1.,-6.12323399573677E-17,0.));
#1933=DIRECTION('',(0.,1.,-1.19758337888107E-15));
#1934=DIRECTION('',(0.,1.19758337888107E-15,1.));
#1935=DIRECTION('',(0.,0.,1.));
#1936=DIRECTION('',(1.,0.,0.));
#1937=DIRECTION('',(0.,-1.19758337888107E-15,-1.));
#1938=DIRECTION('',(0.,1.,-1.19758337888107E-15));
#1939=DIRECTION('',(0.,0.,1.));
#1940=DIRECTION('',(1.,0.,0.));
#1941=DIRECTION('',(6.12323399573677E-17,-1.,0.));
#1942=DIRECTION('',(1.,6.12323399573677E-17,0.));
#1943=DIRECTION('',(0.,1.,0.));
#1944=DIRECTION('',(0.,0.,1.));
#1945=DIRECTION('',(1.,0.,0.));
#1946=DIRECTION('',(0.,0.,-1.));
#1947=DIRECTION('',(1.,0.,0.));
#1948=DIRECTION('',(0.,0.,-1.));
#1949=DIRECTION('',(0.,0.,-1.));
#1950=DIRECTION('',(-1.,0.,0.));
#1951=DIRECTION('',(0.,0.,-1.));
#1952=DIRECTION('',(-1.,0.,0.));
#1953=DIRECTION('',(0.,-1.,0.));
#1954=DIRECTION('',(0.,0.,-1.));
#1955=DIRECTION('',(0.,-1.,0.));
#1956=DIRECTION('',(0.,0.,-1.));
#1957=DIRECTION('',(-1.,-1.19758337888107E-15,0.));
#1958=DIRECTION('',(1.19758337888107E-15,-1.,0.));
#1959=DIRECTION('',(-1.,5.98791689440535E-16,0.));
#1960=DIRECTION('',(-5.98791689440535E-16,-1.,0.));
#1961=DIRECTION('',(-1.,-1.19758337888107E-15,1.19758337888107E-15));
#1962=DIRECTION('',(1.19758337888107E-15,0.,1.));
#1963=DIRECTION('',(-1.,0.,1.49697922360134E-16));
#1964=DIRECTION('',(1.49697922360134E-16,0.,1.));
#1965=DIRECTION('',(0.,-1.,0.));
#1966=DIRECTION('',(0.,0.,-1.));
#1967=DIRECTION('',(0.,-1.,0.));
#1968=DIRECTION('',(0.,0.,-1.));
#1969=DIRECTION('',(0.,-1.,0.));
#1970=DIRECTION('',(0.,0.,-1.));
#1971=DIRECTION('',(0.,1.,0.));
#1972=DIRECTION('',(0.,0.,1.));
#1973=DIRECTION('',(1.,0.,0.));
#1974=DIRECTION('',(0.,0.,-1.));
#1975=DIRECTION('',(1.,0.,0.));
#1976=DIRECTION('',(0.,0.,-1.));
#1977=DIRECTION('',(0.,0.,-1.));
#1978=DIRECTION('',(-1.,0.,0.));
#1979=DIRECTION('',(0.,0.,-1.));
#1980=DIRECTION('',(-1.,0.,0.));
#1981=DIRECTION('',(0.,0.,1.));
#1982=DIRECTION('',(1.,0.,0.));
#1983=DIRECTION('',(-1.,0.,0.));
#1984=DIRECTION('',(0.,0.,1.));
#1985=DIRECTION('',(1.,2.99395844720267E-16,0.));
#1986=DIRECTION('',(-2.99395844720267E-16,1.,0.));
#1987=DIRECTION('',(0.,1.,0.));
#1988=DIRECTION('',(0.,0.,1.));
#1989=DIRECTION('',(0.,1.,0.));
#1990=DIRECTION('',(0.,0.,1.));
#1991=DIRECTION('',(0.,0.,-1.));
#1992=DIRECTION('',(-1.,0.,0.));
#1993=DIRECTION('',(0.,0.,1.));
#1994=DIRECTION('',(1.,0.,0.));
#1995=DIRECTION('',(0.,0.,-1.));
#1996=DIRECTION('',(-1.,0.,0.));
#1997=DIRECTION('',(1.,0.,0.));
#1998=DIRECTION('',(0.,0.,-1.));
#1999=DIRECTION('',(1.,0.,0.));
#2000=DIRECTION('',(0.,0.,-1.));
#2001=DIRECTION('',(0.,1.,0.));
#2002=DIRECTION('',(0.,0.,1.));
#2003=DIRECTION('',(0.,1.,0.));
#2004=DIRECTION('',(0.,0.,1.));
#2005=DIRECTION('',(0.,1.,0.));
#2006=DIRECTION('',(0.,0.,1.));
#2007=DIRECTION('',(0.,1.,-1.19758337888107E-15));
#2008=DIRECTION('',(0.,1.19758337888107E-15,1.));
#2009=DIRECTION('',(1.,0.,0.));
#2010=DIRECTION('',(0.,0.,-1.));
#2011=DIRECTION('',(1.,0.,0.));
#2012=DIRECTION('',(0.,0.,-1.));
#2013=DIRECTION('',(1.,0.,0.));
#2014=DIRECTION('',(0.,0.,-1.));
#2015=DIRECTION('',(-1.,0.,0.));
#2016=DIRECTION('',(0.,0.,1.));
#2017=DIRECTION('',(7.43452918275775E-17,-1.,0.));
#2018=DIRECTION('',(1.,7.43452918275775E-17,0.));
#2019=DIRECTION('',(0.,-1.,0.));
#2020=DIRECTION('',(0.,0.,-1.));
#2021=DIRECTION('',(-7.43452918275775E-17,1.,0.));
#2022=DIRECTION('',(-1.,-7.43452918275775E-17,0.));
#2023=DIRECTION('',(0.,-1.,0.));
#2024=DIRECTION('',(0.,0.,-1.));
#2025=DIRECTION('',(-1.,0.,0.));
#2026=DIRECTION('',(0.,0.,1.));
#2027=DIRECTION('',(-1.,0.,0.));
#2028=DIRECTION('',(0.,0.,1.));
#2029=DIRECTION('',(0.,0.,1.));
#2030=DIRECTION('',(1.,0.,0.));
#2031=DIRECTION('',(0.,0.,1.));
#2032=DIRECTION('',(1.,0.,0.));
#2033=DIRECTION('',(0.,0.,1.));
#2034=DIRECTION('',(1.,0.,0.));
#2035=DIRECTION('',(0.,0.,1.));
#2036=DIRECTION('',(1.,0.,0.));
#2037=DIRECTION('',(0.,0.,1.));
#2038=DIRECTION('',(1.,0.,0.));
#2039=DIRECTION('',(0.,0.,-1.));
#2040=DIRECTION('',(-1.,0.,0.));
#2041=DIRECTION('',(0.,0.,1.));
#2042=DIRECTION('',(0.,0.,-1.));
#2043=DIRECTION('',(-1.,0.,0.));
#2044=DIRECTION('',(0.,0.,-1.));
#2045=DIRECTION('',(-1.,0.,0.));
#2046=DIRECTION('',(0.,0.,1.));
#2047=DIRECTION('',(0.,0.,-1.));
#2048=DIRECTION('',(-1.,0.,0.));
#2049=DIRECTION('',(0.,0.,-1.));
#2050=DIRECTION('',(-1.,0.,0.));
#2051=DIRECTION('',(1.,7.43452918275775E-17,0.));
#2052=DIRECTION('',(-6.12323399573677E-17,1.,0.));
#2053=DIRECTION('',(1.,7.43452918275775E-17,0.));
#2054=DIRECTION('',(-7.43452918275775E-17,1.,0.));
#2055=DIRECTION('',(7.43452918275775E-17,-1.,0.));
#2056=DIRECTION('',(1.,7.43452918275775E-17,0.));
#2057=DIRECTION('',(1.,7.43452918275775E-17,0.));
#2058=DIRECTION('',(0.,0.,-1.));
#2059=DIRECTION('',(7.43452918275775E-17,-1.,0.));
#2060=DIRECTION('',(1.,7.43452918275775E-17,0.));
#2061=DIRECTION('',(0.,0.,1.));
#2062=DIRECTION('',(7.43452918275775E-17,-1.,0.));
#2063=DIRECTION('',(1.,7.43452918275775E-17,0.));
#2064=DIRECTION('',(0.,0.,-1.));
#2065=DIRECTION('',(-1.,0.,0.));
#2066=DIRECTION('',(1.,7.43452918275775E-17,0.));
#2067=DIRECTION('',(-6.12323399573677E-17,1.,0.));
#2068=DIRECTION('',(-7.43452918275775E-17,1.,0.));
#2069=DIRECTION('',(7.43452918275775E-17,-1.,0.));
#2070=DIRECTION('',(1.,7.43452918275775E-17,0.));
#2071=DIRECTION('',(0.,0.,-1.));
#2072=DIRECTION('',(0.,0.,-1.));
#2073=DIRECTION('',(0.,0.,-1.));
#2074=DIRECTION('',(-1.,0.,0.));
#2075=DIRECTION('',(1.,7.43452918275775E-17,0.));
#2076=DIRECTION('',(-6.12323399573677E-17,1.,0.));
#2077=DIRECTION('',(1.,7.43452918275775E-17,0.));
#2078=DIRECTION('',(-7.43452918275775E-17,1.,0.));
#2079=DIRECTION('',(7.43452918275775E-17,-1.,0.));
#2080=DIRECTION('',(1.,7.43452918275775E-17,0.));
#2081=DIRECTION('',(1.,7.43452918275775E-17,0.));
#2082=DIRECTION('',(0.,0.,-1.));
#2083=DIRECTION('',(7.43452918275775E-17,-1.,0.));
#2084=DIRECTION('',(1.,7.43452918275775E-17,0.));
#2085=DIRECTION('',(0.,0.,1.));
#2086=DIRECTION('',(7.43452918275775E-17,-1.,0.));
#2087=DIRECTION('',(1.,7.43452918275775E-17,0.));
#2088=DIRECTION('',(0.,0.,-1.));
#2089=DIRECTION('',(-1.,0.,0.));
#2090=DIRECTION('',(1.,7.43452918275775E-17,0.));
#2091=DIRECTION('',(-6.12323399573677E-17,1.,0.));
#2092=DIRECTION('',(-7.43452918275775E-17,1.,0.));
#2093=DIRECTION('',(7.43452918275775E-17,-1.,0.));
#2094=DIRECTION('',(1.,7.43452918275775E-17,0.));
#2095=DIRECTION('',(0.,0.,-1.));
#2096=DIRECTION('',(0.,0.,-1.));
#2097=DIRECTION('',(0.,0.,-1.));
#2098=DIRECTION('',(-1.,0.,0.));
#2099=DIRECTION('',(-4.32978028117746E-17,0.707106781186548,-0.707106781186548));
#2100=DIRECTION('',(4.32978028117746E-17,-0.707106781186548,-0.707106781186548));
#2101=DIRECTION('',(4.32978028117746E-17,-0.707106781186548,-0.707106781186548));
#2102=DIRECTION('',(-4.32978028117746E-17,0.707106781186548,-0.707106781186548));
#2103=DIRECTION('',(6.12323399573677E-17,-1.,0.));
#2104=DIRECTION('',(1.,6.12323399573677E-17,0.));
#2105=DIRECTION('',(4.32978028117746E-17,-0.707106781186548,0.707106781186548));
#2106=DIRECTION('',(-4.32978028117746E-17,0.707106781186548,0.707106781186548));
#2107=DIRECTION('',(-6.12323399573677E-17,1.,0.));
#2108=DIRECTION('',(-1.,-6.12323399573677E-17,0.));
#2109=DIRECTION('',(-4.32978028117746E-17,0.707106781186548,0.707106781186548));
#2110=DIRECTION('',(4.32978028117746E-17,-0.707106781186548,0.707106781186548));
#2111=DIRECTION('',(0.,0.,1.));
#2112=DIRECTION('',(1.,0.,0.));
#2113=DIRECTION('',(0.,0.,-1.));
#2114=DIRECTION('',(-1.,0.,0.));
#2115=DIRECTION('',(-4.32978028117746E-17,0.707106781186548,-0.707106781186548));
#2116=DIRECTION('',(4.32978028117746E-17,-0.707106781186548,-0.707106781186548));
#2117=DIRECTION('',(4.32978028117746E-17,-0.707106781186548,-0.707106781186548));
#2118=DIRECTION('',(-4.32978028117746E-17,0.707106781186548,-0.707106781186548));
#2119=DIRECTION('',(6.12323399573677E-17,-1.,0.));
#2120=DIRECTION('',(1.,6.12323399573677E-17,0.));
#2121=DIRECTION('',(4.32978028117746E-17,-0.707106781186548,0.707106781186548));
#2122=DIRECTION('',(-4.32978028117746E-17,0.707106781186548,0.707106781186548));
#2123=DIRECTION('',(-6.12323399573677E-17,1.,0.));
#2124=DIRECTION('',(-1.,-6.12323399573677E-17,0.));
#2125=DIRECTION('',(-4.32978028117746E-17,0.707106781186548,0.707106781186548));
#2126=DIRECTION('',(4.32978028117746E-17,-0.707106781186548,0.707106781186548));
#2127=DIRECTION('',(0.,0.,1.));
#2128=DIRECTION('',(1.,0.,0.));
#2129=DIRECTION('',(0.,0.,-1.));
#2130=DIRECTION('',(-1.,0.,0.));
#2131=DIRECTION('',(0.,1.,0.));
#2132=DIRECTION('',(0.,0.,1.));
#2133=DIRECTION('',(0.,0.,-1.));
#2134=DIRECTION('',(-1.,0.,0.));
#2135=DIRECTION('',(0.,1.,0.));
#2136=DIRECTION('',(0.,0.,1.));
#2137=DIRECTION('',(0.,0.,1.));
#2138=DIRECTION('',(1.,0.,0.));
#2139=DIRECTION('',(-7.43452918275775E-17,1.,0.));
#2140=DIRECTION('',(-1.,-7.43452918275775E-17,0.));
#2141=DIRECTION('',(-5.25700600005728E-17,0.707106781186548,-0.707106781186548));
#2142=DIRECTION('',(5.25700600005728E-17,-0.707106781186548,-0.707106781186548));
#2143=DIRECTION('',(7.43452918275775E-17,-1.,0.));
#2144=DIRECTION('',(1.,7.43452918275775E-17,0.));
#2145=DIRECTION('',(5.25700600005728E-17,-0.707106781186548,-0.707106781186548));
#2146=DIRECTION('',(-5.25700600005728E-17,0.707106781186548,-0.707106781186548));
#2147=DIRECTION('',(0.,0.,-1.));
#2148=DIRECTION('',(-1.,0.,0.));
#2149=DIRECTION('',(0.,0.,-1.));
#2150=DIRECTION('',(-1.,0.,0.));
#2151=DIRECTION('',(0.,1.,0.));
#2152=DIRECTION('',(0.,0.,1.));
#2153=DIRECTION('',(0.,0.,-1.));
#2154=DIRECTION('',(-1.,0.,0.));
#2155=DIRECTION('',(0.,1.,0.));
#2156=DIRECTION('',(0.,0.,1.));
#2157=DIRECTION('',(0.,0.,1.));
#2158=DIRECTION('',(1.,0.,0.));
#2159=DIRECTION('',(-7.43452918275775E-17,1.,0.));
#2160=DIRECTION('',(-1.,-7.43452918275775E-17,0.));
#2161=DIRECTION('',(-5.25700600005728E-17,0.707106781186548,-0.707106781186548));
#2162=DIRECTION('',(5.25700600005728E-17,-0.707106781186548,-0.707106781186548));
#2163=DIRECTION('',(7.43452918275775E-17,-1.,0.));
#2164=DIRECTION('',(1.,7.43452918275775E-17,0.));
#2165=DIRECTION('',(5.25700600005728E-17,-0.707106781186548,-0.707106781186548));
#2166=DIRECTION('',(-5.25700600005728E-17,0.707106781186548,-0.707106781186548));
#2167=DIRECTION('',(0.,0.,-1.));
#2168=DIRECTION('',(-1.,0.,0.));
#2169=CARTESIAN_POINT('',(0.,0.,0.));
#2170=CARTESIAN_POINT('',(-4.59242549680258E-19,-0.0175,0.013));
#2171=CARTESIAN_POINT('',(-4.81379659412604E-19,-0.0171384735623731,0.013));
#2172=CARTESIAN_POINT('',(-4.81379659412604E-19,-0.0171384735623731,0.00574852));
#2173=CARTESIAN_POINT('',(-4.81379659412604E-19,-0.0171384735623731,0.0023));
#2174=CARTESIAN_POINT('',(-4.59242549680258E-19,-0.0175,0.0023));
#2175=CARTESIAN_POINT('',(-1.4273286878908E-18,-0.0016899535623731,0.0023));
#2176=CARTESIAN_POINT('',(-1.4273286878908E-18,-0.0016899535623731,0.00502426));
#2177=CARTESIAN_POINT('',(-1.4273286878908E-18,-0.0016899535623731,0.00574852));
#2178=CARTESIAN_POINT('',(-5.25727793950127E-19,-0.0164142135623731,0.00574852));
#2179=CARTESIAN_POINT('',(-4.76126755100102E-19,-0.01722426,0.013));
#2180=CARTESIAN_POINT('',(-4.76126755100102E-19,-0.01722426,0.01074852));
#2181=CARTESIAN_POINT('',(-4.76126755100102E-19,-0.01722426,0.0073));
#2182=CARTESIAN_POINT('',(-4.59242549680258E-19,-0.0175,0.0073));
#2183=CARTESIAN_POINT('',(-1.4220757835783E-18,-0.00177574,0.0073));
#2184=CARTESIAN_POINT('',(-1.4220757835783E-18,-0.00177574,0.01002426));
#2185=CARTESIAN_POINT('',(-1.42207578357829E-18,-0.00177574,0.01074852));
#2186=CARTESIAN_POINT('',(-5.20474889637625E-19,-0.0165,0.01074852));
#2187=CARTESIAN_POINT('',(-4.59242549680258E-19,-0.0175,0.00177574));
#2188=CARTESIAN_POINT('',(5.67975265036154E-19,-0.03427574,0.00177574));
#2189=CARTESIAN_POINT('',(-3.50509834324362E-19,-0.01927574,0.00177574));
#2190=CARTESIAN_POINT('',(-3.50509834324362E-19,-0.01927574,0.013));
#2191=CARTESIAN_POINT('',(-3.50509834324362E-19,-0.01927574,0.01122426));
#2192=CARTESIAN_POINT('',(6.12323399573676E-19,-0.035,0.01122426));
#2193=CARTESIAN_POINT('',(5.67975265036154E-19,-0.03427574,0.01122426));
#2194=CARTESIAN_POINT('',(5.67975265036154E-19,-0.03427574,0.013));
#2195=CARTESIAN_POINT('',(5.67975265036154E-19,-0.03427574,0.01227574));
#2196=CARTESIAN_POINT('',(-1.53080849893419E-18,-4.43481345375231E-20,0.01227574));
#2197=CARTESIAN_POINT('',(-1.48646036439667E-18,-0.00072426,0.01227574));
#2198=CARTESIAN_POINT('',(-1.48646036439667E-18,-0.00072426,0.));
#2199=CARTESIAN_POINT('',(-1.48646036439667E-18,-0.00072426,0.00072426));
#2200=CARTESIAN_POINT('',(-4.59242549680258E-19,-0.0175,0.00072426));
#2201=CARTESIAN_POINT('',(5.67975265036154E-19,-0.03427574,0.00072426));
#2202=CARTESIAN_POINT('',(5.67975265036154E-19,-0.03427574,0.013));
#2203=CARTESIAN_POINT('',(0.0025,-0.00875,0.013));
#2204=CARTESIAN_POINT('',(0.0025,-0.0016899535623731,0.013));
#2205=CARTESIAN_POINT('',(0.0025,-0.0016899535623731,0.00574852));
#2206=CARTESIAN_POINT('',(0.0025,-0.0016899535623731,0.0023));
#2207=CARTESIAN_POINT('',(0.0025,-0.0164142135623731,0.0023));
#2208=CARTESIAN_POINT('',(0.0025,-0.01677574,0.0023));
#2209=CARTESIAN_POINT('',(0.0025,-0.01677574,0.));
#2210=CARTESIAN_POINT('',(0.0025,-0.01677574,0.00072426));
#2211=CARTESIAN_POINT('',(0.0025,5.38453210590412E-20,0.00072426));
#2212=CARTESIAN_POINT('',(0.0025,-0.00072426,0.00072426));
#2213=CARTESIAN_POINT('',(0.0025,-0.00072426,0.013));
#2214=CARTESIAN_POINT('',(0.0025,-0.00072426,0.01227574));
#2215=CARTESIAN_POINT('',(0.0025,-0.00875,0.01227574));
#2216=CARTESIAN_POINT('',(0.0025,-0.01677574,0.01227574));
#2217=CARTESIAN_POINT('',(0.0025,-0.01677574,0.));
#2218=CARTESIAN_POINT('',(0.0025,-0.01677574,0.01074852));
#2219=CARTESIAN_POINT('',(0.0025,-0.00875,0.01074852));
#2220=CARTESIAN_POINT('',(0.0025,-0.00177574,0.01074852));
#2221=CARTESIAN_POINT('',(0.0025,-0.00177574,0.013));
#2222=CARTESIAN_POINT('',(0.0025,-0.00177574,0.0073));
#2223=CARTESIAN_POINT('',(0.0025,-0.0165,0.0073));
#2224=CARTESIAN_POINT('',(0.0025,-0.01677574,0.0073));
#2225=CARTESIAN_POINT('',(0.0025,-0.01677574,0.));
#2226=CARTESIAN_POINT('',(0.0025,-0.01677574,0.00574852));
#2227=CARTESIAN_POINT('',(0.0025,-0.00875,0.00574852));
#2228=CARTESIAN_POINT('',(0.01375,-0.035,0.013));
#2229=CARTESIAN_POINT('',(0.01427574,-0.035,0.013));
#2230=CARTESIAN_POINT('',(0.01427574,-0.035,0.0105));
#2231=CARTESIAN_POINT('',(0.01427574,-0.035,0.01227574));
#2232=CARTESIAN_POINT('',(0.01375,-0.035,0.01227574));
#2233=CARTESIAN_POINT('',(0.0125,-0.035,0.01227574));
#2234=CARTESIAN_POINT('',(0.0125,-0.035,0.013));
#2235=CARTESIAN_POINT('',(0.0125,-0.035,0.0105));
#2236=CARTESIAN_POINT('',(-0.01,-0.035,0.0105));
#2237=CARTESIAN_POINT('',(0.00125,-0.035,0.013));
#2238=CARTESIAN_POINT('',(-0.01,-0.035,0.0025));
#2239=CARTESIAN_POINT('',(0.00072426,-0.035,0.0025));
#2240=CARTESIAN_POINT('',(0.0025,-0.035,0.0025));
#2241=CARTESIAN_POINT('',(0.00072426,-0.035,0.013));
#2242=CARTESIAN_POINT('',(0.00072426,-0.035,0.00072426));
#2243=CARTESIAN_POINT('',(0.00125,-0.035,0.00072426));
#2244=CARTESIAN_POINT('',(0.0025,-0.035,0.00072426));
#2245=CARTESIAN_POINT('',(0.0025,-0.035,0.013));
#2246=CARTESIAN_POINT('',(0.0025,-0.0275,0.013));
#2247=CARTESIAN_POINT('',(0.0025,-0.02,0.013));
#2248=CARTESIAN_POINT('',(0.0025,-0.02,0.01227574));
#2249=CARTESIAN_POINT('',(0.0025,-0.02,0.0105));
#2250=CARTESIAN_POINT('',(0.0025,-0.0275,0.01227574));
#2251=CARTESIAN_POINT('',(0.0025,-0.035,0.01227574));
#2252=CARTESIAN_POINT('',(0.0025,-0.035,0.013));
#2253=CARTESIAN_POINT('',(0.0025,-0.035,0.0105));
#2254=CARTESIAN_POINT('',(0.0025,-0.0275,0.0105));
#2255=CARTESIAN_POINT('',(0.0125,-0.0275,0.013));
#2256=CARTESIAN_POINT('',(0.0125,-0.02,0.01227574));
#2257=CARTESIAN_POINT('',(0.0125,-0.02,0.01227574));
#2258=CARTESIAN_POINT('',(0.0125,-0.02,0.013));
#2259=CARTESIAN_POINT('',(0.0125,-0.02,0.0105));
#2260=CARTESIAN_POINT('',(0.0125,-0.0275,0.0105));
#2261=CARTESIAN_POINT('',(0.015,-0.01875,0.013));
#2262=CARTESIAN_POINT('',(0.015,-0.01875,0.01122426));
#2263=CARTESIAN_POINT('',(0.015,-0.03427574,0.01122426));
#2264=CARTESIAN_POINT('',(0.015,-0.01927574,0.01122426));
#2265=CARTESIAN_POINT('',(0.015,-0.01927574,0.0025));
#2266=CARTESIAN_POINT('',(0.015,-0.01927574,0.00177574));
#2267=CARTESIAN_POINT('',(0.015,-0.035,0.00177574));
#2268=CARTESIAN_POINT('',(0.015,-0.03427574,0.00177574));
#2269=CARTESIAN_POINT('',(0.015,-0.03427574,0.013));
#2270=CARTESIAN_POINT('',(0.015,-0.03427574,0.00072426));
#2271=CARTESIAN_POINT('',(0.015,-0.0175,0.00072426));
#2272=CARTESIAN_POINT('',(0.015,-0.01822426,0.00072426));
#2273=CARTESIAN_POINT('',(0.015,-0.01822426,0.013));
#2274=CARTESIAN_POINT('',(0.015,-0.01822426,0.01227574));
#2275=CARTESIAN_POINT('',(0.015,-0.01875,0.01227574));
#2276=CARTESIAN_POINT('',(0.015,-0.03427574,0.01227574));
#2277=CARTESIAN_POINT('',(0.015,-0.03427574,0.013));
#2278=CARTESIAN_POINT('',(0.0025,-0.0275,0.013));
#2279=CARTESIAN_POINT('',(0.0025,-0.02,0.00072426));
#2280=CARTESIAN_POINT('',(0.0025,-0.02,0.00072426));
#2281=CARTESIAN_POINT('',(0.0025,-0.02,0.013));
#2282=CARTESIAN_POINT('',(0.0025,-0.02,0.0025));
#2283=CARTESIAN_POINT('',(0.0025,-0.0275,0.0025));
#2284=CARTESIAN_POINT('',(0.0075,-0.02,0.013));
#2285=CARTESIAN_POINT('',(0.0025,-0.02,0.01227574));
#2286=CARTESIAN_POINT('',(-0.01,-0.02,0.0105));
#2287=CARTESIAN_POINT('',(0.00072426,-0.02,0.0105));
#2288=CARTESIAN_POINT('',(0.00072426,-0.02,0.013));
#2289=CARTESIAN_POINT('',(0.00072426,-0.02,0.0025));
#2290=CARTESIAN_POINT('',(-0.01,-0.02,0.0025));
#2291=CARTESIAN_POINT('',(0.0075,-0.02,0.00072426));
#2292=CARTESIAN_POINT('',(0.0125,-0.02,0.00072426));
#2293=CARTESIAN_POINT('',(0.0125,-0.02,0.013));
#2294=CARTESIAN_POINT('',(0.0125,-0.02,0.0025));
#2295=CARTESIAN_POINT('',(-0.01,-0.02,0.0025));
#2296=CARTESIAN_POINT('',(0.01427574,-0.02,0.0025));
#2297=CARTESIAN_POINT('',(0.01427574,-0.02,0.0105));
#2298=CARTESIAN_POINT('',(0.01427574,-0.02,0.0105));
#2299=CARTESIAN_POINT('',(-0.01,-0.02,0.0105));
#2300=CARTESIAN_POINT('',(0.0125,-0.0275,0.013));
#2301=CARTESIAN_POINT('',(0.0125,-0.0275,0.00072426));
#2302=CARTESIAN_POINT('',(0.0125,-0.035,0.00072426));
#2303=CARTESIAN_POINT('',(0.0125,-0.035,0.013));
#2304=CARTESIAN_POINT('',(0.0125,-0.035,0.0025));
#2305=CARTESIAN_POINT('',(0.0125,-0.0275,0.0025));
#2306=CARTESIAN_POINT('',(0.01375,-0.035,0.013));
#2307=CARTESIAN_POINT('',(0.015,-0.035,0.00072426));
#2308=CARTESIAN_POINT('',(0.01427574,-0.035,0.00072426));
#2309=CARTESIAN_POINT('',(0.01427574,-0.035,0.013));
#2310=CARTESIAN_POINT('',(0.01427574,-0.035,0.0025));
#2311=CARTESIAN_POINT('',(-0.01,-0.035,0.0025));
#2312=CARTESIAN_POINT('',(0.00875,-0.0175,0.013));
#2313=CARTESIAN_POINT('',(0.0025,-0.0175,0.00072426));
#2314=CARTESIAN_POINT('',(0.01427574,-0.0175,0.00072426));
#2315=CARTESIAN_POINT('',(0.00322426,-0.0175,0.00072426));
#2316=CARTESIAN_POINT('',(0.00322426,-0.0175,0.013));
#2317=CARTESIAN_POINT('',(0.00322426,-0.0175,0.01227574));
#2318=CARTESIAN_POINT('',(0.00875,-0.0175,0.01227574));
#2319=CARTESIAN_POINT('',(0.01427574,-0.0175,0.01227574));
#2320=CARTESIAN_POINT('',(0.01427574,-0.0175,0.013));
#2321=CARTESIAN_POINT('',(0.00125,0.,0.013));
#2322=CARTESIAN_POINT('',(0.00125,0.,0.01227574));
#2323=CARTESIAN_POINT('',(0.00072426,0.,0.01227574));
#2324=CARTESIAN_POINT('',(0.00177574,0.,0.01227574));
#2325=CARTESIAN_POINT('',(0.00177574,0.,0.013));
#2326=CARTESIAN_POINT('',(0.00177574,0.,0.00072426));
#2327=CARTESIAN_POINT('',(0.,0.,0.00072426));
#2328=CARTESIAN_POINT('',(0.00072426,0.,0.00072426));
#2329=CARTESIAN_POINT('',(0.00072426,0.,0.013));
#2330=CARTESIAN_POINT('',(0.00125,-0.035,0.013));
#2331=CARTESIAN_POINT('',(8.67361737988404E-19,-0.035,0.01227574));
#2332=CARTESIAN_POINT('',(0.00072426,-0.035,0.01227574));
#2333=CARTESIAN_POINT('',(0.00072426,-0.035,0.013));
#2334=CARTESIAN_POINT('',(0.00072426,-0.035,0.0105));
#2335=CARTESIAN_POINT('',(-0.01,-0.035,0.0105));
#2336=CARTESIAN_POINT('',(0.0075,-0.0175,0.013));
#2337=CARTESIAN_POINT('',(0.0075,-0.00072426,0.013));
#2338=CARTESIAN_POINT('',(0.00177574,-0.00072426,0.013));
#2339=CARTESIAN_POINT('',(0.00072426,-0.00072426,0.013));
#2340=CARTESIAN_POINT('',(0.00072426,-0.035,0.013));
#2341=CARTESIAN_POINT('',(0.00072426,-0.03427574,0.013));
#2342=CARTESIAN_POINT('',(0.0025,-0.03427574,0.013));
#2343=CARTESIAN_POINT('',(0.00177574,-0.03427574,0.013));
#2344=CARTESIAN_POINT('',(0.00177574,-0.0175,0.013));
#2345=CARTESIAN_POINT('',(0.00177574,-0.01927574,0.013));
#2346=CARTESIAN_POINT('',(0.0125,-0.01927574,0.013));
#2347=CARTESIAN_POINT('',(0.01322426,-0.01927574,0.013));
#2348=CARTESIAN_POINT('',(0.01322426,-0.035,0.013));
#2349=CARTESIAN_POINT('',(0.01322426,-0.03427574,0.013));
#2350=CARTESIAN_POINT('',(0.0075,-0.03427574,0.013));
#2351=CARTESIAN_POINT('',(0.01427574,-0.03427574,0.013));
#2352=CARTESIAN_POINT('',(0.01427574,-0.0175,0.013));
#2353=CARTESIAN_POINT('',(0.01427574,-0.01822426,0.013));
#2354=CARTESIAN_POINT('',(0.0075,-0.01822426,0.013));
#2355=CARTESIAN_POINT('',(0.00322426,-0.01822426,0.013));
#2356=CARTESIAN_POINT('',(0.00322426,-0.01677574,0.013));
#2357=CARTESIAN_POINT('',(0.00177574,-0.01677574,0.013));
#2358=CARTESIAN_POINT('',(0.00177574,-0.0175,0.013));
#2359=CARTESIAN_POINT('',(0.0075,-0.0175,0.));
#2360=CARTESIAN_POINT('',(0.00177574,-0.035,0.));
#2361=CARTESIAN_POINT('',(0.00177574,-0.01927574,0.));
#2362=CARTESIAN_POINT('',(0.00177574,-0.03427574,0.));
#2363=CARTESIAN_POINT('',(0.0075,-0.03427574,0.));
#2364=CARTESIAN_POINT('',(0.00072426,-0.03427574,0.));
#2365=CARTESIAN_POINT('',(0.00072426,-0.0175,0.));
#2366=CARTESIAN_POINT('',(0.00072426,-0.00072426,0.));
#2367=CARTESIAN_POINT('',(0.0025,-0.00072426,0.));
#2368=CARTESIAN_POINT('',(0.00177574,-0.00072426,0.));
#2369=CARTESIAN_POINT('',(0.00177574,-0.0175,0.));
#2370=CARTESIAN_POINT('',(0.00177574,-0.01677574,0.));
#2371=CARTESIAN_POINT('',(0.00322426,-0.01677574,0.));
#2372=CARTESIAN_POINT('',(0.00322426,-0.01822426,0.));
#2373=CARTESIAN_POINT('',(0.015,-0.01822426,0.));
#2374=CARTESIAN_POINT('',(0.01427574,-0.01822426,0.));
#2375=CARTESIAN_POINT('',(0.01427574,-0.035,0.));
#2376=CARTESIAN_POINT('',(0.01427574,-0.03427574,0.));
#2377=CARTESIAN_POINT('',(0.0125,-0.03427574,0.));
#2378=CARTESIAN_POINT('',(0.01322426,-0.03427574,0.));
#2379=CARTESIAN_POINT('',(0.01322426,-0.0175,0.));
#2380=CARTESIAN_POINT('',(0.01322426,-0.01927574,0.));
#2381=CARTESIAN_POINT('',(0.0075,-0.01927574,0.));
#2382=CARTESIAN_POINT('',(-0.01,-0.0275,0.0025));
#2383=CARTESIAN_POINT('',(0.00072426,-0.0275,0.0025));
#2384=CARTESIAN_POINT('',(-0.01,-0.0275,0.0105));
#2385=CARTESIAN_POINT('',(0.00072426,-0.02,0.0105));
#2386=CARTESIAN_POINT('',(-0.01,-0.0275,0.0105));
#2387=CARTESIAN_POINT('',(0.01427574,-0.0275,0.0105));
#2388=CARTESIAN_POINT('',(-0.01,-0.0275,0.0025));
#2389=CARTESIAN_POINT('',(0.01427574,-0.02,0.0025));
#2390=CARTESIAN_POINT('',(0.00072426,-0.01927574,0.013));
#2391=CARTESIAN_POINT('',(0.00072426,-0.01927574,0.00177574));
#2392=CARTESIAN_POINT('',(0.00072426,-0.01927574,0.01122426));
#2393=CARTESIAN_POINT('',(0.00177574,-0.0275,0.01227574));
#2394=CARTESIAN_POINT('',(0.00177574,-0.03427574,0.01227574));
#2395=CARTESIAN_POINT('',(0.00177574,-0.01927574,0.01227574));
#2396=CARTESIAN_POINT('',(0.00072426,-0.0275,0.01122426));
#2397=CARTESIAN_POINT('',(0.00072426,-0.03427574,0.01122426));
#2398=CARTESIAN_POINT('',(0.00072426,-0.0175,0.00177574));
#2399=CARTESIAN_POINT('',(0.00072426,-0.03427574,0.00177574));
#2400=CARTESIAN_POINT('',(0.00177574,-0.0175,0.00072426));
#2401=CARTESIAN_POINT('',(0.00177574,-0.01927574,0.00072426));
#2402=CARTESIAN_POINT('',(0.00177574,-0.03427574,0.00072426));
#2403=CARTESIAN_POINT('',(0.0075,-0.01927574,0.01227574));
#2404=CARTESIAN_POINT('',(0.01322426,-0.01927574,0.01227574));
#2405=CARTESIAN_POINT('',(0.0075,-0.03427574,0.01227574));
#2406=CARTESIAN_POINT('',(0.00072426,-0.03427574,0.01227574));
#2407=CARTESIAN_POINT('',(0.00072426,-0.03427574,0.013));
#2408=CARTESIAN_POINT('',(0.00072426,-0.03427574,0.01227574));
#2409=CARTESIAN_POINT('',(0.00072426,-0.03427574,0.013));
#2410=CARTESIAN_POINT('',(0.00072426,-0.03427574,0.00072426));
#2411=CARTESIAN_POINT('',(0.00125,-0.03427574,0.00072426));
#2412=CARTESIAN_POINT('',(0.00072426,-0.03427574,0.00072426));
#2413=CARTESIAN_POINT('',(0.0075,-0.01927574,0.00072426));
#2414=CARTESIAN_POINT('',(0.01322426,-0.01927574,0.00072426));
#2415=CARTESIAN_POINT('',(0.01427574,-0.01927574,0.013));
#2416=CARTESIAN_POINT('',(0.01427574,-0.01927574,0.00177574));
#2417=CARTESIAN_POINT('',(0.01427574,-0.01927574,0.01122426));
#2418=CARTESIAN_POINT('',(0.01427574,-0.01875,0.01122426));
#2419=CARTESIAN_POINT('',(0.01427574,-0.03427574,0.01122426));
#2420=CARTESIAN_POINT('',(0.01322426,-0.0175,0.01227574));
#2421=CARTESIAN_POINT('',(0.01322426,-0.03427574,0.01227574));
#2422=CARTESIAN_POINT('',(0.00072426,-0.03427574,0.01227574));
#2423=CARTESIAN_POINT('',(0.00072426,-0.03427574,0.01227574));
#2424=CARTESIAN_POINT('',(0.00072426,-0.03427574,0.00072426));
#2425=CARTESIAN_POINT('',(0.00072426,-0.03427574,0.00072426));
#2426=CARTESIAN_POINT('',(0.01322426,-0.0275,0.00072426));
#2427=CARTESIAN_POINT('',(0.01322426,-0.03427574,0.00072426));
#2428=CARTESIAN_POINT('',(0.01427574,-0.0275,0.00177574));
#2429=CARTESIAN_POINT('',(0.01427574,-0.03427574,0.00177574));
#2430=CARTESIAN_POINT('',(0.01427574,-0.03427574,0.013));
#2431=CARTESIAN_POINT('',(0.01427574,-0.03427574,0.01227574));
#2432=CARTESIAN_POINT('',(0.01375,-0.03427574,0.01227574));
#2433=CARTESIAN_POINT('',(0.01427574,-0.03427574,0.01227574));
#2434=CARTESIAN_POINT('',(0.00072426,-0.0175,0.01227574));
#2435=CARTESIAN_POINT('',(0.00072426,-0.00072426,0.01227574));
#2436=CARTESIAN_POINT('',(0.00072426,-0.00072426,0.013));
#2437=CARTESIAN_POINT('',(0.00072426,-0.00072426,0.00072426));
#2438=CARTESIAN_POINT('',(0.00072426,-0.00072426,0.01227574));
#2439=CARTESIAN_POINT('',(0.00072426,-0.0175,0.00072426));
#2440=CARTESIAN_POINT('',(0.00072426,-0.00072426,0.00072426));
#2441=CARTESIAN_POINT('',(0.0075,-0.03427574,0.00072426));
#2442=CARTESIAN_POINT('',(0.01427574,-0.03427574,0.00072426));
#2443=CARTESIAN_POINT('',(0.01427574,-0.03427574,0.013));
#2444=CARTESIAN_POINT('',(0.01427574,-0.03427574,0.00072426));
#2445=CARTESIAN_POINT('',(0.01427574,-0.03427574,0.01227574));
#2446=CARTESIAN_POINT('',(0.01427574,-0.03427574,0.01227574));
#2447=CARTESIAN_POINT('',(0.00072426,-0.00072426,0.01227574));
#2448=CARTESIAN_POINT('',(0.00072426,-0.00072426,0.01227574));
#2449=CARTESIAN_POINT('',(0.00072426,-0.00072426,0.00072426));
#2450=CARTESIAN_POINT('',(0.00072426,-0.00072426,0.00072426));
#2451=CARTESIAN_POINT('',(0.01427574,-0.03427574,0.00072426));
#2452=CARTESIAN_POINT('',(0.01427574,-0.03427574,0.00072426));
#2453=CARTESIAN_POINT('',(0.01427574,-0.01875,0.01227574));
#2454=CARTESIAN_POINT('',(0.01427574,-0.01822426,0.01227574));
#2455=CARTESIAN_POINT('',(0.00125,-0.00072426,0.01227574));
#2456=CARTESIAN_POINT('',(0.00177574,-0.00072426,0.01227574));
#2457=CARTESIAN_POINT('',(0.00177574,-0.00072426,0.013));
#2458=CARTESIAN_POINT('',(0.00177574,-0.00072426,0.00072426));
#2459=CARTESIAN_POINT('',(0.00177574,-0.00072426,0.01227574));
#2460=CARTESIAN_POINT('',(0.0075,-0.00072426,0.00072426));
#2461=CARTESIAN_POINT('',(0.00177574,-0.00072426,0.00072426));
#2462=CARTESIAN_POINT('',(0.01427574,-0.0175,0.00072426));
#2463=CARTESIAN_POINT('',(0.01427574,-0.01822426,0.00072426));
#2464=CARTESIAN_POINT('',(0.01427574,-0.01822426,0.013));
#2465=CARTESIAN_POINT('',(0.01427574,-0.01822426,0.01227574));
#2466=CARTESIAN_POINT('',(0.01427574,-0.01822426,0.00072426));
#2467=CARTESIAN_POINT('',(0.01427574,-0.01822426,0.01227574));
#2468=CARTESIAN_POINT('',(0.01427574,-0.01822426,0.01227574));
#2469=CARTESIAN_POINT('',(0.00177574,-0.00072426,0.01227574));
#2470=CARTESIAN_POINT('',(0.00177574,-0.00072426,0.01227574));
#2471=CARTESIAN_POINT('',(0.00177574,-0.00072426,0.00072426));
#2472=CARTESIAN_POINT('',(0.00177574,-0.00072426,0.00072426));
#2473=CARTESIAN_POINT('',(0.01427574,-0.01822426,0.00072426));
#2474=CARTESIAN_POINT('',(0.01427574,-0.01822426,0.00072426));
#2475=CARTESIAN_POINT('',(0.00875,-0.01822426,0.01227574));
#2476=CARTESIAN_POINT('',(0.00322426,-0.01822426,0.01227574));
#2477=CARTESIAN_POINT('',(0.00177574,-0.00875,0.01227574));
#2478=CARTESIAN_POINT('',(0.00177574,-0.01677574,0.01227574));
#2479=CARTESIAN_POINT('',(0.00177574,-0.0175,0.00072426));
#2480=CARTESIAN_POINT('',(0.00177574,-0.01677574,0.00072426));
#2481=CARTESIAN_POINT('',(0.0075,-0.01822426,0.00072426));
#2482=CARTESIAN_POINT('',(0.00322426,-0.01822426,0.00072426));
#2483=CARTESIAN_POINT('',(0.00322426,-0.01677574,0.01227574));
#2484=CARTESIAN_POINT('',(0.00322426,-0.01677574,0.01227574));
#2485=CARTESIAN_POINT('',(0.00322426,-0.01677574,0.00072426));
#2486=CARTESIAN_POINT('',(0.00322426,-0.01677574,0.00072426));
#2487=CARTESIAN_POINT('',(0.00322426,-0.01677574,0.013));
#2488=CARTESIAN_POINT('',(0.00322426,-0.01677574,0.0023));
#2489=CARTESIAN_POINT('',(0.00252307625925723,-0.0169571067811866,0.0023));
#2490=CARTESIAN_POINT('',(0.00252307625925723,-0.0169571067811866,0.013));
#2491=CARTESIAN_POINT('',(0.00252307625925723,-0.0169571067811866,0.00574852));
#2492=CARTESIAN_POINT('',(0.00322426,-0.01677574,0.00574852));
#2493=CARTESIAN_POINT('',(0.00322426,-0.01677574,0.0073));
#2494=CARTESIAN_POINT('',(0.00253559462407349,-0.017,0.0073));
#2495=CARTESIAN_POINT('',(0.00253559462407349,-0.017,0.013));
#2496=CARTESIAN_POINT('',(0.00253559462407349,-0.017,0.01074852));
#2497=CARTESIAN_POINT('',(0.00322426,-0.01677574,0.01074852));
#2498=CARTESIAN_POINT('',(-0.0225,-0.0094142135623731,0.00502426));
#2499=CARTESIAN_POINT('',(-0.0225,-0.0164142135623731,0.00502426));
#2500=CARTESIAN_POINT('',(0.00072426,-0.0164142135623731,0.00502426));
#2501=CARTESIAN_POINT('',(0.00177574,-0.0164142135623731,0.00502426));
#2502=CARTESIAN_POINT('',(0.00072426,-0.0024142135623731,0.00502426));
#2503=CARTESIAN_POINT('',(0.00072426,-0.0024142135623731,0.00502426));
#2504=CARTESIAN_POINT('',(-0.0225,-0.0024142135623731,0.00502426));
#2505=CARTESIAN_POINT('',(0.00177574,-0.0024142135623731,0.00502426));
#2506=CARTESIAN_POINT('',(0.00177574,-0.00941421356237309,0.00502426));
#2507=CARTESIAN_POINT('',(-0.0225,-0.0164142135623731,0.00402426));
#2508=CARTESIAN_POINT('',(-0.0225,-0.0164142135623731,0.00302426));
#2509=CARTESIAN_POINT('',(0.00072426,-0.0164142135623731,0.00302426));
#2510=CARTESIAN_POINT('',(0.00177574,-0.0164142135623731,0.00302426));
#2511=CARTESIAN_POINT('',(0.00072426,-0.0164142135623731,0.00402426));
#2512=CARTESIAN_POINT('',(0.00177574,-0.0164142135623731,0.00574852));
#2513=CARTESIAN_POINT('',(0.00182189251851445,-0.0164142135623731,0.00502573200021392));
#2514=CARTESIAN_POINT('',(0.00182189251851445,-0.0164142135623731,0.00402426));
#2515=CARTESIAN_POINT('',(0.00182189251851445,-0.0164142135623731,0.00302278799978609));
#2516=CARTESIAN_POINT('',(0.00177574,-0.0164142135623731,0.0023));
#2517=CARTESIAN_POINT('',(-0.0225,-0.0094142135623731,0.00302426));
#2518=CARTESIAN_POINT('',(-0.0225,-0.0024142135623731,0.00302426));
#2519=CARTESIAN_POINT('',(0.00072426,-0.0024142135623731,0.00302426));
#2520=CARTESIAN_POINT('',(0.00177574,-0.0024142135623731,0.00302426));
#2521=CARTESIAN_POINT('',(0.00072426,-0.00941421356237309,0.00302426));
#2522=CARTESIAN_POINT('',(0.00177574,-0.0024142135623731,0.00302426));
#2523=CARTESIAN_POINT('',(-0.0225,-0.0024142135623731,0.00402426));
#2524=CARTESIAN_POINT('',(0.00072426,-0.0024142135623731,0.00302426));
#2525=CARTESIAN_POINT('',(0.00177574,-0.0024142135623731,0.00402426));
#2526=CARTESIAN_POINT('',(-0.0225,-0.0095,0.01002426));
#2527=CARTESIAN_POINT('',(-0.0225,-0.0165,0.01002426));
#2528=CARTESIAN_POINT('',(0.00072426,-0.0165,0.01002426));
#2529=CARTESIAN_POINT('',(0.00177574,-0.0165,0.01002426));
#2530=CARTESIAN_POINT('',(0.00072426,-0.0025,0.01002426));
#2531=CARTESIAN_POINT('',(0.00072426,-0.0025,0.01002426));
#2532=CARTESIAN_POINT('',(-0.0225,-0.0025,0.01002426));
#2533=CARTESIAN_POINT('',(0.00177574,-0.0025,0.01002426));
#2534=CARTESIAN_POINT('',(0.00177574,-0.0095,0.01002426));
#2535=CARTESIAN_POINT('',(-0.0225,-0.0165,0.00902426));
#2536=CARTESIAN_POINT('',(-0.0225,-0.0165,0.00802426));
#2537=CARTESIAN_POINT('',(0.00072426,-0.0165,0.00802426));
#2538=CARTESIAN_POINT('',(0.00177574,-0.0165,0.00802426));
#2539=CARTESIAN_POINT('',(0.00072426,-0.0165,0.00902426));
#2540=CARTESIAN_POINT('',(0.00177574,-0.0165,0.01074852));
#2541=CARTESIAN_POINT('',(0.00184692924814698,-0.0165,0.0100277671723619));
#2542=CARTESIAN_POINT('',(0.00184692924814699,-0.0165,0.00902426));
#2543=CARTESIAN_POINT('',(0.00184692924814698,-0.0165,0.00802075282763807));
#2544=CARTESIAN_POINT('',(0.00177574,-0.0165,0.0073));
#2545=CARTESIAN_POINT('',(-0.0225,-0.0095,0.00802426));
#2546=CARTESIAN_POINT('',(-0.0225,-0.0025,0.00802426));
#2547=CARTESIAN_POINT('',(0.00072426,-0.0025,0.00802426));
#2548=CARTESIAN_POINT('',(0.00177574,-0.0025,0.00802426));
#2549=CARTESIAN_POINT('',(0.00072426,-0.0095,0.00802426));
#2550=CARTESIAN_POINT('',(0.00177574,-0.0025,0.00802426));
#2551=CARTESIAN_POINT('',(-0.0225,-0.0025,0.00902426));
#2552=CARTESIAN_POINT('',(0.00072426,-0.0025,0.00802426));
#2553=CARTESIAN_POINT('',(0.00177574,-0.0025,0.00902426));
#2554=CARTESIAN_POINT('',(0.00072426,-0.0171384735623731,0.013));
#2555=CARTESIAN_POINT('',(0.00072426,-0.0171384735623731,0.0023));
#2556=CARTESIAN_POINT('',(0.00072426,-0.0171384735623731,0.00574852));
#2557=CARTESIAN_POINT('',(0.00072426,-0.00941421356237309,0.00574852));
#2558=CARTESIAN_POINT('',(0.00072426,-0.0016899535623731,0.00574852));
#2559=CARTESIAN_POINT('',(0.00072426,-0.0175,0.0023));
#2560=CARTESIAN_POINT('',(0.00072426,-0.0016899535623731,0.0023));
#2561=CARTESIAN_POINT('',(0.00072426,-0.0016899535623731,0.00402426));
#2562=CARTESIAN_POINT('',(0.00072426,-0.01722426,0.013));
#2563=CARTESIAN_POINT('',(0.00072426,-0.01722426,0.0073));
#2564=CARTESIAN_POINT('',(0.00072426,-0.01722426,0.01074852));
#2565=CARTESIAN_POINT('',(0.00072426,-0.0095,0.01074852));
#2566=CARTESIAN_POINT('',(0.00072426,-0.00177574,0.01074852));
#2567=CARTESIAN_POINT('',(0.00072426,-0.0175,0.0073));
#2568=CARTESIAN_POINT('',(0.00072426,-0.00177574,0.0073));
#2569=CARTESIAN_POINT('',(0.00072426,-0.00177574,0.00902426));
#2570=CARTESIAN_POINT('',(0.00322426,-0.01677574,0.00574852));
#2571=CARTESIAN_POINT('',(0.00177574,-0.01677574,0.00574852));
#2572=CARTESIAN_POINT('',(0.00244877122315206,-0.01677574,0.00548097277003407));
#2573=CARTESIAN_POINT('',(0.00244877122315206,-0.01677574,0.00548097277003407));
#2574=CARTESIAN_POINT('',(0.00248333381140485,-0.016835471309149,0.00556791704918074));
#2575=CARTESIAN_POINT('',(0.00250709186280592,-0.0168953093625859,0.00565824967687221));
#2576=CARTESIAN_POINT('',(0.00252307625925723,-0.0169571067811866,0.00574852));
#2577=CARTESIAN_POINT('',(0.00322426,-0.01677574,0.0023));
#2578=CARTESIAN_POINT('',(0.00244877122315206,-0.01677574,0.00256754722996593));
#2579=CARTESIAN_POINT('',(0.00248333381140485,-0.016835471309149,0.00248060295081926));
#2580=CARTESIAN_POINT('',(0.00250709186280588,-0.0168953093625857,0.00239027032312768));
#2581=CARTESIAN_POINT('',(0.00252307625925723,-0.0169571067811866,0.0023));
#2582=CARTESIAN_POINT('',(0.00244877122315206,-0.01677574,0.00256754722996593));
#2583=CARTESIAN_POINT('',(0.00177574,-0.01677574,0.0023));
#2584=CARTESIAN_POINT('',(0.00182189251851445,-0.0171384735623731,0.013));
#2585=CARTESIAN_POINT('',(0.00182189251851445,-0.0164142135623731,0.00502573200021392));
#2586=CARTESIAN_POINT('',(0.00212776889392159,-0.0164142135623731,0.00504526326675859));
#2587=CARTESIAN_POINT('',(0.0023545146712862,-0.0166128451612905,0.00524386471849321));
#2588=CARTESIAN_POINT('',(0.00244877122315206,-0.01677574,0.00548097277003407));
#2589=CARTESIAN_POINT('',(0.00182189251851445,-0.0164142135623731,0.00302278799978609));
#2590=CARTESIAN_POINT('',(0.0021277688939216,-0.0164142135623731,0.00300325673324142));
#2591=CARTESIAN_POINT('',(0.0023545146712862,-0.0166128451612905,0.00280465528150679));
#2592=CARTESIAN_POINT('',(0.00244877122315206,-0.01677574,0.00256754722996593));
#2593=CARTESIAN_POINT('',(0.00177574,-0.00875,0.00574852));
#2594=CARTESIAN_POINT('',(0.00177574,-0.0016899535623731,0.00574852));
#2595=CARTESIAN_POINT('',(0.00177574,-0.00941421356237309,0.0023));
#2596=CARTESIAN_POINT('',(0.00177574,-0.0016899535623731,0.0023));
#2597=CARTESIAN_POINT('',(0.00177574,-0.0016899535623731,0.013));
#2598=CARTESIAN_POINT('',(0.00322426,-0.01677574,0.01074852));
#2599=CARTESIAN_POINT('',(0.00177574,-0.01677574,0.01074852));
#2600=CARTESIAN_POINT('',(0.00241559642427024,-0.01677574,0.0104092025911921));
#2601=CARTESIAN_POINT('',(0.00241559642427024,-0.01677574,0.0104092025911921));
#2602=CARTESIAN_POINT('',(0.00247275113644901,-0.0168482050155552,0.0105169801729359));
#2603=CARTESIAN_POINT('',(0.00251028855252155,-0.0169222892389256,0.0106329408765237));
#2604=CARTESIAN_POINT('',(0.00253559462407349,-0.017,0.01074852));
#2605=CARTESIAN_POINT('',(0.00322426,-0.01677574,0.0073));
#2606=CARTESIAN_POINT('',(0.00241559642427024,-0.01677574,0.00763931740880789));
#2607=CARTESIAN_POINT('',(0.00247275113644901,-0.0168482050155552,0.00753153982706405));
#2608=CARTESIAN_POINT('',(0.00251028855252152,-0.0169222892389255,0.00741557912347622));
#2609=CARTESIAN_POINT('',(0.00253559462407349,-0.017,0.0073));
#2610=CARTESIAN_POINT('',(0.00241559642427024,-0.01677574,0.00763931740880789));
#2611=CARTESIAN_POINT('',(0.00177574,-0.01677574,0.0073));
#2612=CARTESIAN_POINT('',(0.00184692924814698,-0.01722426,0.013));
#2613=CARTESIAN_POINT('',(0.00184692924814698,-0.0165,0.0100277671723619));
#2614=CARTESIAN_POINT('',(0.00210715128684841,-0.0165,0.0100534694805265));
#2615=CARTESIAN_POINT('',(0.00231194717556619,-0.0166443257362708,0.0102137494964421));
#2616=CARTESIAN_POINT('',(0.00241559642427024,-0.01677574,0.0104092025911921));
#2617=CARTESIAN_POINT('',(0.00184692924814698,-0.0165,0.00802075282763807));
#2618=CARTESIAN_POINT('',(0.00210715128684842,-0.0165,0.00799505051947351));
#2619=CARTESIAN_POINT('',(0.0023119471755662,-0.0166443257362708,0.00783477050355793));
#2620=CARTESIAN_POINT('',(0.00241559642427024,-0.01677574,0.00763931740880789));
#2621=CARTESIAN_POINT('',(0.00177574,-0.00875,0.01074852));
#2622=CARTESIAN_POINT('',(0.00177574,-0.00177574,0.01074852));
#2623=CARTESIAN_POINT('',(0.00177574,-0.0095,0.0073));
#2624=CARTESIAN_POINT('',(0.00177574,-0.00177574,0.0073));
#2625=CARTESIAN_POINT('',(0.00177574,-0.00177574,0.013));
#2626=MECHANICAL_DESIGN_GEOMETRIC_PRESENTATION_REPRESENTATION('',(#1509),
#2627);
#2627=(
GEOMETRIC_REPRESENTATION_CONTEXT(3)
GLOBAL_UNCERTAINTY_ASSIGNED_CONTEXT((#2628))
GLOBAL_UNIT_ASSIGNED_CONTEXT((#2631,#2630,#2629))
REPRESENTATION_CONTEXT('Chair','TOP_LEVEL_ASSEMBLY_PART')
);
#2628=UNCERTAINTY_MEASURE_WITH_UNIT(LENGTH_MEASURE(2.E-5),#2631,
'DISTANCE_ACCURACY_VALUE','Maximum Tolerance applied to model');
#2629=(
NAMED_UNIT(*)
SI_UNIT($,.STERADIAN.)
SOLID_ANGLE_UNIT()
);
#2630=(
NAMED_UNIT(*)
PLANE_ANGLE_UNIT()
SI_UNIT($,.RADIAN.)
);
#2631=(
LENGTH_UNIT()
NAMED_UNIT(*)
SI_UNIT($,.METRE.)
);
#2632=PRODUCT_DEFINITION_SHAPE('','',#2633);
#2633=PRODUCT_DEFINITION('','',#2635,#2634);
#2634=PRODUCT_DEFINITION_CONTEXT('',#2641,'design');
#2635=PRODUCT_DEFINITION_FORMATION_WITH_SPECIFIED_SOURCE('','',#2637,
 .NOT_KNOWN.);
#2636=PRODUCT_RELATED_PRODUCT_CATEGORY('','',(#2637));
#2637=PRODUCT('Chair','Chair','Chair',(#2639));
#2638=PRODUCT_CATEGORY('','');
#2639=PRODUCT_CONTEXT('',#2641,'mechanical');
#2640=APPLICATION_PROTOCOL_DEFINITION('international standard',
'ap242_managed_model_based_3d_engineering',2020,#2641);
#2641=APPLICATION_CONTEXT('managed model based 3d engineering');
ENDSEC;
END-ISO-10303-21;
