ISO-10303-21;
HEADER;
/* Generated by software containing ST-Developer
 * from STEP Tools, Inc. (www.steptools.com) 
 */
/* OPTION: using custom renumber hook */

FILE_DESCRIPTION(
/* description */ ('STEP AP242 Edition 2',
'CAx-IF Rec.Pracs.---Representation and Presentation of Product Manufa
cturing Information (PMI)---4.0---2014-10-13',
'CAx-IF Rec.Pracs.---3D Tessellated Geometry---0.4---2014-09-14','2;1',
'CAx-IF Rec.Pracs.---User Defined Attributes---1.5---2016-08-15'),
/* implementation_level */ '2;1');

FILE_NAME(
/* name */ 'Assembly 1 - Bookshelf',
/* time_stamp */ '2026-09-04T01:58:22Z',
/* author */ (''),
/* organization */ (''),
/* preprocessor_version */ 'ST-DEVELOPER v20',
/* originating_system */ 'ONSHAPE BY PTC INC, 1.220',
/* authorisation */ '  ');

FILE_SCHEMA (('AP242_MANAGED_MODEL_BASED_3D_ENGINEERING_MIM_LF { 1 0 10303 442 3 1 4 }'));
ENDSEC;

DATA;
#10=SHAPE_REPRESENTATION_RELATIONSHIP('','',#1601,#11);
#11=ADVANCED_BREP_SHAPE_REPRESENTATION('',(#1599),#2736);
#12=SPHERICAL_SURFACE('',#1647,0.00072426);
#13=SPHERICAL_SURFACE('',#1652,0.00072426);
#14=SPHERICAL_SURFACE('',#1663,0.00072426);
#15=SPHERICAL_SURFACE('',#1675,0.00072426);
#16=SPHERICAL_SURFACE('',#1678,0.00072426);
#17=SPHERICAL_SURFACE('',#1681,0.00072426);
#18=SPHERICAL_SURFACE('',#1701,0.00072426);
#19=SPHERICAL_SURFACE('',#1703,0.00072426);
#20=SPHERICAL_SURFACE('',#1705,0.00072426);
#21=SPHERICAL_SURFACE('',#1707,0.00072426);
#22=SPHERICAL_SURFACE('',#1719,0.00072426);
#23=SPHERICAL_SURFACE('',#1721,0.00072426);
#24=SPHERICAL_SURFACE('',#1736,0.00072426);
#25=SPHERICAL_SURFACE('',#1738,0.00072426);
#26=SPHERICAL_SURFACE('',#1746,0.00072426);
#27=ELLIPSE('',#1644,0.00102425831468434,0.00072426);
#28=ELLIPSE('',#1651,0.00102425831468434,0.00072426);
#29=ELLIPSE('',#1660,0.00102425831468434,0.00072426);
#30=ELLIPSE('',#1662,0.00102425831468434,0.00072426);
#31=ELLIPSE('',#1666,0.00102425831468434,0.00072426);
#32=ELLIPSE('',#1668,0.00102425831468434,0.00072426);
#33=ELLIPSE('',#1700,0.00102425831468434,0.00072426);
#34=ELLIPSE('',#1718,0.00102425831468434,0.00072426);
#35=ELLIPSE('',#1724,0.00102425831468434,0.00072426);
#36=ELLIPSE('',#1726,0.00102425831468434,0.00072426);
#37=ELLIPSE('',#1735,0.00102425831468434,0.00072426);
#38=ELLIPSE('',#1745,0.00102425831468434,0.00072426);
#39=ELLIPSE('',#1750,0.00102425831468434,0.00072426);
#40=ELLIPSE('',#1751,0.00102425831468434,0.00072426);
#41=ELLIPSE('',#1753,0.00102425831468434,0.00072426);
#42=ELLIPSE('',#1755,0.00102425831468434,0.00072426);
#43=ELLIPSE('',#1758,0.00102425831468434,0.00072426);
#44=ELLIPSE('',#1759,0.00102425831468434,0.00072426);
#45=ELLIPSE('',#1761,0.00102425831468434,0.00072426);
#46=ELLIPSE('',#1763,0.00102425831468434,0.00072426);
#47=ELLIPSE('',#1766,0.00102425831468434,0.00072426);
#48=ELLIPSE('',#1767,0.00102425831468434,0.00072426);
#49=ELLIPSE('',#1769,0.00102425831468434,0.00072426);
#50=ELLIPSE('',#1771,0.00102425831468434,0.00072426);
#51=ELLIPSE('',#1774,0.00102425831468434,0.00072426);
#52=ELLIPSE('',#1775,0.00102425831468434,0.00072426);
#53=ELLIPSE('',#1777,0.00102425831468434,0.00072426);
#54=ELLIPSE('',#1779,0.00102425831468434,0.00072426);
#55=CYLINDRICAL_SURFACE('',#1642,0.00072426);
#56=CYLINDRICAL_SURFACE('',#1645,0.00072426);
#57=CYLINDRICAL_SURFACE('',#1650,0.00072426);
#58=CYLINDRICAL_SURFACE('',#1655,0.00072426);
#59=CYLINDRICAL_SURFACE('',#1657,0.00072426);
#60=CYLINDRICAL_SURFACE('',#1659,0.00072426);
#61=CYLINDRICAL_SURFACE('',#1661,0.00072426);
#62=CYLINDRICAL_SURFACE('',#1665,0.00072426);
#63=CYLINDRICAL_SURFACE('',#1667,0.00072426);
#64=CYLINDRICAL_SURFACE('',#1669,0.00072426);
#65=CYLINDRICAL_SURFACE('',#1671,0.00072426);
#66=CYLINDRICAL_SURFACE('',#1673,0.00072426);
#67=CYLINDRICAL_SURFACE('',#1684,0.00072426);
#68=CYLINDRICAL_SURFACE('',#1686,0.00072426);
#69=CYLINDRICAL_SURFACE('',#1689,0.00072426);
#70=CYLINDRICAL_SURFACE('',#1691,0.00072426);
#71=CYLINDRICAL_SURFACE('',#1693,0.00072426);
#72=CYLINDRICAL_SURFACE('',#1695,0.00072426);
#73=CYLINDRICAL_SURFACE('',#1697,0.00072426);
#74=CYLINDRICAL_SURFACE('',#1699,0.00072426);
#75=CYLINDRICAL_SURFACE('',#1709,0.00072426);
#76=CYLINDRICAL_SURFACE('',#1711,0.00072426);
#77=CYLINDRICAL_SURFACE('',#1713,0.00072426);
#78=CYLINDRICAL_SURFACE('',#1715,0.00072426);
#79=CYLINDRICAL_SURFACE('',#1717,0.00072426);
#80=CYLINDRICAL_SURFACE('',#1723,0.00072426);
#81=CYLINDRICAL_SURFACE('',#1725,0.00072426);
#82=CYLINDRICAL_SURFACE('',#1727,0.00072426);
#83=CYLINDRICAL_SURFACE('',#1729,0.00072426);
#84=CYLINDRICAL_SURFACE('',#1732,0.00072426);
#85=CYLINDRICAL_SURFACE('',#1734,0.00072426);
#86=CYLINDRICAL_SURFACE('',#1740,0.00072426);
#87=CYLINDRICAL_SURFACE('',#1742,0.00072426);
#88=CYLINDRICAL_SURFACE('',#1744,0.00072426);
#89=CYLINDRICAL_SURFACE('',#1748,0.00072426);
#90=CYLINDRICAL_SURFACE('',#1749,0.00072426);
#91=CYLINDRICAL_SURFACE('',#1752,0.00072426);
#92=CYLINDRICAL_SURFACE('',#1754,0.00072426);
#93=CYLINDRICAL_SURFACE('',#1756,0.00072426);
#94=CYLINDRICAL_SURFACE('',#1757,0.00072426);
#95=CYLINDRICAL_SURFACE('',#1760,0.00072426);
#96=CYLINDRICAL_SURFACE('',#1762,0.00072426);
#97=CYLINDRICAL_SURFACE('',#1764,0.00072426);
#98=CYLINDRICAL_SURFACE('',#1765,0.00072426);
#99=CYLINDRICAL_SURFACE('',#1768,0.00072426);
#100=CYLINDRICAL_SURFACE('',#1770,0.00072426);
#101=CYLINDRICAL_SURFACE('',#1772,0.00072426);
#102=CYLINDRICAL_SURFACE('',#1773,0.00072426);
#103=CYLINDRICAL_SURFACE('',#1776,0.00072426);
#104=CYLINDRICAL_SURFACE('',#1778,0.00072426);
#105=CYLINDRICAL_SURFACE('',#1780,0.00072426);
#106=CIRCLE('',#1615,0.00072426);
#107=CIRCLE('',#1643,0.00072426);
#108=CIRCLE('',#1646,0.00072426);
#109=CIRCLE('',#1648,0.00072426);
#110=CIRCLE('',#1649,0.00072426);
#111=CIRCLE('',#1653,0.00072426);
#112=CIRCLE('',#1654,0.00072426);
#113=CIRCLE('',#1656,0.00072426);
#114=CIRCLE('',#1658,0.00072426);
#115=CIRCLE('',#1664,0.00072426);
#116=CIRCLE('',#1670,0.00072426);
#117=CIRCLE('',#1672,0.00072426);
#118=CIRCLE('',#1674,0.00072426);
#119=CIRCLE('',#1676,0.00072426);
#120=CIRCLE('',#1677,0.00072426);
#121=CIRCLE('',#1679,0.00072426);
#122=CIRCLE('',#1680,0.00072426);
#123=CIRCLE('',#1682,0.00072426);
#124=CIRCLE('',#1683,0.00072426);
#125=CIRCLE('',#1685,0.00072426);
#126=CIRCLE('',#1687,0.00072426);
#127=CIRCLE('',#1688,0.00072426);
#128=CIRCLE('',#1690,0.00072426);
#129=CIRCLE('',#1692,0.00072426);
#130=CIRCLE('',#1694,0.00072426);
#131=CIRCLE('',#1696,0.00072426);
#132=CIRCLE('',#1698,0.00072426);
#133=CIRCLE('',#1702,0.00072426);
#134=CIRCLE('',#1704,0.00072426);
#135=CIRCLE('',#1706,0.00072426);
#136=CIRCLE('',#1708,0.00072426);
#137=CIRCLE('',#1710,0.00072426);
#138=CIRCLE('',#1712,0.00072426);
#139=CIRCLE('',#1714,0.00072426);
#140=CIRCLE('',#1716,0.00072426);
#141=CIRCLE('',#1720,0.00072426);
#142=CIRCLE('',#1722,0.00072426);
#143=CIRCLE('',#1728,0.00072426);
#144=CIRCLE('',#1730,0.00072426);
#145=CIRCLE('',#1731,0.00072426);
#146=CIRCLE('',#1733,0.00072426);
#147=CIRCLE('',#1737,0.00072426);
#148=CIRCLE('',#1739,0.00072426);
#149=CIRCLE('',#1741,0.00072426);
#150=CIRCLE('',#1743,0.00072426);
#151=CIRCLE('',#1747,0.00072426);
#152=ORIENTED_EDGE('',*,*,#594,.T.);
#153=ORIENTED_EDGE('',*,*,#595,.T.);
#154=ORIENTED_EDGE('',*,*,#596,.T.);
#155=ORIENTED_EDGE('',*,*,#597,.T.);
#156=ORIENTED_EDGE('',*,*,#598,.T.);
#157=ORIENTED_EDGE('',*,*,#599,.T.);
#158=ORIENTED_EDGE('',*,*,#600,.T.);
#159=ORIENTED_EDGE('',*,*,#601,.T.);
#160=ORIENTED_EDGE('',*,*,#602,.T.);
#161=ORIENTED_EDGE('',*,*,#603,.T.);
#162=ORIENTED_EDGE('',*,*,#604,.T.);
#163=ORIENTED_EDGE('',*,*,#605,.T.);
#164=ORIENTED_EDGE('',*,*,#606,.T.);
#165=ORIENTED_EDGE('',*,*,#607,.T.);
#166=ORIENTED_EDGE('',*,*,#608,.T.);
#167=ORIENTED_EDGE('',*,*,#609,.T.);
#168=ORIENTED_EDGE('',*,*,#610,.T.);
#169=ORIENTED_EDGE('',*,*,#611,.T.);
#170=ORIENTED_EDGE('',*,*,#612,.T.);
#171=ORIENTED_EDGE('',*,*,#613,.T.);
#172=ORIENTED_EDGE('',*,*,#614,.T.);
#173=ORIENTED_EDGE('',*,*,#615,.T.);
#174=ORIENTED_EDGE('',*,*,#616,.T.);
#175=ORIENTED_EDGE('',*,*,#617,.T.);
#176=ORIENTED_EDGE('',*,*,#618,.T.);
#177=ORIENTED_EDGE('',*,*,#619,.T.);
#178=ORIENTED_EDGE('',*,*,#620,.F.);
#179=ORIENTED_EDGE('',*,*,#621,.T.);
#180=ORIENTED_EDGE('',*,*,#622,.T.);
#181=ORIENTED_EDGE('',*,*,#623,.T.);
#182=ORIENTED_EDGE('',*,*,#624,.T.);
#183=ORIENTED_EDGE('',*,*,#625,.T.);
#184=ORIENTED_EDGE('',*,*,#626,.T.);
#185=ORIENTED_EDGE('',*,*,#627,.T.);
#186=ORIENTED_EDGE('',*,*,#628,.T.);
#187=ORIENTED_EDGE('',*,*,#629,.T.);
#188=ORIENTED_EDGE('',*,*,#630,.T.);
#189=ORIENTED_EDGE('',*,*,#631,.T.);
#190=ORIENTED_EDGE('',*,*,#632,.T.);
#191=ORIENTED_EDGE('',*,*,#633,.T.);
#192=ORIENTED_EDGE('',*,*,#634,.T.);
#193=ORIENTED_EDGE('',*,*,#635,.T.);
#194=ORIENTED_EDGE('',*,*,#636,.T.);
#195=ORIENTED_EDGE('',*,*,#637,.T.);
#196=ORIENTED_EDGE('',*,*,#638,.T.);
#197=ORIENTED_EDGE('',*,*,#639,.T.);
#198=ORIENTED_EDGE('',*,*,#640,.T.);
#199=ORIENTED_EDGE('',*,*,#641,.T.);
#200=ORIENTED_EDGE('',*,*,#642,.T.);
#201=ORIENTED_EDGE('',*,*,#643,.T.);
#202=ORIENTED_EDGE('',*,*,#644,.T.);
#203=ORIENTED_EDGE('',*,*,#645,.T.);
#204=ORIENTED_EDGE('',*,*,#646,.T.);
#205=ORIENTED_EDGE('',*,*,#647,.T.);
#206=ORIENTED_EDGE('',*,*,#648,.T.);
#207=ORIENTED_EDGE('',*,*,#649,.T.);
#208=ORIENTED_EDGE('',*,*,#650,.T.);
#209=ORIENTED_EDGE('',*,*,#651,.T.);
#210=ORIENTED_EDGE('',*,*,#652,.T.);
#211=ORIENTED_EDGE('',*,*,#653,.T.);
#212=ORIENTED_EDGE('',*,*,#654,.T.);
#213=ORIENTED_EDGE('',*,*,#655,.T.);
#214=ORIENTED_EDGE('',*,*,#656,.T.);
#215=ORIENTED_EDGE('',*,*,#657,.T.);
#216=ORIENTED_EDGE('',*,*,#658,.T.);
#217=ORIENTED_EDGE('',*,*,#659,.T.);
#218=ORIENTED_EDGE('',*,*,#660,.T.);
#219=ORIENTED_EDGE('',*,*,#661,.T.);
#220=ORIENTED_EDGE('',*,*,#662,.T.);
#221=ORIENTED_EDGE('',*,*,#663,.T.);
#222=ORIENTED_EDGE('',*,*,#664,.F.);
#223=ORIENTED_EDGE('',*,*,#665,.T.);
#224=ORIENTED_EDGE('',*,*,#664,.T.);
#225=ORIENTED_EDGE('',*,*,#666,.T.);
#226=ORIENTED_EDGE('',*,*,#667,.T.);
#227=ORIENTED_EDGE('',*,*,#668,.T.);
#228=ORIENTED_EDGE('',*,*,#620,.T.);
#229=ORIENTED_EDGE('',*,*,#669,.T.);
#230=ORIENTED_EDGE('',*,*,#670,.F.);
#231=ORIENTED_EDGE('',*,*,#671,.F.);
#232=ORIENTED_EDGE('',*,*,#672,.T.);
#233=ORIENTED_EDGE('',*,*,#670,.T.);
#234=ORIENTED_EDGE('',*,*,#673,.T.);
#235=ORIENTED_EDGE('',*,*,#674,.T.);
#236=ORIENTED_EDGE('',*,*,#675,.T.);
#237=ORIENTED_EDGE('',*,*,#676,.T.);
#238=ORIENTED_EDGE('',*,*,#677,.T.);
#239=ORIENTED_EDGE('',*,*,#678,.F.);
#240=ORIENTED_EDGE('',*,*,#679,.F.);
#241=ORIENTED_EDGE('',*,*,#678,.T.);
#242=ORIENTED_EDGE('',*,*,#680,.T.);
#243=ORIENTED_EDGE('',*,*,#681,.T.);
#244=ORIENTED_EDGE('',*,*,#682,.F.);
#245=ORIENTED_EDGE('',*,*,#683,.T.);
#246=ORIENTED_EDGE('',*,*,#684,.T.);
#247=ORIENTED_EDGE('',*,*,#685,.F.);
#248=ORIENTED_EDGE('',*,*,#686,.T.);
#249=ORIENTED_EDGE('',*,*,#685,.T.);
#250=ORIENTED_EDGE('',*,*,#687,.T.);
#251=ORIENTED_EDGE('',*,*,#688,.T.);
#252=ORIENTED_EDGE('',*,*,#689,.F.);
#253=ORIENTED_EDGE('',*,*,#682,.T.);
#254=ORIENTED_EDGE('',*,*,#690,.T.);
#255=ORIENTED_EDGE('',*,*,#686,.F.);
#256=ORIENTED_EDGE('',*,*,#689,.T.);
#257=ORIENTED_EDGE('',*,*,#691,.T.);
#258=ORIENTED_EDGE('',*,*,#665,.F.);
#259=ORIENTED_EDGE('',*,*,#668,.F.);
#260=ORIENTED_EDGE('',*,*,#692,.T.);
#261=ORIENTED_EDGE('',*,*,#671,.T.);
#262=ORIENTED_EDGE('',*,*,#675,.F.);
#263=ORIENTED_EDGE('',*,*,#693,.T.);
#264=ORIENTED_EDGE('',*,*,#679,.T.);
#265=ORIENTED_EDGE('',*,*,#694,.T.);
#266=ORIENTED_EDGE('',*,*,#695,.T.);
#267=ORIENTED_EDGE('',*,*,#696,.F.);
#268=ORIENTED_EDGE('',*,*,#697,.T.);
#269=ORIENTED_EDGE('',*,*,#696,.T.);
#270=ORIENTED_EDGE('',*,*,#698,.T.);
#271=ORIENTED_EDGE('',*,*,#699,.F.);
#272=ORIENTED_EDGE('',*,*,#700,.F.);
#273=ORIENTED_EDGE('',*,*,#699,.T.);
#274=ORIENTED_EDGE('',*,*,#701,.T.);
#275=ORIENTED_EDGE('',*,*,#702,.F.);
#276=ORIENTED_EDGE('',*,*,#703,.F.);
#277=ORIENTED_EDGE('',*,*,#702,.T.);
#278=ORIENTED_EDGE('',*,*,#704,.T.);
#279=ORIENTED_EDGE('',*,*,#694,.F.);
#280=ORIENTED_EDGE('',*,*,#705,.T.);
#281=ORIENTED_EDGE('',*,*,#697,.F.);
#282=ORIENTED_EDGE('',*,*,#700,.T.);
#283=ORIENTED_EDGE('',*,*,#703,.T.);
#284=ORIENTED_EDGE('',*,*,#705,.F.);
#285=ORIENTED_EDGE('',*,*,#706,.T.);
#286=ORIENTED_EDGE('',*,*,#707,.T.);
#287=ORIENTED_EDGE('',*,*,#708,.F.);
#288=ORIENTED_EDGE('',*,*,#709,.T.);
#289=ORIENTED_EDGE('',*,*,#708,.T.);
#290=ORIENTED_EDGE('',*,*,#710,.T.);
#291=ORIENTED_EDGE('',*,*,#711,.F.);
#292=ORIENTED_EDGE('',*,*,#712,.F.);
#293=ORIENTED_EDGE('',*,*,#711,.T.);
#294=ORIENTED_EDGE('',*,*,#713,.T.);
#295=ORIENTED_EDGE('',*,*,#714,.F.);
#296=ORIENTED_EDGE('',*,*,#715,.F.);
#297=ORIENTED_EDGE('',*,*,#714,.T.);
#298=ORIENTED_EDGE('',*,*,#716,.T.);
#299=ORIENTED_EDGE('',*,*,#706,.F.);
#300=ORIENTED_EDGE('',*,*,#717,.T.);
#301=ORIENTED_EDGE('',*,*,#709,.F.);
#302=ORIENTED_EDGE('',*,*,#712,.T.);
#303=ORIENTED_EDGE('',*,*,#715,.T.);
#304=ORIENTED_EDGE('',*,*,#717,.F.);
#305=ORIENTED_EDGE('',*,*,#718,.T.);
#306=ORIENTED_EDGE('',*,*,#719,.T.);
#307=ORIENTED_EDGE('',*,*,#720,.F.);
#308=ORIENTED_EDGE('',*,*,#721,.T.);
#309=ORIENTED_EDGE('',*,*,#720,.T.);
#310=ORIENTED_EDGE('',*,*,#722,.T.);
#311=ORIENTED_EDGE('',*,*,#723,.F.);
#312=ORIENTED_EDGE('',*,*,#724,.F.);
#313=ORIENTED_EDGE('',*,*,#723,.T.);
#314=ORIENTED_EDGE('',*,*,#725,.T.);
#315=ORIENTED_EDGE('',*,*,#726,.F.);
#316=ORIENTED_EDGE('',*,*,#727,.F.);
#317=ORIENTED_EDGE('',*,*,#726,.T.);
#318=ORIENTED_EDGE('',*,*,#728,.T.);
#319=ORIENTED_EDGE('',*,*,#718,.F.);
#320=ORIENTED_EDGE('',*,*,#729,.T.);
#321=ORIENTED_EDGE('',*,*,#721,.F.);
#322=ORIENTED_EDGE('',*,*,#724,.T.);
#323=ORIENTED_EDGE('',*,*,#727,.T.);
#324=ORIENTED_EDGE('',*,*,#729,.F.);
#325=ORIENTED_EDGE('',*,*,#730,.T.);
#326=ORIENTED_EDGE('',*,*,#731,.T.);
#327=ORIENTED_EDGE('',*,*,#732,.F.);
#328=ORIENTED_EDGE('',*,*,#733,.T.);
#329=ORIENTED_EDGE('',*,*,#732,.T.);
#330=ORIENTED_EDGE('',*,*,#734,.T.);
#331=ORIENTED_EDGE('',*,*,#735,.F.);
#332=ORIENTED_EDGE('',*,*,#736,.F.);
#333=ORIENTED_EDGE('',*,*,#735,.T.);
#334=ORIENTED_EDGE('',*,*,#737,.T.);
#335=ORIENTED_EDGE('',*,*,#738,.F.);
#336=ORIENTED_EDGE('',*,*,#739,.F.);
#337=ORIENTED_EDGE('',*,*,#738,.T.);
#338=ORIENTED_EDGE('',*,*,#740,.T.);
#339=ORIENTED_EDGE('',*,*,#730,.F.);
#340=ORIENTED_EDGE('',*,*,#741,.T.);
#341=ORIENTED_EDGE('',*,*,#733,.F.);
#342=ORIENTED_EDGE('',*,*,#736,.T.);
#343=ORIENTED_EDGE('',*,*,#739,.T.);
#344=ORIENTED_EDGE('',*,*,#741,.F.);
#345=ORIENTED_EDGE('',*,*,#742,.F.);
#346=ORIENTED_EDGE('',*,*,#666,.F.);
#347=ORIENTED_EDGE('',*,*,#743,.F.);
#348=ORIENTED_EDGE('',*,*,#627,.F.);
#349=ORIENTED_EDGE('',*,*,#743,.T.);
#350=ORIENTED_EDGE('',*,*,#663,.F.);
#351=ORIENTED_EDGE('',*,*,#744,.F.);
#352=ORIENTED_EDGE('',*,*,#628,.F.);
#353=ORIENTED_EDGE('',*,*,#745,.F.);
#354=ORIENTED_EDGE('',*,*,#746,.F.);
#355=ORIENTED_EDGE('',*,*,#742,.T.);
#356=ORIENTED_EDGE('',*,*,#746,.T.);
#357=ORIENTED_EDGE('',*,*,#612,.F.);
#358=ORIENTED_EDGE('',*,*,#747,.F.);
#359=ORIENTED_EDGE('',*,*,#667,.F.);
#360=ORIENTED_EDGE('',*,*,#748,.F.);
#361=ORIENTED_EDGE('',*,*,#749,.F.);
#362=ORIENTED_EDGE('',*,*,#744,.T.);
#363=ORIENTED_EDGE('',*,*,#749,.T.);
#364=ORIENTED_EDGE('',*,*,#637,.F.);
#365=ORIENTED_EDGE('',*,*,#750,.F.);
#366=ORIENTED_EDGE('',*,*,#629,.F.);
#367=ORIENTED_EDGE('',*,*,#745,.T.);
#368=ORIENTED_EDGE('',*,*,#626,.F.);
#369=ORIENTED_EDGE('',*,*,#751,.F.);
#370=ORIENTED_EDGE('',*,*,#613,.F.);
#371=ORIENTED_EDGE('',*,*,#747,.T.);
#372=ORIENTED_EDGE('',*,*,#611,.F.);
#373=ORIENTED_EDGE('',*,*,#752,.F.);
#374=ORIENTED_EDGE('',*,*,#692,.F.);
#375=ORIENTED_EDGE('',*,*,#748,.T.);
#376=ORIENTED_EDGE('',*,*,#662,.F.);
#377=ORIENTED_EDGE('',*,*,#753,.F.);
#378=ORIENTED_EDGE('',*,*,#630,.F.);
#379=ORIENTED_EDGE('',*,*,#751,.T.);
#380=ORIENTED_EDGE('',*,*,#750,.T.);
#381=ORIENTED_EDGE('',*,*,#754,.F.);
#382=ORIENTED_EDGE('',*,*,#752,.T.);
#383=ORIENTED_EDGE('',*,*,#610,.F.);
#384=ORIENTED_EDGE('',*,*,#755,.F.);
#385=ORIENTED_EDGE('',*,*,#672,.F.);
#386=ORIENTED_EDGE('',*,*,#753,.T.);
#387=ORIENTED_EDGE('',*,*,#691,.F.);
#388=ORIENTED_EDGE('',*,*,#756,.F.);
#389=ORIENTED_EDGE('',*,*,#631,.F.);
#390=ORIENTED_EDGE('',*,*,#754,.T.);
#391=ORIENTED_EDGE('',*,*,#636,.F.);
#392=ORIENTED_EDGE('',*,*,#757,.F.);
#393=ORIENTED_EDGE('',*,*,#614,.F.);
#394=ORIENTED_EDGE('',*,*,#755,.T.);
#395=ORIENTED_EDGE('',*,*,#617,.F.);
#396=ORIENTED_EDGE('',*,*,#758,.F.);
#397=ORIENTED_EDGE('',*,*,#621,.F.);
#398=ORIENTED_EDGE('',*,*,#756,.T.);
#399=ORIENTED_EDGE('',*,*,#688,.F.);
#400=ORIENTED_EDGE('',*,*,#759,.F.);
#401=ORIENTED_EDGE('',*,*,#632,.F.);
#402=ORIENTED_EDGE('',*,*,#760,.F.);
#403=ORIENTED_EDGE('',*,*,#757,.T.);
#404=ORIENTED_EDGE('',*,*,#761,.F.);
#405=ORIENTED_EDGE('',*,*,#762,.F.);
#406=ORIENTED_EDGE('',*,*,#758,.T.);
#407=ORIENTED_EDGE('',*,*,#763,.F.);
#408=ORIENTED_EDGE('',*,*,#764,.F.);
#409=ORIENTED_EDGE('',*,*,#765,.F.);
#410=ORIENTED_EDGE('',*,*,#759,.T.);
#411=ORIENTED_EDGE('',*,*,#765,.T.);
#412=ORIENTED_EDGE('',*,*,#653,.F.);
#413=ORIENTED_EDGE('',*,*,#766,.F.);
#414=ORIENTED_EDGE('',*,*,#633,.F.);
#415=ORIENTED_EDGE('',*,*,#767,.F.);
#416=ORIENTED_EDGE('',*,*,#634,.F.);
#417=ORIENTED_EDGE('',*,*,#768,.F.);
#418=ORIENTED_EDGE('',*,*,#660,.F.);
#419=ORIENTED_EDGE('',*,*,#761,.T.);
#420=ORIENTED_EDGE('',*,*,#635,.F.);
#421=ORIENTED_EDGE('',*,*,#769,.F.);
#422=ORIENTED_EDGE('',*,*,#639,.F.);
#423=ORIENTED_EDGE('',*,*,#760,.T.);
#424=ORIENTED_EDGE('',*,*,#638,.F.);
#425=ORIENTED_EDGE('',*,*,#770,.F.);
#426=ORIENTED_EDGE('',*,*,#615,.F.);
#427=ORIENTED_EDGE('',*,*,#763,.T.);
#428=ORIENTED_EDGE('',*,*,#616,.F.);
#429=ORIENTED_EDGE('',*,*,#771,.F.);
#430=ORIENTED_EDGE('',*,*,#647,.F.);
#431=ORIENTED_EDGE('',*,*,#762,.T.);
#432=ORIENTED_EDGE('',*,*,#646,.F.);
#433=ORIENTED_EDGE('',*,*,#772,.F.);
#434=ORIENTED_EDGE('',*,*,#618,.F.);
#435=ORIENTED_EDGE('',*,*,#669,.F.);
#436=ORIENTED_EDGE('',*,*,#619,.F.);
#437=ORIENTED_EDGE('',*,*,#773,.F.);
#438=ORIENTED_EDGE('',*,*,#673,.F.);
#439=ORIENTED_EDGE('',*,*,#764,.T.);
#440=ORIENTED_EDGE('',*,*,#687,.F.);
#441=ORIENTED_EDGE('',*,*,#774,.F.);
#442=ORIENTED_EDGE('',*,*,#650,.F.);
#443=ORIENTED_EDGE('',*,*,#768,.T.);
#444=ORIENTED_EDGE('',*,*,#766,.T.);
#445=ORIENTED_EDGE('',*,*,#775,.F.);
#446=ORIENTED_EDGE('',*,*,#769,.T.);
#447=ORIENTED_EDGE('',*,*,#767,.T.);
#448=ORIENTED_EDGE('',*,*,#776,.F.);
#449=ORIENTED_EDGE('',*,*,#771,.T.);
#450=ORIENTED_EDGE('',*,*,#770,.T.);
#451=ORIENTED_EDGE('',*,*,#777,.F.);
#452=ORIENTED_EDGE('',*,*,#773,.T.);
#453=ORIENTED_EDGE('',*,*,#772,.T.);
#454=ORIENTED_EDGE('',*,*,#778,.F.);
#455=ORIENTED_EDGE('',*,*,#774,.T.);
#456=ORIENTED_EDGE('',*,*,#684,.F.);
#457=ORIENTED_EDGE('',*,*,#779,.F.);
#458=ORIENTED_EDGE('',*,*,#651,.F.);
#459=ORIENTED_EDGE('',*,*,#775,.T.);
#460=ORIENTED_EDGE('',*,*,#652,.F.);
#461=ORIENTED_EDGE('',*,*,#780,.F.);
#462=ORIENTED_EDGE('',*,*,#661,.F.);
#463=ORIENTED_EDGE('',*,*,#776,.T.);
#464=ORIENTED_EDGE('',*,*,#659,.F.);
#465=ORIENTED_EDGE('',*,*,#781,.F.);
#466=ORIENTED_EDGE('',*,*,#640,.F.);
#467=ORIENTED_EDGE('',*,*,#777,.T.);
#468=ORIENTED_EDGE('',*,*,#641,.F.);
#469=ORIENTED_EDGE('',*,*,#782,.F.);
#470=ORIENTED_EDGE('',*,*,#648,.F.);
#471=ORIENTED_EDGE('',*,*,#778,.T.);
#472=ORIENTED_EDGE('',*,*,#645,.F.);
#473=ORIENTED_EDGE('',*,*,#783,.F.);
#474=ORIENTED_EDGE('',*,*,#674,.F.);
#475=ORIENTED_EDGE('',*,*,#780,.T.);
#476=ORIENTED_EDGE('',*,*,#779,.T.);
#477=ORIENTED_EDGE('',*,*,#784,.F.);
#478=ORIENTED_EDGE('',*,*,#782,.T.);
#479=ORIENTED_EDGE('',*,*,#781,.T.);
#480=ORIENTED_EDGE('',*,*,#785,.F.);
#481=ORIENTED_EDGE('',*,*,#783,.T.);
#482=ORIENTED_EDGE('',*,*,#644,.F.);
#483=ORIENTED_EDGE('',*,*,#786,.F.);
#484=ORIENTED_EDGE('',*,*,#693,.F.);
#485=ORIENTED_EDGE('',*,*,#784,.T.);
#486=ORIENTED_EDGE('',*,*,#683,.F.);
#487=ORIENTED_EDGE('',*,*,#787,.F.);
#488=ORIENTED_EDGE('',*,*,#654,.F.);
#489=ORIENTED_EDGE('',*,*,#785,.T.);
#490=ORIENTED_EDGE('',*,*,#658,.F.);
#491=ORIENTED_EDGE('',*,*,#788,.F.);
#492=ORIENTED_EDGE('',*,*,#649,.F.);
#493=ORIENTED_EDGE('',*,*,#789,.F.);
#494=ORIENTED_EDGE('',*,*,#642,.F.);
#495=ORIENTED_EDGE('',*,*,#790,.F.);
#496=ORIENTED_EDGE('',*,*,#625,.F.);
#497=ORIENTED_EDGE('',*,*,#786,.T.);
#498=ORIENTED_EDGE('',*,*,#643,.F.);
#499=ORIENTED_EDGE('',*,*,#791,.F.);
#500=ORIENTED_EDGE('',*,*,#676,.F.);
#501=ORIENTED_EDGE('',*,*,#787,.T.);
#502=ORIENTED_EDGE('',*,*,#690,.F.);
#503=ORIENTED_EDGE('',*,*,#792,.F.);
#504=ORIENTED_EDGE('',*,*,#655,.F.);
#505=ORIENTED_EDGE('',*,*,#790,.T.);
#506=ORIENTED_EDGE('',*,*,#788,.T.);
#507=ORIENTED_EDGE('',*,*,#793,.F.);
#508=ORIENTED_EDGE('',*,*,#791,.T.);
#509=ORIENTED_EDGE('',*,*,#789,.T.);
#510=ORIENTED_EDGE('',*,*,#794,.F.);
#511=ORIENTED_EDGE('',*,*,#792,.T.);
#512=ORIENTED_EDGE('',*,*,#681,.F.);
#513=ORIENTED_EDGE('',*,*,#795,.F.);
#514=ORIENTED_EDGE('',*,*,#656,.F.);
#515=ORIENTED_EDGE('',*,*,#793,.T.);
#516=ORIENTED_EDGE('',*,*,#657,.F.);
#517=ORIENTED_EDGE('',*,*,#796,.F.);
#518=ORIENTED_EDGE('',*,*,#622,.F.);
#519=ORIENTED_EDGE('',*,*,#794,.T.);
#520=ORIENTED_EDGE('',*,*,#624,.F.);
#521=ORIENTED_EDGE('',*,*,#797,.F.);
#522=ORIENTED_EDGE('',*,*,#677,.F.);
#523=ORIENTED_EDGE('',*,*,#796,.T.);
#524=ORIENTED_EDGE('',*,*,#795,.T.);
#525=ORIENTED_EDGE('',*,*,#798,.F.);
#526=ORIENTED_EDGE('',*,*,#797,.T.);
#527=ORIENTED_EDGE('',*,*,#623,.F.);
#528=ORIENTED_EDGE('',*,*,#798,.T.);
#529=ORIENTED_EDGE('',*,*,#680,.F.);
#530=ORIENTED_EDGE('',*,*,#799,.F.);
#531=ORIENTED_EDGE('',*,*,#734,.F.);
#532=ORIENTED_EDGE('',*,*,#800,.F.);
#533=ORIENTED_EDGE('',*,*,#596,.F.);
#534=ORIENTED_EDGE('',*,*,#800,.T.);
#535=ORIENTED_EDGE('',*,*,#731,.F.);
#536=ORIENTED_EDGE('',*,*,#801,.F.);
#537=ORIENTED_EDGE('',*,*,#597,.F.);
#538=ORIENTED_EDGE('',*,*,#799,.T.);
#539=ORIENTED_EDGE('',*,*,#595,.F.);
#540=ORIENTED_EDGE('',*,*,#802,.F.);
#541=ORIENTED_EDGE('',*,*,#737,.F.);
#542=ORIENTED_EDGE('',*,*,#801,.T.);
#543=ORIENTED_EDGE('',*,*,#740,.F.);
#544=ORIENTED_EDGE('',*,*,#802,.T.);
#545=ORIENTED_EDGE('',*,*,#594,.F.);
#546=ORIENTED_EDGE('',*,*,#803,.F.);
#547=ORIENTED_EDGE('',*,*,#722,.F.);
#548=ORIENTED_EDGE('',*,*,#804,.F.);
#549=ORIENTED_EDGE('',*,*,#600,.F.);
#550=ORIENTED_EDGE('',*,*,#804,.T.);
#551=ORIENTED_EDGE('',*,*,#719,.F.);
#552=ORIENTED_EDGE('',*,*,#805,.F.);
#553=ORIENTED_EDGE('',*,*,#601,.F.);
#554=ORIENTED_EDGE('',*,*,#803,.T.);
#555=ORIENTED_EDGE('',*,*,#599,.F.);
#556=ORIENTED_EDGE('',*,*,#806,.F.);
#557=ORIENTED_EDGE('',*,*,#725,.F.);
#558=ORIENTED_EDGE('',*,*,#805,.T.);
#559=ORIENTED_EDGE('',*,*,#728,.F.);
#560=ORIENTED_EDGE('',*,*,#806,.T.);
#561=ORIENTED_EDGE('',*,*,#598,.F.);
#562=ORIENTED_EDGE('',*,*,#807,.F.);
#563=ORIENTED_EDGE('',*,*,#710,.F.);
#564=ORIENTED_EDGE('',*,*,#808,.F.);
#565=ORIENTED_EDGE('',*,*,#604,.F.);
#566=ORIENTED_EDGE('',*,*,#808,.T.);
#567=ORIENTED_EDGE('',*,*,#707,.F.);
#568=ORIENTED_EDGE('',*,*,#809,.F.);
#569=ORIENTED_EDGE('',*,*,#605,.F.);
#570=ORIENTED_EDGE('',*,*,#807,.T.);
#571=ORIENTED_EDGE('',*,*,#603,.F.);
#572=ORIENTED_EDGE('',*,*,#810,.F.);
#573=ORIENTED_EDGE('',*,*,#713,.F.);
#574=ORIENTED_EDGE('',*,*,#809,.T.);
#575=ORIENTED_EDGE('',*,*,#716,.F.);
#576=ORIENTED_EDGE('',*,*,#810,.T.);
#577=ORIENTED_EDGE('',*,*,#602,.F.);
#578=ORIENTED_EDGE('',*,*,#811,.F.);
#579=ORIENTED_EDGE('',*,*,#698,.F.);
#580=ORIENTED_EDGE('',*,*,#812,.F.);
#581=ORIENTED_EDGE('',*,*,#608,.F.);
#582=ORIENTED_EDGE('',*,*,#812,.T.);
#583=ORIENTED_EDGE('',*,*,#695,.F.);
#584=ORIENTED_EDGE('',*,*,#813,.F.);
#585=ORIENTED_EDGE('',*,*,#609,.F.);
#586=ORIENTED_EDGE('',*,*,#811,.T.);
#587=ORIENTED_EDGE('',*,*,#607,.F.);
#588=ORIENTED_EDGE('',*,*,#814,.F.);
#589=ORIENTED_EDGE('',*,*,#701,.F.);
#590=ORIENTED_EDGE('',*,*,#813,.T.);
#591=ORIENTED_EDGE('',*,*,#704,.F.);
#592=ORIENTED_EDGE('',*,*,#814,.T.);
#593=ORIENTED_EDGE('',*,*,#606,.F.);
#594=EDGE_CURVE('',#815,#816,#938,.T.);
#595=EDGE_CURVE('',#816,#817,#939,.F.);
#596=EDGE_CURVE('',#817,#818,#940,.F.);
#597=EDGE_CURVE('',#818,#815,#941,.T.);
#598=EDGE_CURVE('',#819,#820,#942,.T.);
#599=EDGE_CURVE('',#820,#821,#943,.F.);
#600=EDGE_CURVE('',#821,#822,#944,.F.);
#601=EDGE_CURVE('',#822,#819,#945,.T.);
#602=EDGE_CURVE('',#823,#824,#946,.T.);
#603=EDGE_CURVE('',#824,#825,#947,.F.);
#604=EDGE_CURVE('',#825,#826,#948,.F.);
#605=EDGE_CURVE('',#826,#823,#949,.T.);
#606=EDGE_CURVE('',#827,#828,#950,.T.);
#607=EDGE_CURVE('',#828,#829,#951,.F.);
#608=EDGE_CURVE('',#829,#830,#952,.F.);
#609=EDGE_CURVE('',#830,#827,#953,.T.);
#610=EDGE_CURVE('',#831,#832,#954,.F.);
#611=EDGE_CURVE('',#832,#833,#955,.T.);
#612=EDGE_CURVE('',#833,#834,#956,.T.);
#613=EDGE_CURVE('',#834,#835,#957,.T.);
#614=EDGE_CURVE('',#835,#836,#958,.F.);
#615=EDGE_CURVE('',#836,#837,#959,.F.);
#616=EDGE_CURVE('',#837,#838,#960,.T.);
#617=EDGE_CURVE('',#838,#831,#961,.T.);
#618=EDGE_CURVE('',#839,#840,#962,.T.);
#619=EDGE_CURVE('',#840,#841,#963,.T.);
#620=EDGE_CURVE('',#842,#841,#964,.T.);
#621=EDGE_CURVE('',#842,#839,#965,.F.);
#622=EDGE_CURVE('',#843,#844,#966,.T.);
#623=EDGE_CURVE('',#844,#845,#967,.F.);
#624=EDGE_CURVE('',#845,#846,#968,.F.);
#625=EDGE_CURVE('',#846,#843,#969,.T.);
#626=EDGE_CURVE('',#847,#848,#970,.F.);
#627=EDGE_CURVE('',#848,#849,#971,.T.);
#628=EDGE_CURVE('',#849,#850,#972,.T.);
#629=EDGE_CURVE('',#850,#847,#973,.F.);
#630=EDGE_CURVE('',#851,#852,#974,.F.);
#631=EDGE_CURVE('',#852,#853,#975,.T.);
#632=EDGE_CURVE('',#853,#854,#976,.T.);
#633=EDGE_CURVE('',#854,#855,#977,.T.);
#634=EDGE_CURVE('',#855,#856,#978,.F.);
#635=EDGE_CURVE('',#856,#857,#979,.F.);
#636=EDGE_CURVE('',#857,#858,#980,.T.);
#637=EDGE_CURVE('',#858,#851,#981,.T.);
#638=EDGE_CURVE('',#859,#860,#982,.T.);
#639=EDGE_CURVE('',#860,#861,#983,.T.);
#640=EDGE_CURVE('',#861,#862,#984,.F.);
#641=EDGE_CURVE('',#862,#859,#985,.F.);
#642=EDGE_CURVE('',#863,#864,#986,.F.);
#643=EDGE_CURVE('',#864,#865,#987,.F.);
#644=EDGE_CURVE('',#865,#866,#988,.F.);
#645=EDGE_CURVE('',#866,#867,#989,.T.);
#646=EDGE_CURVE('',#867,#868,#990,.F.);
#647=EDGE_CURVE('',#868,#869,#991,.F.);
#648=EDGE_CURVE('',#869,#870,#992,.T.);
#649=EDGE_CURVE('',#870,#863,#993,.T.);
#650=EDGE_CURVE('',#871,#872,#994,.F.);
#651=EDGE_CURVE('',#872,#873,#995,.T.);
#652=EDGE_CURVE('',#873,#874,#996,.T.);
#653=EDGE_CURVE('',#874,#871,#997,.F.);
#654=EDGE_CURVE('',#875,#876,#998,.F.);
#655=EDGE_CURVE('',#876,#877,#999,.F.);
#656=EDGE_CURVE('',#877,#878,#1000,.T.);
#657=EDGE_CURVE('',#878,#879,#1001,.F.);
#658=EDGE_CURVE('',#879,#880,#1002,.F.);
#659=EDGE_CURVE('',#880,#881,#1003,.T.);
#660=EDGE_CURVE('',#881,#882,#1004,.T.);
#661=EDGE_CURVE('',#882,#875,#1005,.F.);
#662=EDGE_CURVE('',#883,#884,#1006,.T.);
#663=EDGE_CURVE('',#884,#885,#1007,.F.);
#664=EDGE_CURVE('',#886,#885,#1008,.T.);
#665=EDGE_CURVE('',#886,#883,#1009,.T.);
#666=EDGE_CURVE('',#885,#887,#1010,.F.);
#667=EDGE_CURVE('',#887,#888,#1011,.F.);
#668=EDGE_CURVE('',#888,#886,#1012,.T.);
#669=EDGE_CURVE('',#841,#889,#106,.F.);
#670=EDGE_CURVE('',#890,#889,#1013,.T.);
#671=EDGE_CURVE('',#891,#890,#1014,.T.);
#672=EDGE_CURVE('',#891,#842,#1015,.T.);
#673=EDGE_CURVE('',#889,#892,#1016,.F.);
#674=EDGE_CURVE('',#892,#893,#1017,.F.);
#675=EDGE_CURVE('',#893,#890,#1018,.T.);
#676=EDGE_CURVE('',#894,#895,#1019,.T.);
#677=EDGE_CURVE('',#895,#896,#1020,.T.);
#678=EDGE_CURVE('',#897,#896,#1021,.T.);
#679=EDGE_CURVE('',#894,#897,#1022,.T.);
#680=EDGE_CURVE('',#896,#898,#1023,.T.);
#681=EDGE_CURVE('',#898,#899,#1024,.F.);
#682=EDGE_CURVE('',#897,#899,#1025,.T.);
#683=EDGE_CURVE('',#900,#901,#1026,.T.);
#684=EDGE_CURVE('',#901,#902,#1027,.F.);
#685=EDGE_CURVE('',#903,#902,#1028,.T.);
#686=EDGE_CURVE('',#903,#900,#1029,.T.);
#687=EDGE_CURVE('',#902,#904,#1030,.T.);
#688=EDGE_CURVE('',#904,#905,#1031,.F.);
#689=EDGE_CURVE('',#903,#905,#1032,.T.);
#690=EDGE_CURVE('',#899,#900,#1033,.T.);
#691=EDGE_CURVE('',#905,#883,#1034,.F.);
#692=EDGE_CURVE('',#888,#891,#1035,.F.);
#693=EDGE_CURVE('',#893,#894,#1036,.T.);
#694=EDGE_CURVE('',#906,#907,#1037,.T.);
#695=EDGE_CURVE('',#907,#908,#1038,.F.);
#696=EDGE_CURVE('',#909,#908,#1039,.T.);
#697=EDGE_CURVE('',#909,#906,#1040,.T.);
#698=EDGE_CURVE('',#908,#910,#1041,.T.);
#699=EDGE_CURVE('',#911,#910,#1042,.T.);
#700=EDGE_CURVE('',#909,#911,#1043,.T.);
#701=EDGE_CURVE('',#910,#912,#1044,.T.);
#702=EDGE_CURVE('',#913,#912,#1045,.T.);
#703=EDGE_CURVE('',#911,#913,#1046,.T.);
#704=EDGE_CURVE('',#912,#907,#1047,.F.);
#705=EDGE_CURVE('',#906,#913,#1048,.T.);
#706=EDGE_CURVE('',#914,#915,#1049,.T.);
#707=EDGE_CURVE('',#915,#916,#1050,.F.);
#708=EDGE_CURVE('',#917,#916,#1051,.T.);
#709=EDGE_CURVE('',#917,#914,#1052,.T.);
#710=EDGE_CURVE('',#916,#918,#1053,.T.);
#711=EDGE_CURVE('',#919,#918,#1054,.T.);
#712=EDGE_CURVE('',#917,#919,#1055,.T.);
#713=EDGE_CURVE('',#918,#920,#1056,.T.);
#714=EDGE_CURVE('',#921,#920,#1057,.T.);
#715=EDGE_CURVE('',#919,#921,#1058,.T.);
#716=EDGE_CURVE('',#920,#915,#1059,.F.);
#717=EDGE_CURVE('',#914,#921,#1060,.T.);
#718=EDGE_CURVE('',#922,#923,#1061,.T.);
#719=EDGE_CURVE('',#923,#924,#1062,.F.);
#720=EDGE_CURVE('',#925,#924,#1063,.T.);
#721=EDGE_CURVE('',#925,#922,#1064,.T.);
#722=EDGE_CURVE('',#924,#926,#1065,.T.);
#723=EDGE_CURVE('',#927,#926,#1066,.T.);
#724=EDGE_CURVE('',#925,#927,#1067,.T.);
#725=EDGE_CURVE('',#926,#928,#1068,.T.);
#726=EDGE_CURVE('',#929,#928,#1069,.T.);
#727=EDGE_CURVE('',#927,#929,#1070,.T.);
#728=EDGE_CURVE('',#928,#923,#1071,.F.);
#729=EDGE_CURVE('',#922,#929,#1072,.T.);
#730=EDGE_CURVE('',#930,#931,#1073,.T.);
#731=EDGE_CURVE('',#931,#932,#1074,.F.);
#732=EDGE_CURVE('',#933,#932,#1075,.T.);
#733=EDGE_CURVE('',#933,#930,#1076,.T.);
#734=EDGE_CURVE('',#932,#934,#1077,.T.);
#735=EDGE_CURVE('',#935,#934,#1078,.T.);
#736=EDGE_CURVE('',#933,#935,#1079,.T.);
#737=EDGE_CURVE('',#934,#936,#1080,.T.);
#738=EDGE_CURVE('',#937,#936,#1081,.T.);
#739=EDGE_CURVE('',#935,#937,#1082,.T.);
#740=EDGE_CURVE('',#936,#931,#1083,.F.);
#741=EDGE_CURVE('',#930,#937,#1084,.T.);
#742=EDGE_CURVE('',#887,#848,#107,.T.);
#743=EDGE_CURVE('',#849,#885,#27,.F.);
#744=EDGE_CURVE('',#850,#884,#108,.T.);
#745=EDGE_CURVE('',#834,#848,#109,.F.);
#746=EDGE_CURVE('',#887,#834,#110,.F.);
#747=EDGE_CURVE('',#888,#833,#28,.F.);
#748=EDGE_CURVE('',#851,#884,#111,.F.);
#749=EDGE_CURVE('',#850,#851,#112,.F.);
#750=EDGE_CURVE('',#847,#858,#113,.T.);
#751=EDGE_CURVE('',#835,#847,#114,.T.);
#752=EDGE_CURVE('',#891,#832,#29,.F.);
#753=EDGE_CURVE('',#852,#883,#30,.F.);
#754=EDGE_CURVE('',#835,#858,#115,.F.);
#755=EDGE_CURVE('',#842,#831,#31,.F.);
#756=EDGE_CURVE('',#853,#905,#32,.F.);
#757=EDGE_CURVE('',#836,#857,#116,.T.);
#758=EDGE_CURVE('',#839,#838,#117,.T.);
#759=EDGE_CURVE('',#854,#904,#118,.T.);
#760=EDGE_CURVE('',#836,#860,#119,.F.);
#761=EDGE_CURVE('',#860,#857,#120,.F.);
#762=EDGE_CURVE('',#839,#868,#121,.F.);
#763=EDGE_CURVE('',#868,#838,#122,.F.);
#764=EDGE_CURVE('',#871,#904,#123,.F.);
#765=EDGE_CURVE('',#854,#871,#124,.F.);
#766=EDGE_CURVE('',#855,#874,#125,.T.);
#767=EDGE_CURVE('',#856,#881,#126,.T.);
#768=EDGE_CURVE('',#882,#855,#127,.T.);
#769=EDGE_CURVE('',#861,#856,#128,.T.);
#770=EDGE_CURVE('',#837,#859,#129,.T.);
#771=EDGE_CURVE('',#869,#837,#130,.T.);
#772=EDGE_CURVE('',#840,#867,#131,.T.);
#773=EDGE_CURVE('',#892,#840,#132,.T.);
#774=EDGE_CURVE('',#872,#902,#33,.F.);
#775=EDGE_CURVE('',#882,#874,#133,.F.);
#776=EDGE_CURVE('',#861,#881,#134,.F.);
#777=EDGE_CURVE('',#869,#859,#135,.F.);
#778=EDGE_CURVE('',#892,#867,#136,.F.);
#779=EDGE_CURVE('',#873,#901,#137,.T.);
#780=EDGE_CURVE('',#875,#873,#138,.T.);
#781=EDGE_CURVE('',#862,#880,#139,.T.);
#782=EDGE_CURVE('',#870,#862,#140,.T.);
#783=EDGE_CURVE('',#893,#866,#34,.F.);
#784=EDGE_CURVE('',#875,#901,#141,.F.);
#785=EDGE_CURVE('',#870,#880,#142,.F.);
#786=EDGE_CURVE('',#894,#865,#35,.T.);
#787=EDGE_CURVE('',#876,#900,#36,.T.);
#788=EDGE_CURVE('',#863,#879,#143,.T.);
#789=EDGE_CURVE('',#864,#846,#144,.T.);
#790=EDGE_CURVE('',#843,#863,#145,.T.);
#791=EDGE_CURVE('',#895,#864,#146,.T.);
#792=EDGE_CURVE('',#877,#899,#37,.T.);
#793=EDGE_CURVE('',#843,#879,#147,.F.);
#794=EDGE_CURVE('',#895,#846,#148,.F.);
#795=EDGE_CURVE('',#878,#898,#149,.T.);
#796=EDGE_CURVE('',#844,#878,#150,.T.);
#797=EDGE_CURVE('',#896,#845,#38,.T.);
#798=EDGE_CURVE('',#844,#898,#151,.F.);
#799=EDGE_CURVE('',#934,#817,#39,.F.);
#800=EDGE_CURVE('',#818,#932,#40,.T.);
#801=EDGE_CURVE('',#815,#931,#41,.T.);
#802=EDGE_CURVE('',#936,#816,#42,.F.);
#803=EDGE_CURVE('',#926,#821,#43,.F.);
#804=EDGE_CURVE('',#822,#924,#44,.T.);
#805=EDGE_CURVE('',#819,#923,#45,.T.);
#806=EDGE_CURVE('',#928,#820,#46,.F.);
#807=EDGE_CURVE('',#918,#825,#47,.F.);
#808=EDGE_CURVE('',#826,#916,#48,.T.);
#809=EDGE_CURVE('',#823,#915,#49,.T.);
#810=EDGE_CURVE('',#920,#824,#50,.F.);
#811=EDGE_CURVE('',#910,#829,#51,.F.);
#812=EDGE_CURVE('',#830,#908,#52,.T.);
#813=EDGE_CURVE('',#827,#907,#53,.T.);
#814=EDGE_CURVE('',#912,#828,#54,.F.);
#815=VERTEX_POINT('',#2289);
#816=VERTEX_POINT('',#2290);
#817=VERTEX_POINT('',#2292);
#818=VERTEX_POINT('',#2294);
#819=VERTEX_POINT('',#2297);
#820=VERTEX_POINT('',#2298);
#821=VERTEX_POINT('',#2300);
#822=VERTEX_POINT('',#2302);
#823=VERTEX_POINT('',#2305);
#824=VERTEX_POINT('',#2306);
#825=VERTEX_POINT('',#2308);
#826=VERTEX_POINT('',#2310);
#827=VERTEX_POINT('',#2313);
#828=VERTEX_POINT('',#2314);
#829=VERTEX_POINT('',#2316);
#830=VERTEX_POINT('',#2318);
#831=VERTEX_POINT('',#2321);
#832=VERTEX_POINT('',#2322);
#833=VERTEX_POINT('',#2324);
#834=VERTEX_POINT('',#2326);
#835=VERTEX_POINT('',#2328);
#836=VERTEX_POINT('',#2330);
#837=VERTEX_POINT('',#2332);
#838=VERTEX_POINT('',#2334);
#839=VERTEX_POINT('',#2338);
#840=VERTEX_POINT('',#2339);
#841=VERTEX_POINT('',#2341);
#842=VERTEX_POINT('',#2343);
#843=VERTEX_POINT('',#2347);
#844=VERTEX_POINT('',#2348);
#845=VERTEX_POINT('',#2350);
#846=VERTEX_POINT('',#2352);
#847=VERTEX_POINT('',#2356);
#848=VERTEX_POINT('',#2357);
#849=VERTEX_POINT('',#2359);
#850=VERTEX_POINT('',#2361);
#851=VERTEX_POINT('',#2365);
#852=VERTEX_POINT('',#2366);
#853=VERTEX_POINT('',#2368);
#854=VERTEX_POINT('',#2370);
#855=VERTEX_POINT('',#2372);
#856=VERTEX_POINT('',#2374);
#857=VERTEX_POINT('',#2376);
#858=VERTEX_POINT('',#2378);
#859=VERTEX_POINT('',#2382);
#860=VERTEX_POINT('',#2383);
#861=VERTEX_POINT('',#2385);
#862=VERTEX_POINT('',#2387);
#863=VERTEX_POINT('',#2391);
#864=VERTEX_POINT('',#2392);
#865=VERTEX_POINT('',#2394);
#866=VERTEX_POINT('',#2396);
#867=VERTEX_POINT('',#2398);
#868=VERTEX_POINT('',#2400);
#869=VERTEX_POINT('',#2402);
#870=VERTEX_POINT('',#2404);
#871=VERTEX_POINT('',#2408);
#872=VERTEX_POINT('',#2409);
#873=VERTEX_POINT('',#2411);
#874=VERTEX_POINT('',#2413);
#875=VERTEX_POINT('',#2417);
#876=VERTEX_POINT('',#2418);
#877=VERTEX_POINT('',#2420);
#878=VERTEX_POINT('',#2422);
#879=VERTEX_POINT('',#2424);
#880=VERTEX_POINT('',#2426);
#881=VERTEX_POINT('',#2428);
#882=VERTEX_POINT('',#2430);
#883=VERTEX_POINT('',#2434);
#884=VERTEX_POINT('',#2435);
#885=VERTEX_POINT('',#2437);
#886=VERTEX_POINT('',#2439);
#887=VERTEX_POINT('',#2443);
#888=VERTEX_POINT('',#2445);
#889=VERTEX_POINT('',#2449);
#890=VERTEX_POINT('',#2451);
#891=VERTEX_POINT('',#2453);
#892=VERTEX_POINT('',#2457);
#893=VERTEX_POINT('',#2459);
#894=VERTEX_POINT('',#2463);
#895=VERTEX_POINT('',#2464);
#896=VERTEX_POINT('',#2466);
#897=VERTEX_POINT('',#2468);
#898=VERTEX_POINT('',#2472);
#899=VERTEX_POINT('',#2474);
#900=VERTEX_POINT('',#2478);
#901=VERTEX_POINT('',#2479);
#902=VERTEX_POINT('',#2481);
#903=VERTEX_POINT('',#2483);
#904=VERTEX_POINT('',#2487);
#905=VERTEX_POINT('',#2489);
#906=VERTEX_POINT('',#2498);
#907=VERTEX_POINT('',#2499);
#908=VERTEX_POINT('',#2501);
#909=VERTEX_POINT('',#2503);
#910=VERTEX_POINT('',#2507);
#911=VERTEX_POINT('',#2509);
#912=VERTEX_POINT('',#2513);
#913=VERTEX_POINT('',#2515);
#914=VERTEX_POINT('',#2523);
#915=VERTEX_POINT('',#2524);
#916=VERTEX_POINT('',#2526);
#917=VERTEX_POINT('',#2528);
#918=VERTEX_POINT('',#2532);
#919=VERTEX_POINT('',#2534);
#920=VERTEX_POINT('',#2538);
#921=VERTEX_POINT('',#2540);
#922=VERTEX_POINT('',#2548);
#923=VERTEX_POINT('',#2549);
#924=VERTEX_POINT('',#2551);
#925=VERTEX_POINT('',#2553);
#926=VERTEX_POINT('',#2557);
#927=VERTEX_POINT('',#2559);
#928=VERTEX_POINT('',#2563);
#929=VERTEX_POINT('',#2565);
#930=VERTEX_POINT('',#2573);
#931=VERTEX_POINT('',#2574);
#932=VERTEX_POINT('',#2576);
#933=VERTEX_POINT('',#2578);
#934=VERTEX_POINT('',#2582);
#935=VERTEX_POINT('',#2584);
#936=VERTEX_POINT('',#2588);
#937=VERTEX_POINT('',#2590);
#938=LINE('',#2288,#1085);
#939=LINE('',#2291,#1086);
#940=LINE('',#2293,#1087);
#941=LINE('',#2295,#1088);
#942=LINE('',#2296,#1089);
#943=LINE('',#2299,#1090);
#944=LINE('',#2301,#1091);
#945=LINE('',#2303,#1092);
#946=LINE('',#2304,#1093);
#947=LINE('',#2307,#1094);
#948=LINE('',#2309,#1095);
#949=LINE('',#2311,#1096);
#950=LINE('',#2312,#1097);
#951=LINE('',#2315,#1098);
#952=LINE('',#2317,#1099);
#953=LINE('',#2319,#1100);
#954=LINE('',#2320,#1101);
#955=LINE('',#2323,#1102);
#956=LINE('',#2325,#1103);
#957=LINE('',#2327,#1104);
#958=LINE('',#2329,#1105);
#959=LINE('',#2331,#1106);
#960=LINE('',#2333,#1107);
#961=LINE('',#2335,#1108);
#962=LINE('',#2337,#1109);
#963=LINE('',#2340,#1110);
#964=LINE('',#2342,#1111);
#965=LINE('',#2344,#1112);
#966=LINE('',#2346,#1113);
#967=LINE('',#2349,#1114);
#968=LINE('',#2351,#1115);
#969=LINE('',#2353,#1116);
#970=LINE('',#2355,#1117);
#971=LINE('',#2358,#1118);
#972=LINE('',#2360,#1119);
#973=LINE('',#2362,#1120);
#974=LINE('',#2364,#1121);
#975=LINE('',#2367,#1122);
#976=LINE('',#2369,#1123);
#977=LINE('',#2371,#1124);
#978=LINE('',#2373,#1125);
#979=LINE('',#2375,#1126);
#980=LINE('',#2377,#1127);
#981=LINE('',#2379,#1128);
#982=LINE('',#2381,#1129);
#983=LINE('',#2384,#1130);
#984=LINE('',#2386,#1131);
#985=LINE('',#2388,#1132);
#986=LINE('',#2390,#1133);
#987=LINE('',#2393,#1134);
#988=LINE('',#2395,#1135);
#989=LINE('',#2397,#1136);
#990=LINE('',#2399,#1137);
#991=LINE('',#2401,#1138);
#992=LINE('',#2403,#1139);
#993=LINE('',#2405,#1140);
#994=LINE('',#2407,#1141);
#995=LINE('',#2410,#1142);
#996=LINE('',#2412,#1143);
#997=LINE('',#2414,#1144);
#998=LINE('',#2416,#1145);
#999=LINE('',#2419,#1146);
#1000=LINE('',#2421,#1147);
#1001=LINE('',#2423,#1148);
#1002=LINE('',#2425,#1149);
#1003=LINE('',#2427,#1150);
#1004=LINE('',#2429,#1151);
#1005=LINE('',#2431,#1152);
#1006=LINE('',#2433,#1153);
#1007=LINE('',#2436,#1154);
#1008=LINE('',#2438,#1155);
#1009=LINE('',#2440,#1156);
#1010=LINE('',#2442,#1157);
#1011=LINE('',#2444,#1158);
#1012=LINE('',#2446,#1159);
#1013=LINE('',#2450,#1160);
#1014=LINE('',#2452,#1161);
#1015=LINE('',#2454,#1162);
#1016=LINE('',#2456,#1163);
#1017=LINE('',#2458,#1164);
#1018=LINE('',#2460,#1165);
#1019=LINE('',#2462,#1166);
#1020=LINE('',#2465,#1167);
#1021=LINE('',#2467,#1168);
#1022=LINE('',#2469,#1169);
#1023=LINE('',#2471,#1170);
#1024=LINE('',#2473,#1171);
#1025=LINE('',#2475,#1172);
#1026=LINE('',#2477,#1173);
#1027=LINE('',#2480,#1174);
#1028=LINE('',#2482,#1175);
#1029=LINE('',#2484,#1176);
#1030=LINE('',#2486,#1177);
#1031=LINE('',#2488,#1178);
#1032=LINE('',#2490,#1179);
#1033=LINE('',#2492,#1180);
#1034=LINE('',#2493,#1181);
#1035=LINE('',#2494,#1182);
#1036=LINE('',#2495,#1183);
#1037=LINE('',#2497,#1184);
#1038=LINE('',#2500,#1185);
#1039=LINE('',#2502,#1186);
#1040=LINE('',#2504,#1187);
#1041=LINE('',#2506,#1188);
#1042=LINE('',#2508,#1189);
#1043=LINE('',#2510,#1190);
#1044=LINE('',#2512,#1191);
#1045=LINE('',#2514,#1192);
#1046=LINE('',#2516,#1193);
#1047=LINE('',#2518,#1194);
#1048=LINE('',#2519,#1195);
#1049=LINE('',#2522,#1196);
#1050=LINE('',#2525,#1197);
#1051=LINE('',#2527,#1198);
#1052=LINE('',#2529,#1199);
#1053=LINE('',#2531,#1200);
#1054=LINE('',#2533,#1201);
#1055=LINE('',#2535,#1202);
#1056=LINE('',#2537,#1203);
#1057=LINE('',#2539,#1204);
#1058=LINE('',#2541,#1205);
#1059=LINE('',#2543,#1206);
#1060=LINE('',#2544,#1207);
#1061=LINE('',#2547,#1208);
#1062=LINE('',#2550,#1209);
#1063=LINE('',#2552,#1210);
#1064=LINE('',#2554,#1211);
#1065=LINE('',#2556,#1212);
#1066=LINE('',#2558,#1213);
#1067=LINE('',#2560,#1214);
#1068=LINE('',#2562,#1215);
#1069=LINE('',#2564,#1216);
#1070=LINE('',#2566,#1217);
#1071=LINE('',#2568,#1218);
#1072=LINE('',#2569,#1219);
#1073=LINE('',#2572,#1220);
#1074=LINE('',#2575,#1221);
#1075=LINE('',#2577,#1222);
#1076=LINE('',#2579,#1223);
#1077=LINE('',#2581,#1224);
#1078=LINE('',#2583,#1225);
#1079=LINE('',#2585,#1226);
#1080=LINE('',#2587,#1227);
#1081=LINE('',#2589,#1228);
#1082=LINE('',#2591,#1229);
#1083=LINE('',#2593,#1230);
#1084=LINE('',#2594,#1231);
#1085=VECTOR('',#1785,1.);
#1086=VECTOR('',#1786,1.);
#1087=VECTOR('',#1787,1.);
#1088=VECTOR('',#1788,1.);
#1089=VECTOR('',#1789,1.);
#1090=VECTOR('',#1790,1.);
#1091=VECTOR('',#1791,1.);
#1092=VECTOR('',#1792,1.);
#1093=VECTOR('',#1793,1.);
#1094=VECTOR('',#1794,1.);
#1095=VECTOR('',#1795,1.);
#1096=VECTOR('',#1796,1.);
#1097=VECTOR('',#1797,1.);
#1098=VECTOR('',#1798,1.);
#1099=VECTOR('',#1799,1.);
#1100=VECTOR('',#1800,1.);
#1101=VECTOR('',#1801,1.);
#1102=VECTOR('',#1802,1.);
#1103=VECTOR('',#1803,1.);
#1104=VECTOR('',#1804,1.);
#1105=VECTOR('',#1805,1.);
#1106=VECTOR('',#1806,1.);
#1107=VECTOR('',#1807,1.);
#1108=VECTOR('',#1808,1.);
#1109=VECTOR('',#1811,1.);
#1110=VECTOR('',#1812,1.);
#1111=VECTOR('',#1813,1.);
#1112=VECTOR('',#1814,1.);
#1113=VECTOR('',#1817,1.);
#1114=VECTOR('',#1818,1.);
#1115=VECTOR('',#1819,1.);
#1116=VECTOR('',#1820,1.);
#1117=VECTOR('',#1823,1.);
#1118=VECTOR('',#1824,1.);
#1119=VECTOR('',#1825,1.);
#1120=VECTOR('',#1826,1.);
#1121=VECTOR('',#1829,1.);
#1122=VECTOR('',#1830,1.);
#1123=VECTOR('',#1831,1.);
#1124=VECTOR('',#1832,1.);
#1125=VECTOR('',#1833,1.);
#1126=VECTOR('',#1834,1.);
#1127=VECTOR('',#1835,1.);
#1128=VECTOR('',#1836,1.);
#1129=VECTOR('',#1839,1.);
#1130=VECTOR('',#1840,1.);
#1131=VECTOR('',#1841,1.);
#1132=VECTOR('',#1842,1.);
#1133=VECTOR('',#1845,1.);
#1134=VECTOR('',#1846,1.);
#1135=VECTOR('',#1847,1.);
#1136=VECTOR('',#1848,1.);
#1137=VECTOR('',#1849,1.);
#1138=VECTOR('',#1850,1.);
#1139=VECTOR('',#1851,1.);
#1140=VECTOR('',#1852,1.);
#1141=VECTOR('',#1855,1.);
#1142=VECTOR('',#1856,1.);
#1143=VECTOR('',#1857,1.);
#1144=VECTOR('',#1858,1.);
#1145=VECTOR('',#1861,1.);
#1146=VECTOR('',#1862,1.);
#1147=VECTOR('',#1863,1.);
#1148=VECTOR('',#1864,1.);
#1149=VECTOR('',#1865,1.);
#1150=VECTOR('',#1866,1.);
#1151=VECTOR('',#1867,1.);
#1152=VECTOR('',#1868,1.);
#1153=VECTOR('',#1871,1.);
#1154=VECTOR('',#1872,1.);
#1155=VECTOR('',#1873,1.);
#1156=VECTOR('',#1874,1.);
#1157=VECTOR('',#1877,1.);
#1158=VECTOR('',#1878,1.);
#1159=VECTOR('',#1879,1.);
#1160=VECTOR('',#1884,1.);
#1161=VECTOR('',#1885,1.);
#1162=VECTOR('',#1886,1.);
#1163=VECTOR('',#1889,1.);
#1164=VECTOR('',#1890,1.);
#1165=VECTOR('',#1891,1.);
#1166=VECTOR('',#1894,1.);
#1167=VECTOR('',#1895,1.);
#1168=VECTOR('',#1896,1.);
#1169=VECTOR('',#1897,1.);
#1170=VECTOR('',#1900,1.);
#1171=VECTOR('',#1901,1.);
#1172=VECTOR('',#1902,1.);
#1173=VECTOR('',#1905,1.);
#1174=VECTOR('',#1906,1.);
#1175=VECTOR('',#1907,1.);
#1176=VECTOR('',#1908,1.);
#1177=VECTOR('',#1911,1.);
#1178=VECTOR('',#1912,1.);
#1179=VECTOR('',#1913,1.);
#1180=VECTOR('',#1916,1.);
#1181=VECTOR('',#1917,1.);
#1182=VECTOR('',#1918,1.);
#1183=VECTOR('',#1919,1.);
#1184=VECTOR('',#1922,1.);
#1185=VECTOR('',#1923,1.);
#1186=VECTOR('',#1924,1.);
#1187=VECTOR('',#1925,1.);
#1188=VECTOR('',#1928,1.);
#1189=VECTOR('',#1929,1.);
#1190=VECTOR('',#1930,1.);
#1191=VECTOR('',#1933,1.);
#1192=VECTOR('',#1934,1.);
#1193=VECTOR('',#1935,1.);
#1194=VECTOR('',#1938,1.);
#1195=VECTOR('',#1939,1.);
#1196=VECTOR('',#1944,1.);
#1197=VECTOR('',#1945,1.);
#1198=VECTOR('',#1946,1.);
#1199=VECTOR('',#1947,1.);
#1200=VECTOR('',#1950,1.);
#1201=VECTOR('',#1951,1.);
#1202=VECTOR('',#1952,1.);
#1203=VECTOR('',#1955,1.);
#1204=VECTOR('',#1956,1.);
#1205=VECTOR('',#1957,1.);
#1206=VECTOR('',#1960,1.);
#1207=VECTOR('',#1961,1.);
#1208=VECTOR('',#1966,1.);
#1209=VECTOR('',#1967,1.);
#1210=VECTOR('',#1968,1.);
#1211=VECTOR('',#1969,1.);
#1212=VECTOR('',#1972,1.);
#1213=VECTOR('',#1973,1.);
#1214=VECTOR('',#1974,1.);
#1215=VECTOR('',#1977,1.);
#1216=VECTOR('',#1978,1.);
#1217=VECTOR('',#1979,1.);
#1218=VECTOR('',#1982,1.);
#1219=VECTOR('',#1983,1.);
#1220=VECTOR('',#1988,1.);
#1221=VECTOR('',#1989,1.);
#1222=VECTOR('',#1990,1.);
#1223=VECTOR('',#1991,1.);
#1224=VECTOR('',#1994,1.);
#1225=VECTOR('',#1995,1.);
#1226=VECTOR('',#1996,1.);
#1227=VECTOR('',#1999,1.);
#1228=VECTOR('',#2000,1.);
#1229=VECTOR('',#2001,1.);
#1230=VECTOR('',#2004,1.);
#1231=VECTOR('',#2005,1.);
#1232=EDGE_LOOP('',(#152,#153,#154,#155));
#1233=EDGE_LOOP('',(#156,#157,#158,#159));
#1234=EDGE_LOOP('',(#160,#161,#162,#163));
#1235=EDGE_LOOP('',(#164,#165,#166,#167));
#1236=EDGE_LOOP('',(#168,#169,#170,#171,#172,#173,#174,#175));
#1237=EDGE_LOOP('',(#176,#177,#178,#179));
#1238=EDGE_LOOP('',(#180,#181,#182,#183));
#1239=EDGE_LOOP('',(#184,#185,#186,#187));
#1240=EDGE_LOOP('',(#188,#189,#190,#191,#192,#193,#194,#195));
#1241=EDGE_LOOP('',(#196,#197,#198,#199));
#1242=EDGE_LOOP('',(#200,#201,#202,#203,#204,#205,#206,#207));
#1243=EDGE_LOOP('',(#208,#209,#210,#211));
#1244=EDGE_LOOP('',(#212,#213,#214,#215,#216,#217,#218,#219));
#1245=EDGE_LOOP('',(#220,#221,#222,#223));
#1246=EDGE_LOOP('',(#224,#225,#226,#227));
#1247=EDGE_LOOP('',(#228,#229,#230,#231,#232));
#1248=EDGE_LOOP('',(#233,#234,#235,#236));
#1249=EDGE_LOOP('',(#237,#238,#239,#240));
#1250=EDGE_LOOP('',(#241,#242,#243,#244));
#1251=EDGE_LOOP('',(#245,#246,#247,#248));
#1252=EDGE_LOOP('',(#249,#250,#251,#252));
#1253=EDGE_LOOP('',(#253,#254,#255,#256,#257,#258,#259,#260,#261,#262,#263,
#264));
#1254=EDGE_LOOP('',(#265,#266,#267,#268));
#1255=EDGE_LOOP('',(#269,#270,#271,#272));
#1256=EDGE_LOOP('',(#273,#274,#275,#276));
#1257=EDGE_LOOP('',(#277,#278,#279,#280));
#1258=EDGE_LOOP('',(#281,#282,#283,#284));
#1259=EDGE_LOOP('',(#285,#286,#287,#288));
#1260=EDGE_LOOP('',(#289,#290,#291,#292));
#1261=EDGE_LOOP('',(#293,#294,#295,#296));
#1262=EDGE_LOOP('',(#297,#298,#299,#300));
#1263=EDGE_LOOP('',(#301,#302,#303,#304));
#1264=EDGE_LOOP('',(#305,#306,#307,#308));
#1265=EDGE_LOOP('',(#309,#310,#311,#312));
#1266=EDGE_LOOP('',(#313,#314,#315,#316));
#1267=EDGE_LOOP('',(#317,#318,#319,#320));
#1268=EDGE_LOOP('',(#321,#322,#323,#324));
#1269=EDGE_LOOP('',(#325,#326,#327,#328));
#1270=EDGE_LOOP('',(#329,#330,#331,#332));
#1271=EDGE_LOOP('',(#333,#334,#335,#336));
#1272=EDGE_LOOP('',(#337,#338,#339,#340));
#1273=EDGE_LOOP('',(#341,#342,#343,#344));
#1274=EDGE_LOOP('',(#345,#346,#347,#348));
#1275=EDGE_LOOP('',(#349,#350,#351,#352));
#1276=EDGE_LOOP('',(#353,#354,#355));
#1277=EDGE_LOOP('',(#356,#357,#358,#359));
#1278=EDGE_LOOP('',(#360,#361,#362));
#1279=EDGE_LOOP('',(#363,#364,#365,#366));
#1280=EDGE_LOOP('',(#367,#368,#369,#370));
#1281=EDGE_LOOP('',(#371,#372,#373,#374));
#1282=EDGE_LOOP('',(#375,#376,#377,#378));
#1283=EDGE_LOOP('',(#379,#380,#381));
#1284=EDGE_LOOP('',(#382,#383,#384,#385));
#1285=EDGE_LOOP('',(#386,#387,#388,#389));
#1286=EDGE_LOOP('',(#390,#391,#392,#393));
#1287=EDGE_LOOP('',(#394,#395,#396,#397));
#1288=EDGE_LOOP('',(#398,#399,#400,#401));
#1289=EDGE_LOOP('',(#402,#403,#404));
#1290=EDGE_LOOP('',(#405,#406,#407));
#1291=EDGE_LOOP('',(#408,#409,#410));
#1292=EDGE_LOOP('',(#411,#412,#413,#414));
#1293=EDGE_LOOP('',(#415,#416,#417,#418));
#1294=EDGE_LOOP('',(#419,#420,#421,#422));
#1295=EDGE_LOOP('',(#423,#424,#425,#426));
#1296=EDGE_LOOP('',(#427,#428,#429,#430));
#1297=EDGE_LOOP('',(#431,#432,#433,#434));
#1298=EDGE_LOOP('',(#435,#436,#437,#438));
#1299=EDGE_LOOP('',(#439,#440,#441,#442));
#1300=EDGE_LOOP('',(#443,#444,#445));
#1301=EDGE_LOOP('',(#446,#447,#448));
#1302=EDGE_LOOP('',(#449,#450,#451));
#1303=EDGE_LOOP('',(#452,#453,#454));
#1304=EDGE_LOOP('',(#455,#456,#457,#458));
#1305=EDGE_LOOP('',(#459,#460,#461,#462));
#1306=EDGE_LOOP('',(#463,#464,#465,#466));
#1307=EDGE_LOOP('',(#467,#468,#469,#470));
#1308=EDGE_LOOP('',(#471,#472,#473,#474));
#1309=EDGE_LOOP('',(#475,#476,#477));
#1310=EDGE_LOOP('',(#478,#479,#480));
#1311=EDGE_LOOP('',(#481,#482,#483,#484));
#1312=EDGE_LOOP('',(#485,#486,#487,#488));
#1313=EDGE_LOOP('',(#489,#490,#491,#492));
#1314=EDGE_LOOP('',(#493,#494,#495,#496));
#1315=EDGE_LOOP('',(#497,#498,#499,#500));
#1316=EDGE_LOOP('',(#501,#502,#503,#504));
#1317=EDGE_LOOP('',(#505,#506,#507));
#1318=EDGE_LOOP('',(#508,#509,#510));
#1319=EDGE_LOOP('',(#511,#512,#513,#514));
#1320=EDGE_LOOP('',(#515,#516,#517,#518));
#1321=EDGE_LOOP('',(#519,#520,#521,#522));
#1322=EDGE_LOOP('',(#523,#524,#525));
#1323=EDGE_LOOP('',(#526,#527,#528,#529));
#1324=EDGE_LOOP('',(#530,#531,#532,#533));
#1325=EDGE_LOOP('',(#534,#535,#536,#537));
#1326=EDGE_LOOP('',(#538,#539,#540,#541));
#1327=EDGE_LOOP('',(#542,#543,#544,#545));
#1328=EDGE_LOOP('',(#546,#547,#548,#549));
#1329=EDGE_LOOP('',(#550,#551,#552,#553));
#1330=EDGE_LOOP('',(#554,#555,#556,#557));
#1331=EDGE_LOOP('',(#558,#559,#560,#561));
#1332=EDGE_LOOP('',(#562,#563,#564,#565));
#1333=EDGE_LOOP('',(#566,#567,#568,#569));
#1334=EDGE_LOOP('',(#570,#571,#572,#573));
#1335=EDGE_LOOP('',(#574,#575,#576,#577));
#1336=EDGE_LOOP('',(#578,#579,#580,#581));
#1337=EDGE_LOOP('',(#582,#583,#584,#585));
#1338=EDGE_LOOP('',(#586,#587,#588,#589));
#1339=EDGE_LOOP('',(#590,#591,#592,#593));
#1340=FACE_BOUND('',#1232,.T.);
#1341=FACE_BOUND('',#1233,.T.);
#1342=FACE_BOUND('',#1234,.T.);
#1343=FACE_BOUND('',#1235,.T.);
#1344=FACE_BOUND('',#1236,.T.);
#1345=FACE_BOUND('',#1237,.T.);
#1346=FACE_BOUND('',#1238,.T.);
#1347=FACE_BOUND('',#1239,.T.);
#1348=FACE_BOUND('',#1240,.T.);
#1349=FACE_BOUND('',#1241,.T.);
#1350=FACE_BOUND('',#1242,.T.);
#1351=FACE_BOUND('',#1243,.T.);
#1352=FACE_BOUND('',#1244,.T.);
#1353=FACE_BOUND('',#1245,.T.);
#1354=FACE_BOUND('',#1246,.T.);
#1355=FACE_BOUND('',#1247,.T.);
#1356=FACE_BOUND('',#1248,.T.);
#1357=FACE_BOUND('',#1249,.T.);
#1358=FACE_BOUND('',#1250,.T.);
#1359=FACE_BOUND('',#1251,.T.);
#1360=FACE_BOUND('',#1252,.T.);
#1361=FACE_BOUND('',#1253,.T.);
#1362=FACE_BOUND('',#1254,.T.);
#1363=FACE_BOUND('',#1255,.T.);
#1364=FACE_BOUND('',#1256,.T.);
#1365=FACE_BOUND('',#1257,.T.);
#1366=FACE_BOUND('',#1258,.T.);
#1367=FACE_BOUND('',#1259,.T.);
#1368=FACE_BOUND('',#1260,.T.);
#1369=FACE_BOUND('',#1261,.T.);
#1370=FACE_BOUND('',#1262,.T.);
#1371=FACE_BOUND('',#1263,.T.);
#1372=FACE_BOUND('',#1264,.T.);
#1373=FACE_BOUND('',#1265,.T.);
#1374=FACE_BOUND('',#1266,.T.);
#1375=FACE_BOUND('',#1267,.T.);
#1376=FACE_BOUND('',#1268,.T.);
#1377=FACE_BOUND('',#1269,.T.);
#1378=FACE_BOUND('',#1270,.T.);
#1379=FACE_BOUND('',#1271,.T.);
#1380=FACE_BOUND('',#1272,.T.);
#1381=FACE_BOUND('',#1273,.T.);
#1382=FACE_BOUND('',#1274,.T.);
#1383=FACE_BOUND('',#1275,.T.);
#1384=FACE_BOUND('',#1276,.T.);
#1385=FACE_BOUND('',#1277,.T.);
#1386=FACE_BOUND('',#1278,.T.);
#1387=FACE_BOUND('',#1279,.T.);
#1388=FACE_BOUND('',#1280,.T.);
#1389=FACE_BOUND('',#1281,.T.);
#1390=FACE_BOUND('',#1282,.T.);
#1391=FACE_BOUND('',#1283,.T.);
#1392=FACE_BOUND('',#1284,.T.);
#1393=FACE_BOUND('',#1285,.T.);
#1394=FACE_BOUND('',#1286,.T.);
#1395=FACE_BOUND('',#1287,.T.);
#1396=FACE_BOUND('',#1288,.T.);
#1397=FACE_BOUND('',#1289,.T.);
#1398=FACE_BOUND('',#1290,.T.);
#1399=FACE_BOUND('',#1291,.T.);
#1400=FACE_BOUND('',#1292,.T.);
#1401=FACE_BOUND('',#1293,.T.);
#1402=FACE_BOUND('',#1294,.T.);
#1403=FACE_BOUND('',#1295,.T.);
#1404=FACE_BOUND('',#1296,.T.);
#1405=FACE_BOUND('',#1297,.T.);
#1406=FACE_BOUND('',#1298,.T.);
#1407=FACE_BOUND('',#1299,.T.);
#1408=FACE_BOUND('',#1300,.T.);
#1409=FACE_BOUND('',#1301,.T.);
#1410=FACE_BOUND('',#1302,.T.);
#1411=FACE_BOUND('',#1303,.T.);
#1412=FACE_BOUND('',#1304,.T.);
#1413=FACE_BOUND('',#1305,.T.);
#1414=FACE_BOUND('',#1306,.T.);
#1415=FACE_BOUND('',#1307,.T.);
#1416=FACE_BOUND('',#1308,.T.);
#1417=FACE_BOUND('',#1309,.T.);
#1418=FACE_BOUND('',#1310,.T.);
#1419=FACE_BOUND('',#1311,.T.);
#1420=FACE_BOUND('',#1312,.T.);
#1421=FACE_BOUND('',#1313,.T.);
#1422=FACE_BOUND('',#1314,.T.);
#1423=FACE_BOUND('',#1315,.T.);
#1424=FACE_BOUND('',#1316,.T.);
#1425=FACE_BOUND('',#1317,.T.);
#1426=FACE_BOUND('',#1318,.T.);
#1427=FACE_BOUND('',#1319,.T.);
#1428=FACE_BOUND('',#1320,.T.);
#1429=FACE_BOUND('',#1321,.T.);
#1430=FACE_BOUND('',#1322,.T.);
#1431=FACE_BOUND('',#1323,.T.);
#1432=FACE_BOUND('',#1324,.T.);
#1433=FACE_BOUND('',#1325,.T.);
#1434=FACE_BOUND('',#1326,.T.);
#1435=FACE_BOUND('',#1327,.T.);
#1436=FACE_BOUND('',#1328,.T.);
#1437=FACE_BOUND('',#1329,.T.);
#1438=FACE_BOUND('',#1330,.T.);
#1439=FACE_BOUND('',#1331,.T.);
#1440=FACE_BOUND('',#1332,.T.);
#1441=FACE_BOUND('',#1333,.T.);
#1442=FACE_BOUND('',#1334,.T.);
#1443=FACE_BOUND('',#1335,.T.);
#1444=FACE_BOUND('',#1336,.T.);
#1445=FACE_BOUND('',#1337,.T.);
#1446=FACE_BOUND('',#1338,.T.);
#1447=FACE_BOUND('',#1339,.T.);
#1448=PLANE('',#1603);
#1449=PLANE('',#1604);
#1450=PLANE('',#1605);
#1451=PLANE('',#1606);
#1452=PLANE('',#1607);
#1453=PLANE('',#1608);
#1454=PLANE('',#1609);
#1455=PLANE('',#1610);
#1456=PLANE('',#1611);
#1457=PLANE('',#1612);
#1458=PLANE('',#1613);
#1459=PLANE('',#1614);
#1460=PLANE('',#1616);
#1461=PLANE('',#1617);
#1462=PLANE('',#1618);
#1463=PLANE('',#1619);
#1464=PLANE('',#1620);
#1465=PLANE('',#1621);
#1466=PLANE('',#1622);
#1467=PLANE('',#1623);
#1468=PLANE('',#1624);
#1469=PLANE('',#1625);
#1470=PLANE('',#1626);
#1471=PLANE('',#1627);
#1472=PLANE('',#1628);
#1473=PLANE('',#1629);
#1474=PLANE('',#1630);
#1475=PLANE('',#1631);
#1476=PLANE('',#1632);
#1477=PLANE('',#1633);
#1478=PLANE('',#1634);
#1479=PLANE('',#1635);
#1480=PLANE('',#1636);
#1481=PLANE('',#1637);
#1482=PLANE('',#1638);
#1483=PLANE('',#1639);
#1484=PLANE('',#1640);
#1485=PLANE('',#1641);
#1486=ADVANCED_FACE('',(#1340,#1341,#1342,#1343,#1344),#1448,.T.);
#1487=ADVANCED_FACE('',(#1345),#1449,.F.);
#1488=ADVANCED_FACE('',(#1346),#1450,.F.);
#1489=ADVANCED_FACE('',(#1347),#1451,.F.);
#1490=ADVANCED_FACE('',(#1348),#1452,.T.);
#1491=ADVANCED_FACE('',(#1349),#1453,.T.);
#1492=ADVANCED_FACE('',(#1350),#1454,.F.);
#1493=ADVANCED_FACE('',(#1351),#1455,.F.);
#1494=ADVANCED_FACE('',(#1352),#1456,.F.);
#1495=ADVANCED_FACE('',(#1353),#1457,.T.);
#1496=ADVANCED_FACE('',(#1354),#1458,.T.);
#1497=ADVANCED_FACE('',(#1355),#1459,.F.);
#1498=ADVANCED_FACE('',(#1356),#1460,.T.);
#1499=ADVANCED_FACE('',(#1357),#1461,.F.);
#1500=ADVANCED_FACE('',(#1358),#1462,.F.);
#1501=ADVANCED_FACE('',(#1359),#1463,.T.);
#1502=ADVANCED_FACE('',(#1360),#1464,.F.);
#1503=ADVANCED_FACE('',(#1361),#1465,.T.);
#1504=ADVANCED_FACE('',(#1362),#1466,.T.);
#1505=ADVANCED_FACE('',(#1363),#1467,.F.);
#1506=ADVANCED_FACE('',(#1364),#1468,.F.);
#1507=ADVANCED_FACE('',(#1365),#1469,.T.);
#1508=ADVANCED_FACE('',(#1366),#1470,.T.);
#1509=ADVANCED_FACE('',(#1367),#1471,.T.);
#1510=ADVANCED_FACE('',(#1368),#1472,.F.);
#1511=ADVANCED_FACE('',(#1369),#1473,.F.);
#1512=ADVANCED_FACE('',(#1370),#1474,.T.);
#1513=ADVANCED_FACE('',(#1371),#1475,.T.);
#1514=ADVANCED_FACE('',(#1372),#1476,.T.);
#1515=ADVANCED_FACE('',(#1373),#1477,.F.);
#1516=ADVANCED_FACE('',(#1374),#1478,.F.);
#1517=ADVANCED_FACE('',(#1375),#1479,.T.);
#1518=ADVANCED_FACE('',(#1376),#1480,.T.);
#1519=ADVANCED_FACE('',(#1377),#1481,.T.);
#1520=ADVANCED_FACE('',(#1378),#1482,.F.);
#1521=ADVANCED_FACE('',(#1379),#1483,.F.);
#1522=ADVANCED_FACE('',(#1380),#1484,.T.);
#1523=ADVANCED_FACE('',(#1381),#1485,.T.);
#1524=ADVANCED_FACE('',(#1382),#55,.T.);
#1525=ADVANCED_FACE('',(#1383),#56,.T.);
#1526=ADVANCED_FACE('',(#1384),#12,.T.);
#1527=ADVANCED_FACE('',(#1385),#57,.T.);
#1528=ADVANCED_FACE('',(#1386),#13,.T.);
#1529=ADVANCED_FACE('',(#1387),#58,.T.);
#1530=ADVANCED_FACE('',(#1388),#59,.T.);
#1531=ADVANCED_FACE('',(#1389),#60,.T.);
#1532=ADVANCED_FACE('',(#1390),#61,.T.);
#1533=ADVANCED_FACE('',(#1391),#14,.T.);
#1534=ADVANCED_FACE('',(#1392),#62,.T.);
#1535=ADVANCED_FACE('',(#1393),#63,.T.);
#1536=ADVANCED_FACE('',(#1394),#64,.T.);
#1537=ADVANCED_FACE('',(#1395),#65,.T.);
#1538=ADVANCED_FACE('',(#1396),#66,.T.);
#1539=ADVANCED_FACE('',(#1397),#15,.T.);
#1540=ADVANCED_FACE('',(#1398),#16,.T.);
#1541=ADVANCED_FACE('',(#1399),#17,.T.);
#1542=ADVANCED_FACE('',(#1400),#67,.T.);
#1543=ADVANCED_FACE('',(#1401),#68,.T.);
#1544=ADVANCED_FACE('',(#1402),#69,.T.);
#1545=ADVANCED_FACE('',(#1403),#70,.T.);
#1546=ADVANCED_FACE('',(#1404),#71,.T.);
#1547=ADVANCED_FACE('',(#1405),#72,.T.);
#1548=ADVANCED_FACE('',(#1406),#73,.T.);
#1549=ADVANCED_FACE('',(#1407),#74,.T.);
#1550=ADVANCED_FACE('',(#1408),#18,.T.);
#1551=ADVANCED_FACE('',(#1409),#19,.T.);
#1552=ADVANCED_FACE('',(#1410),#20,.T.);
#1553=ADVANCED_FACE('',(#1411),#21,.T.);
#1554=ADVANCED_FACE('',(#1412),#75,.T.);
#1555=ADVANCED_FACE('',(#1413),#76,.T.);
#1556=ADVANCED_FACE('',(#1414),#77,.T.);
#1557=ADVANCED_FACE('',(#1415),#78,.T.);
#1558=ADVANCED_FACE('',(#1416),#79,.T.);
#1559=ADVANCED_FACE('',(#1417),#22,.T.);
#1560=ADVANCED_FACE('',(#1418),#23,.T.);
#1561=ADVANCED_FACE('',(#1419),#80,.T.);
#1562=ADVANCED_FACE('',(#1420),#81,.T.);
#1563=ADVANCED_FACE('',(#1421),#82,.T.);
#1564=ADVANCED_FACE('',(#1422),#83,.T.);
#1565=ADVANCED_FACE('',(#1423),#84,.T.);
#1566=ADVANCED_FACE('',(#1424),#85,.T.);
#1567=ADVANCED_FACE('',(#1425),#24,.T.);
#1568=ADVANCED_FACE('',(#1426),#25,.T.);
#1569=ADVANCED_FACE('',(#1427),#86,.T.);
#1570=ADVANCED_FACE('',(#1428),#87,.T.);
#1571=ADVANCED_FACE('',(#1429),#88,.T.);
#1572=ADVANCED_FACE('',(#1430),#26,.T.);
#1573=ADVANCED_FACE('',(#1431),#89,.T.);
#1574=ADVANCED_FACE('',(#1432),#90,.T.);
#1575=ADVANCED_FACE('',(#1433),#91,.T.);
#1576=ADVANCED_FACE('',(#1434),#92,.T.);
#1577=ADVANCED_FACE('',(#1435),#93,.T.);
#1578=ADVANCED_FACE('',(#1436),#94,.T.);
#1579=ADVANCED_FACE('',(#1437),#95,.T.);
#1580=ADVANCED_FACE('',(#1438),#96,.T.);
#1581=ADVANCED_FACE('',(#1439),#97,.T.);
#1582=ADVANCED_FACE('',(#1440),#98,.T.);
#1583=ADVANCED_FACE('',(#1441),#99,.T.);
#1584=ADVANCED_FACE('',(#1442),#100,.T.);
#1585=ADVANCED_FACE('',(#1443),#101,.T.);
#1586=ADVANCED_FACE('',(#1444),#102,.T.);
#1587=ADVANCED_FACE('',(#1445),#103,.T.);
#1588=ADVANCED_FACE('',(#1446),#104,.T.);
#1589=ADVANCED_FACE('',(#1447),#105,.T.);
#1590=CLOSED_SHELL('',(#1486,#1487,#1488,#1489,#1490,#1491,#1492,#1493,
#1494,#1495,#1496,#1497,#1498,#1499,#1500,#1501,#1502,#1503,#1504,#1505,
#1506,#1507,#1508,#1509,#1510,#1511,#1512,#1513,#1514,#1515,#1516,#1517,
#1518,#1519,#1520,#1521,#1522,#1523,#1524,#1525,#1526,#1527,#1528,#1529,
#1530,#1531,#1532,#1533,#1534,#1535,#1536,#1537,#1538,#1539,#1540,#1541,
#1542,#1543,#1544,#1545,#1546,#1547,#1548,#1549,#1550,#1551,#1552,#1553,
#1554,#1555,#1556,#1557,#1558,#1559,#1560,#1561,#1562,#1563,#1564,#1565,
#1566,#1567,#1568,#1569,#1570,#1571,#1572,#1573,#1574,#1575,#1576,#1577,
#1578,#1579,#1580,#1581,#1582,#1583,#1584,#1585,#1586,#1587,#1588,#1589));
#1591=STYLED_ITEM('',(#1592),#1599);
#1592=PRESENTATION_STYLE_ASSIGNMENT((#1593));
#1593=SURFACE_STYLE_USAGE(.BOTH.,#1594);
#1594=SURFACE_SIDE_STYLE('',(#1595));
#1595=SURFACE_STYLE_FILL_AREA(#1596);
#1596=FILL_AREA_STYLE('',(#1597));
#1597=FILL_AREA_STYLE_COLOUR('',#1598);
#1598=COLOUR_RGB('',0.8,0.635294117647059,0.47843137254902);
#1599=MANIFOLD_SOLID_BREP('Bookshelf',#1590);
#1600=SHAPE_DEFINITION_REPRESENTATION(#2741,#1601);
#1601=SHAPE_REPRESENTATION('Bookshelf',(#1602),#2736);
#1602=AXIS2_PLACEMENT_3D('',#2286,#1781,#1782);
#1603=AXIS2_PLACEMENT_3D('',#2287,#1783,#1784);
#1604=AXIS2_PLACEMENT_3D('',#2336,#1809,#1810);
#1605=AXIS2_PLACEMENT_3D('',#2345,#1815,#1816);
#1606=AXIS2_PLACEMENT_3D('',#2354,#1821,#1822);
#1607=AXIS2_PLACEMENT_3D('',#2363,#1827,#1828);
#1608=AXIS2_PLACEMENT_3D('',#2380,#1837,#1838);
#1609=AXIS2_PLACEMENT_3D('',#2389,#1843,#1844);
#1610=AXIS2_PLACEMENT_3D('',#2406,#1853,#1854);
#1611=AXIS2_PLACEMENT_3D('',#2415,#1859,#1860);
#1612=AXIS2_PLACEMENT_3D('',#2432,#1869,#1870);
#1613=AXIS2_PLACEMENT_3D('',#2441,#1875,#1876);
#1614=AXIS2_PLACEMENT_3D('',#2447,#1880,#1881);
#1615=AXIS2_PLACEMENT_3D('',#2448,#1882,#1883);
#1616=AXIS2_PLACEMENT_3D('',#2455,#1887,#1888);
#1617=AXIS2_PLACEMENT_3D('',#2461,#1892,#1893);
#1618=AXIS2_PLACEMENT_3D('',#2470,#1898,#1899);
#1619=AXIS2_PLACEMENT_3D('',#2476,#1903,#1904);
#1620=AXIS2_PLACEMENT_3D('',#2485,#1909,#1910);
#1621=AXIS2_PLACEMENT_3D('',#2491,#1914,#1915);
#1622=AXIS2_PLACEMENT_3D('',#2496,#1920,#1921);
#1623=AXIS2_PLACEMENT_3D('',#2505,#1926,#1927);
#1624=AXIS2_PLACEMENT_3D('',#2511,#1931,#1932);
#1625=AXIS2_PLACEMENT_3D('',#2517,#1936,#1937);
#1626=AXIS2_PLACEMENT_3D('',#2520,#1940,#1941);
#1627=AXIS2_PLACEMENT_3D('',#2521,#1942,#1943);
#1628=AXIS2_PLACEMENT_3D('',#2530,#1948,#1949);
#1629=AXIS2_PLACEMENT_3D('',#2536,#1953,#1954);
#1630=AXIS2_PLACEMENT_3D('',#2542,#1958,#1959);
#1631=AXIS2_PLACEMENT_3D('',#2545,#1962,#1963);
#1632=AXIS2_PLACEMENT_3D('',#2546,#1964,#1965);
#1633=AXIS2_PLACEMENT_3D('',#2555,#1970,#1971);
#1634=AXIS2_PLACEMENT_3D('',#2561,#1975,#1976);
#1635=AXIS2_PLACEMENT_3D('',#2567,#1980,#1981);
#1636=AXIS2_PLACEMENT_3D('',#2570,#1984,#1985);
#1637=AXIS2_PLACEMENT_3D('',#2571,#1986,#1987);
#1638=AXIS2_PLACEMENT_3D('',#2580,#1992,#1993);
#1639=AXIS2_PLACEMENT_3D('',#2586,#1997,#1998);
#1640=AXIS2_PLACEMENT_3D('',#2592,#2002,#2003);
#1641=AXIS2_PLACEMENT_3D('',#2595,#2006,#2007);
#1642=AXIS2_PLACEMENT_3D('',#2596,#2008,#2009);
#1643=AXIS2_PLACEMENT_3D('',#2597,#2010,#2011);
#1644=AXIS2_PLACEMENT_3D('',#2598,#2012,#2013);
#1645=AXIS2_PLACEMENT_3D('',#2599,#2014,#2015);
#1646=AXIS2_PLACEMENT_3D('',#2600,#2016,#2017);
#1647=AXIS2_PLACEMENT_3D('',#2601,#2018,#2019);
#1648=AXIS2_PLACEMENT_3D('',#2602,#2020,#2021);
#1649=AXIS2_PLACEMENT_3D('',#2603,#2022,#2023);
#1650=AXIS2_PLACEMENT_3D('',#2604,#2024,#2025);
#1651=AXIS2_PLACEMENT_3D('',#2605,#2026,#2027);
#1652=AXIS2_PLACEMENT_3D('',#2606,#2028,#2029);
#1653=AXIS2_PLACEMENT_3D('',#2607,#2030,#2031);
#1654=AXIS2_PLACEMENT_3D('',#2608,#2032,#2033);
#1655=AXIS2_PLACEMENT_3D('',#2609,#2034,#2035);
#1656=AXIS2_PLACEMENT_3D('',#2610,#2036,#2037);
#1657=AXIS2_PLACEMENT_3D('',#2611,#2038,#2039);
#1658=AXIS2_PLACEMENT_3D('',#2612,#2040,#2041);
#1659=AXIS2_PLACEMENT_3D('',#2613,#2042,#2043);
#1660=AXIS2_PLACEMENT_3D('',#2614,#2044,#2045);
#1661=AXIS2_PLACEMENT_3D('',#2615,#2046,#2047);
#1662=AXIS2_PLACEMENT_3D('',#2616,#2048,#2049);
#1663=AXIS2_PLACEMENT_3D('',#2617,#2050,#2051);
#1664=AXIS2_PLACEMENT_3D('',#2618,#2052,#2053);
#1665=AXIS2_PLACEMENT_3D('',#2619,#2054,#2055);
#1666=AXIS2_PLACEMENT_3D('',#2620,#2056,#2057);
#1667=AXIS2_PLACEMENT_3D('',#2621,#2058,#2059);
#1668=AXIS2_PLACEMENT_3D('',#2622,#2060,#2061);
#1669=AXIS2_PLACEMENT_3D('',#2623,#2062,#2063);
#1670=AXIS2_PLACEMENT_3D('',#2624,#2064,#2065);
#1671=AXIS2_PLACEMENT_3D('',#2625,#2066,#2067);
#1672=AXIS2_PLACEMENT_3D('',#2626,#2068,#2069);
#1673=AXIS2_PLACEMENT_3D('',#2627,#2070,#2071);
#1674=AXIS2_PLACEMENT_3D('',#2628,#2072,#2073);
#1675=AXIS2_PLACEMENT_3D('',#2629,#2074,#2075);
#1676=AXIS2_PLACEMENT_3D('',#2630,#2076,#2077);
#1677=AXIS2_PLACEMENT_3D('',#2631,#2078,#2079);
#1678=AXIS2_PLACEMENT_3D('',#2632,#2080,#2081);
#1679=AXIS2_PLACEMENT_3D('',#2633,#2082,#2083);
#1680=AXIS2_PLACEMENT_3D('',#2634,#2084,#2085);
#1681=AXIS2_PLACEMENT_3D('',#2635,#2086,#2087);
#1682=AXIS2_PLACEMENT_3D('',#2636,#2088,#2089);
#1683=AXIS2_PLACEMENT_3D('',#2637,#2090,#2091);
#1684=AXIS2_PLACEMENT_3D('',#2638,#2092,#2093);
#1685=AXIS2_PLACEMENT_3D('',#2639,#2094,#2095);
#1686=AXIS2_PLACEMENT_3D('',#2640,#2096,#2097);
#1687=AXIS2_PLACEMENT_3D('',#2641,#2098,#2099);
#1688=AXIS2_PLACEMENT_3D('',#2642,#2100,#2101);
#1689=AXIS2_PLACEMENT_3D('',#2643,#2102,#2103);
#1690=AXIS2_PLACEMENT_3D('',#2644,#2104,#2105);
#1691=AXIS2_PLACEMENT_3D('',#2645,#2106,#2107);
#1692=AXIS2_PLACEMENT_3D('',#2646,#2108,#2109);
#1693=AXIS2_PLACEMENT_3D('',#2647,#2110,#2111);
#1694=AXIS2_PLACEMENT_3D('',#2648,#2112,#2113);
#1695=AXIS2_PLACEMENT_3D('',#2649,#2114,#2115);
#1696=AXIS2_PLACEMENT_3D('',#2650,#2116,#2117);
#1697=AXIS2_PLACEMENT_3D('',#2651,#2118,#2119);
#1698=AXIS2_PLACEMENT_3D('',#2652,#2120,#2121);
#1699=AXIS2_PLACEMENT_3D('',#2653,#2122,#2123);
#1700=AXIS2_PLACEMENT_3D('',#2654,#2124,#2125);
#1701=AXIS2_PLACEMENT_3D('',#2655,#2126,#2127);
#1702=AXIS2_PLACEMENT_3D('',#2656,#2128,#2129);
#1703=AXIS2_PLACEMENT_3D('',#2657,#2130,#2131);
#1704=AXIS2_PLACEMENT_3D('',#2658,#2132,#2133);
#1705=AXIS2_PLACEMENT_3D('',#2659,#2134,#2135);
#1706=AXIS2_PLACEMENT_3D('',#2660,#2136,#2137);
#1707=AXIS2_PLACEMENT_3D('',#2661,#2138,#2139);
#1708=AXIS2_PLACEMENT_3D('',#2662,#2140,#2141);
#1709=AXIS2_PLACEMENT_3D('',#2663,#2142,#2143);
#1710=AXIS2_PLACEMENT_3D('',#2664,#2144,#2145);
#1711=AXIS2_PLACEMENT_3D('',#2665,#2146,#2147);
#1712=AXIS2_PLACEMENT_3D('',#2666,#2148,#2149);
#1713=AXIS2_PLACEMENT_3D('',#2667,#2150,#2151);
#1714=AXIS2_PLACEMENT_3D('',#2668,#2152,#2153);
#1715=AXIS2_PLACEMENT_3D('',#2669,#2154,#2155);
#1716=AXIS2_PLACEMENT_3D('',#2670,#2156,#2157);
#1717=AXIS2_PLACEMENT_3D('',#2671,#2158,#2159);
#1718=AXIS2_PLACEMENT_3D('',#2672,#2160,#2161);
#1719=AXIS2_PLACEMENT_3D('',#2673,#2162,#2163);
#1720=AXIS2_PLACEMENT_3D('',#2674,#2164,#2165);
#1721=AXIS2_PLACEMENT_3D('',#2675,#2166,#2167);
#1722=AXIS2_PLACEMENT_3D('',#2676,#2168,#2169);
#1723=AXIS2_PLACEMENT_3D('',#2677,#2170,#2171);
#1724=AXIS2_PLACEMENT_3D('',#2678,#2172,#2173);
#1725=AXIS2_PLACEMENT_3D('',#2679,#2174,#2175);
#1726=AXIS2_PLACEMENT_3D('',#2680,#2176,#2177);
#1727=AXIS2_PLACEMENT_3D('',#2681,#2178,#2179);
#1728=AXIS2_PLACEMENT_3D('',#2682,#2180,#2181);
#1729=AXIS2_PLACEMENT_3D('',#2683,#2182,#2183);
#1730=AXIS2_PLACEMENT_3D('',#2684,#2184,#2185);
#1731=AXIS2_PLACEMENT_3D('',#2685,#2186,#2187);
#1732=AXIS2_PLACEMENT_3D('',#2686,#2188,#2189);
#1733=AXIS2_PLACEMENT_3D('',#2687,#2190,#2191);
#1734=AXIS2_PLACEMENT_3D('',#2688,#2192,#2193);
#1735=AXIS2_PLACEMENT_3D('',#2689,#2194,#2195);
#1736=AXIS2_PLACEMENT_3D('',#2690,#2196,#2197);
#1737=AXIS2_PLACEMENT_3D('',#2691,#2198,#2199);
#1738=AXIS2_PLACEMENT_3D('',#2692,#2200,#2201);
#1739=AXIS2_PLACEMENT_3D('',#2693,#2202,#2203);
#1740=AXIS2_PLACEMENT_3D('',#2694,#2204,#2205);
#1741=AXIS2_PLACEMENT_3D('',#2695,#2206,#2207);
#1742=AXIS2_PLACEMENT_3D('',#2696,#2208,#2209);
#1743=AXIS2_PLACEMENT_3D('',#2697,#2210,#2211);
#1744=AXIS2_PLACEMENT_3D('',#2698,#2212,#2213);
#1745=AXIS2_PLACEMENT_3D('',#2699,#2214,#2215);
#1746=AXIS2_PLACEMENT_3D('',#2700,#2216,#2217);
#1747=AXIS2_PLACEMENT_3D('',#2701,#2218,#2219);
#1748=AXIS2_PLACEMENT_3D('',#2702,#2220,#2221);
#1749=AXIS2_PLACEMENT_3D('',#2703,#2222,#2223);
#1750=AXIS2_PLACEMENT_3D('',#2704,#2224,#2225);
#1751=AXIS2_PLACEMENT_3D('',#2705,#2226,#2227);
#1752=AXIS2_PLACEMENT_3D('',#2706,#2228,#2229);
#1753=AXIS2_PLACEMENT_3D('',#2707,#2230,#2231);
#1754=AXIS2_PLACEMENT_3D('',#2708,#2232,#2233);
#1755=AXIS2_PLACEMENT_3D('',#2709,#2234,#2235);
#1756=AXIS2_PLACEMENT_3D('',#2710,#2236,#2237);
#1757=AXIS2_PLACEMENT_3D('',#2711,#2238,#2239);
#1758=AXIS2_PLACEMENT_3D('',#2712,#2240,#2241);
#1759=AXIS2_PLACEMENT_3D('',#2713,#2242,#2243);
#1760=AXIS2_PLACEMENT_3D('',#2714,#2244,#2245);
#1761=AXIS2_PLACEMENT_3D('',#2715,#2246,#2247);
#1762=AXIS2_PLACEMENT_3D('',#2716,#2248,#2249);
#1763=AXIS2_PLACEMENT_3D('',#2717,#2250,#2251);
#1764=AXIS2_PLACEMENT_3D('',#2718,#2252,#2253);
#1765=AXIS2_PLACEMENT_3D('',#2719,#2254,#2255);
#1766=AXIS2_PLACEMENT_3D('',#2720,#2256,#2257);
#1767=AXIS2_PLACEMENT_3D('',#2721,#2258,#2259);
#1768=AXIS2_PLACEMENT_3D('',#2722,#2260,#2261);
#1769=AXIS2_PLACEMENT_3D('',#2723,#2262,#2263);
#1770=AXIS2_PLACEMENT_3D('',#2724,#2264,#2265);
#1771=AXIS2_PLACEMENT_3D('',#2725,#2266,#2267);
#1772=AXIS2_PLACEMENT_3D('',#2726,#2268,#2269);
#1773=AXIS2_PLACEMENT_3D('',#2727,#2270,#2271);
#1774=AXIS2_PLACEMENT_3D('',#2728,#2272,#2273);
#1775=AXIS2_PLACEMENT_3D('',#2729,#2274,#2275);
#1776=AXIS2_PLACEMENT_3D('',#2730,#2276,#2277);
#1777=AXIS2_PLACEMENT_3D('',#2731,#2278,#2279);
#1778=AXIS2_PLACEMENT_3D('',#2732,#2280,#2281);
#1779=AXIS2_PLACEMENT_3D('',#2733,#2282,#2283);
#1780=AXIS2_PLACEMENT_3D('',#2734,#2284,#2285);
#1781=DIRECTION('',(0.,0.,1.));
#1782=DIRECTION('',(1.,0.,0.));
#1783=DIRECTION('',(0.,-1.,0.));
#1784=DIRECTION('',(1.,0.,0.));
#1785=DIRECTION('',(0.,0.,-1.));
#1786=DIRECTION('',(1.,0.,0.));
#1787=DIRECTION('',(6.42490176287707E-17,0.,-1.));
#1788=DIRECTION('',(1.,0.,0.));
#1789=DIRECTION('',(0.,0.,-1.));
#1790=DIRECTION('',(1.,0.,0.));
#1791=DIRECTION('',(6.42490176287706E-17,0.,-1.));
#1792=DIRECTION('',(1.,0.,0.));
#1793=DIRECTION('',(0.,0.,-1.));
#1794=DIRECTION('',(1.,0.,0.));
#1795=DIRECTION('',(6.42490176287707E-17,0.,-1.));
#1796=DIRECTION('',(1.,0.,0.));
#1797=DIRECTION('',(0.,0.,-1.));
#1798=DIRECTION('',(1.,0.,-1.92747052886312E-16));
#1799=DIRECTION('',(-3.53369596958239E-16,0.,-1.));
#1800=DIRECTION('',(1.,0.,-1.92747052886312E-16));
#1801=DIRECTION('',(0.,0.,-1.));
#1802=DIRECTION('',(1.,0.,0.));
#1803=DIRECTION('',(0.,0.,-1.));
#1804=DIRECTION('',(1.,0.,0.));
#1805=DIRECTION('',(0.,0.,-1.));
#1806=DIRECTION('',(1.,0.,0.));
#1807=DIRECTION('',(0.,0.,-1.));
#1808=DIRECTION('',(1.,0.,0.));
#1809=DIRECTION('',(0.,0.,1.));
#1810=DIRECTION('',(1.,0.,0.));
#1811=DIRECTION('',(0.,1.,0.));
#1812=DIRECTION('',(1.,0.,0.));
#1813=DIRECTION('',(0.,1.,0.));
#1814=DIRECTION('',(1.,0.,0.));
#1815=DIRECTION('',(0.,0.,1.));
#1816=DIRECTION('',(1.,0.,0.));
#1817=DIRECTION('',(1.,0.,0.));
#1818=DIRECTION('',(0.,1.,0.));
#1819=DIRECTION('',(1.,0.,0.));
#1820=DIRECTION('',(0.,1.,0.));
#1821=DIRECTION('',(0.,0.,1.));
#1822=DIRECTION('',(1.,0.,0.));
#1823=DIRECTION('',(1.,0.,0.));
#1824=DIRECTION('',(0.,1.,0.));
#1825=DIRECTION('',(1.,0.,0.));
#1826=DIRECTION('',(0.,1.,0.));
#1827=DIRECTION('',(1.,0.,0.));
#1828=DIRECTION('',(0.,0.,-1.));
#1829=DIRECTION('',(0.,0.,-1.));
#1830=DIRECTION('',(0.,1.,0.));
#1831=DIRECTION('',(0.,0.,-1.));
#1832=DIRECTION('',(0.,1.,0.));
#1833=DIRECTION('',(0.,0.,-1.));
#1834=DIRECTION('',(0.,1.,0.));
#1835=DIRECTION('',(0.,0.,-1.));
#1836=DIRECTION('',(0.,1.,0.));
#1837=DIRECTION('',(0.,0.,1.));
#1838=DIRECTION('',(1.,0.,0.));
#1839=DIRECTION('',(1.,0.,0.));
#1840=DIRECTION('',(0.,1.,0.));
#1841=DIRECTION('',(1.,0.,0.));
#1842=DIRECTION('',(0.,1.,0.));
#1843=DIRECTION('',(1.,0.,0.));
#1844=DIRECTION('',(0.,0.,-1.));
#1845=DIRECTION('',(0.,1.,0.));
#1846=DIRECTION('',(0.,0.,-1.));
#1847=DIRECTION('',(0.,1.,0.));
#1848=DIRECTION('',(0.,0.,-1.));
#1849=DIRECTION('',(0.,1.,0.));
#1850=DIRECTION('',(0.,0.,-1.));
#1851=DIRECTION('',(0.,1.,0.));
#1852=DIRECTION('',(0.,0.,-1.));
#1853=DIRECTION('',(0.,0.,1.));
#1854=DIRECTION('',(1.,0.,0.));
#1855=DIRECTION('',(1.,0.,0.));
#1856=DIRECTION('',(0.,1.,0.));
#1857=DIRECTION('',(1.,0.,0.));
#1858=DIRECTION('',(0.,1.,0.));
#1859=DIRECTION('',(0.,-1.,0.));
#1860=DIRECTION('',(1.,0.,0.));
#1861=DIRECTION('',(0.,0.,-1.));
#1862=DIRECTION('',(1.,0.,0.));
#1863=DIRECTION('',(0.,0.,-1.));
#1864=DIRECTION('',(1.,0.,0.));
#1865=DIRECTION('',(0.,0.,-1.));
#1866=DIRECTION('',(1.,0.,0.));
#1867=DIRECTION('',(0.,0.,-1.));
#1868=DIRECTION('',(1.,0.,0.));
#1869=DIRECTION('',(0.,1.,0.));
#1870=DIRECTION('',(0.,0.,1.));
#1871=DIRECTION('',(0.,0.,-1.));
#1872=DIRECTION('',(1.,0.,0.));
#1873=DIRECTION('',(0.,0.,-1.));
#1874=DIRECTION('',(1.,0.,0.));
#1875=DIRECTION('',(-1.,0.,0.));
#1876=DIRECTION('',(0.,0.,1.));
#1877=DIRECTION('',(0.,1.,0.));
#1878=DIRECTION('',(0.,0.,-1.));
#1879=DIRECTION('',(0.,1.,0.));
#1880=DIRECTION('',(-1.,0.,0.));
#1881=DIRECTION('',(0.,0.,1.));
#1882=DIRECTION('',(-1.,0.,0.));
#1883=DIRECTION('',(0.,0.,1.));
#1884=DIRECTION('',(0.,0.,-1.));
#1885=DIRECTION('',(0.,1.,0.));
#1886=DIRECTION('',(0.,0.,-1.));
#1887=DIRECTION('',(0.,1.,0.));
#1888=DIRECTION('',(0.,0.,1.));
#1889=DIRECTION('',(1.,0.,0.));
#1890=DIRECTION('',(0.,0.,-1.));
#1891=DIRECTION('',(1.,0.,0.));
#1892=DIRECTION('',(0.,1.,0.));
#1893=DIRECTION('',(0.,0.,1.));
#1894=DIRECTION('',(0.,0.,-1.));
#1895=DIRECTION('',(1.,0.,0.));
#1896=DIRECTION('',(0.,0.,-1.));
#1897=DIRECTION('',(1.,0.,0.));
#1898=DIRECTION('',(-1.,0.,0.));
#1899=DIRECTION('',(0.,0.,1.));
#1900=DIRECTION('',(0.,1.,0.));
#1901=DIRECTION('',(0.,0.,-1.));
#1902=DIRECTION('',(0.,1.,0.));
#1903=DIRECTION('',(-1.,0.,0.));
#1904=DIRECTION('',(0.,0.,1.));
#1905=DIRECTION('',(0.,0.,-1.));
#1906=DIRECTION('',(0.,1.,0.));
#1907=DIRECTION('',(0.,0.,-1.));
#1908=DIRECTION('',(0.,1.,0.));
#1909=DIRECTION('',(0.,1.,0.));
#1910=DIRECTION('',(0.,0.,1.));
#1911=DIRECTION('',(1.,0.,0.));
#1912=DIRECTION('',(0.,0.,-1.));
#1913=DIRECTION('',(1.,0.,0.));
#1914=DIRECTION('',(0.,0.,-1.));
#1915=DIRECTION('',(1.,0.,0.));
#1916=DIRECTION('',(1.,0.,0.));
#1917=DIRECTION('',(0.,1.,0.));
#1918=DIRECTION('',(1.,0.,0.));
#1919=DIRECTION('',(0.,1.,0.));
#1920=DIRECTION('',(-1.92747052886312E-16,0.,-1.));
#1921=DIRECTION('',(-1.,0.,1.92747052886312E-16));
#1922=DIRECTION('',(0.,-1.,0.));
#1923=DIRECTION('',(1.,0.,-1.92747052886312E-16));
#1924=DIRECTION('',(0.,-1.,0.));
#1925=DIRECTION('',(1.,0.,-1.92747052886312E-16));
#1926=DIRECTION('',(-1.,0.,3.53369596958239E-16));
#1927=DIRECTION('',(3.53369596958239E-16,0.,1.));
#1928=DIRECTION('',(-3.53369596958239E-16,0.,-1.));
#1929=DIRECTION('',(0.,-1.,0.));
#1930=DIRECTION('',(-3.53369596958239E-16,0.,-1.));
#1931=DIRECTION('',(-1.92747052886312E-16,0.,-1.));
#1932=DIRECTION('',(-1.,0.,1.92747052886312E-16));
#1933=DIRECTION('',(1.,0.,-1.92747052886312E-16));
#1934=DIRECTION('',(0.,-1.,0.));
#1935=DIRECTION('',(1.,0.,-1.92747052886312E-16));
#1936=DIRECTION('',(-1.,0.,0.));
#1937=DIRECTION('',(0.,0.,1.));
#1938=DIRECTION('',(0.,0.,-1.));
#1939=DIRECTION('',(0.,0.,-1.));
#1940=DIRECTION('',(0.,-1.,0.));
#1941=DIRECTION('',(1.,0.,0.));
#1942=DIRECTION('',(0.,0.,-1.));
#1943=DIRECTION('',(-1.,0.,0.));
#1944=DIRECTION('',(0.,-1.,0.));
#1945=DIRECTION('',(1.,0.,0.));
#1946=DIRECTION('',(0.,-1.,0.));
#1947=DIRECTION('',(1.,0.,0.));
#1948=DIRECTION('',(-1.,0.,-6.42490176287707E-17));
#1949=DIRECTION('',(-6.42490176287707E-17,0.,1.));
#1950=DIRECTION('',(6.42490176287707E-17,0.,-1.));
#1951=DIRECTION('',(0.,-1.,0.));
#1952=DIRECTION('',(6.42490176287707E-17,0.,-1.));
#1953=DIRECTION('',(0.,0.,-1.));
#1954=DIRECTION('',(-1.,0.,0.));
#1955=DIRECTION('',(1.,0.,0.));
#1956=DIRECTION('',(0.,-1.,0.));
#1957=DIRECTION('',(1.,0.,0.));
#1958=DIRECTION('',(-1.,0.,0.));
#1959=DIRECTION('',(0.,0.,1.));
#1960=DIRECTION('',(0.,0.,-1.));
#1961=DIRECTION('',(0.,0.,-1.));
#1962=DIRECTION('',(0.,-1.,0.));
#1963=DIRECTION('',(1.,0.,0.));
#1964=DIRECTION('',(0.,0.,-1.));
#1965=DIRECTION('',(-1.,0.,0.));
#1966=DIRECTION('',(0.,-1.,0.));
#1967=DIRECTION('',(1.,0.,0.));
#1968=DIRECTION('',(0.,-1.,0.));
#1969=DIRECTION('',(1.,0.,0.));
#1970=DIRECTION('',(-1.,0.,-6.42490176287706E-17));
#1971=DIRECTION('',(-6.42490176287706E-17,0.,1.));
#1972=DIRECTION('',(6.42490176287706E-17,0.,-1.));
#1973=DIRECTION('',(0.,-1.,0.));
#1974=DIRECTION('',(6.42490176287706E-17,0.,-1.));
#1975=DIRECTION('',(0.,0.,-1.));
#1976=DIRECTION('',(-1.,0.,0.));
#1977=DIRECTION('',(1.,0.,0.));
#1978=DIRECTION('',(0.,-1.,0.));
#1979=DIRECTION('',(1.,0.,0.));
#1980=DIRECTION('',(-1.,0.,0.));
#1981=DIRECTION('',(0.,0.,1.));
#1982=DIRECTION('',(0.,0.,-1.));
#1983=DIRECTION('',(0.,0.,-1.));
#1984=DIRECTION('',(0.,-1.,0.));
#1985=DIRECTION('',(1.,0.,0.));
#1986=DIRECTION('',(0.,0.,-1.));
#1987=DIRECTION('',(-1.,0.,0.));
#1988=DIRECTION('',(0.,-1.,0.));
#1989=DIRECTION('',(1.,0.,0.));
#1990=DIRECTION('',(0.,-1.,0.));
#1991=DIRECTION('',(1.,0.,0.));
#1992=DIRECTION('',(-1.,0.,-6.42490176287707E-17));
#1993=DIRECTION('',(-6.42490176287707E-17,0.,1.));
#1994=DIRECTION('',(6.42490176287707E-17,0.,-1.));
#1995=DIRECTION('',(0.,-1.,0.));
#1996=DIRECTION('',(6.42490176287707E-17,0.,-1.));
#1997=DIRECTION('',(0.,0.,-1.));
#1998=DIRECTION('',(-1.,0.,0.));
#1999=DIRECTION('',(1.,0.,0.));
#2000=DIRECTION('',(0.,-1.,0.));
#2001=DIRECTION('',(1.,0.,0.));
#2002=DIRECTION('',(-1.,0.,0.));
#2003=DIRECTION('',(0.,0.,1.));
#2004=DIRECTION('',(0.,0.,-1.));
#2005=DIRECTION('',(0.,0.,-1.));
#2006=DIRECTION('',(0.,-1.,0.));
#2007=DIRECTION('',(1.,0.,0.));
#2008=DIRECTION('',(0.,-1.,0.));
#2009=DIRECTION('',(0.,0.,-1.));
#2010=DIRECTION('',(0.,-1.,0.));
#2011=DIRECTION('',(0.,0.,-1.));
#2012=DIRECTION('',(-0.707106781186548,-0.707106781186548,0.));
#2013=DIRECTION('',(-0.707106781186548,0.707106781186548,0.));
#2014=DIRECTION('',(-1.,0.,0.));
#2015=DIRECTION('',(0.,0.,1.));
#2016=DIRECTION('',(1.,0.,0.));
#2017=DIRECTION('',(0.,0.,-1.));
#2018=DIRECTION('',(-1.,0.,0.));
#2019=DIRECTION('',(0.,0.,1.));
#2020=DIRECTION('',(-1.,0.,0.));
#2021=DIRECTION('',(0.,0.,1.));
#2022=DIRECTION('',(0.,0.,-1.));
#2023=DIRECTION('',(-1.,0.,0.));
#2024=DIRECTION('',(0.,0.,-1.));
#2025=DIRECTION('',(-1.,0.,0.));
#2026=DIRECTION('',(0.707106781186548,0.,-0.707106781186548));
#2027=DIRECTION('',(-0.707106781186548,0.,-0.707106781186548));
#2028=DIRECTION('',(0.,0.,-1.));
#2029=DIRECTION('',(-1.,0.,0.));
#2030=DIRECTION('',(0.,0.,-1.));
#2031=DIRECTION('',(-1.,0.,0.));
#2032=DIRECTION('',(0.,1.,0.));
#2033=DIRECTION('',(0.,0.,1.));
#2034=DIRECTION('',(0.,-1.,0.));
#2035=DIRECTION('',(0.,0.,-1.));
#2036=DIRECTION('',(0.,-1.,0.));
#2037=DIRECTION('',(0.,0.,-1.));
#2038=DIRECTION('',(-1.,0.,0.));
#2039=DIRECTION('',(0.,0.,1.));
#2040=DIRECTION('',(1.,0.,0.));
#2041=DIRECTION('',(0.,0.,-1.));
#2042=DIRECTION('',(1.,0.,0.));
#2043=DIRECTION('',(0.,0.,-1.));
#2044=DIRECTION('',(0.707106781186548,0.,0.707106781186548));
#2045=DIRECTION('',(-0.707106781186548,0.,0.707106781186548));
#2046=DIRECTION('',(0.,0.,-1.));
#2047=DIRECTION('',(-1.,0.,0.));
#2048=DIRECTION('',(0.,-0.707106781186548,-0.707106781186548));
#2049=DIRECTION('',(0.,0.707106781186548,-0.707106781186548));
#2050=DIRECTION('',(0.,0.,-1.));
#2051=DIRECTION('',(-1.,0.,0.));
#2052=DIRECTION('',(0.,0.,-1.));
#2053=DIRECTION('',(-1.,0.,0.));
#2054=DIRECTION('',(0.,0.,1.));
#2055=DIRECTION('',(1.,0.,0.));
#2056=DIRECTION('',(0.707106781186548,0.,0.707106781186548));
#2057=DIRECTION('',(-0.707106781186548,0.,0.707106781186548));
#2058=DIRECTION('',(0.,1.,0.));
#2059=DIRECTION('',(0.,0.,1.));
#2060=DIRECTION('',(0.,-0.707106781186548,0.707106781186548));
#2061=DIRECTION('',(0.,0.707106781186548,0.707106781186548));
#2062=DIRECTION('',(0.,0.,-1.));
#2063=DIRECTION('',(-1.,0.,0.));
#2064=DIRECTION('',(0.,0.,1.));
#2065=DIRECTION('',(1.,0.,0.));
#2066=DIRECTION('',(-1.,0.,0.));
#2067=DIRECTION('',(0.,0.,1.));
#2068=DIRECTION('',(-1.,0.,0.));
#2069=DIRECTION('',(0.,0.,1.));
#2070=DIRECTION('',(0.,0.,1.));
#2071=DIRECTION('',(1.,0.,0.));
#2072=DIRECTION('',(0.,0.,-1.));
#2073=DIRECTION('',(-1.,0.,0.));
#2074=DIRECTION('',(1.,0.,0.));
#2075=DIRECTION('',(0.,0.,-1.));
#2076=DIRECTION('',(1.,0.,0.));
#2077=DIRECTION('',(0.,0.,-1.));
#2078=DIRECTION('',(0.,-1.,0.));
#2079=DIRECTION('',(0.,0.,-1.));
#2080=DIRECTION('',(1.19758337888107E-15,-1.,0.));
#2081=DIRECTION('',(1.,1.19758337888107E-15,0.));
#2082=DIRECTION('',(0.,-1.,0.));
#2083=DIRECTION('',(0.,0.,-1.));
#2084=DIRECTION('',(0.,0.,-1.));
#2085=DIRECTION('',(-1.,0.,0.));
#2086=DIRECTION('',(1.,1.19758337888107E-15,0.));
#2087=DIRECTION('',(-1.19758337888107E-15,1.,0.));
#2088=DIRECTION('',(1.,0.,0.));
#2089=DIRECTION('',(0.,0.,-1.));
#2090=DIRECTION('',(1.19758337888107E-15,-1.,0.));
#2091=DIRECTION('',(1.,1.19758337888107E-15,0.));
#2092=DIRECTION('',(0.,-1.,0.));
#2093=DIRECTION('',(0.,0.,-1.));
#2094=DIRECTION('',(0.,1.,-1.19758337888106E-15));
#2095=DIRECTION('',(0.,1.19758337888106E-15,1.));
#2096=DIRECTION('',(0.,0.,1.));
#2097=DIRECTION('',(1.,0.,0.));
#2098=DIRECTION('',(0.,-3.59275013664321E-15,1.));
#2099=DIRECTION('',(0.,-1.,-3.59275013664321E-15));
#2100=DIRECTION('',(0.,0.,-1.));
#2101=DIRECTION('',(-1.,0.,0.));
#2102=DIRECTION('',(0.,1.,0.));
#2103=DIRECTION('',(0.,0.,1.));
#2104=DIRECTION('',(0.,1.,0.));
#2105=DIRECTION('',(0.,0.,1.));
#2106=DIRECTION('',(1.,0.,0.));
#2107=DIRECTION('',(0.,0.,-1.));
#2108=DIRECTION('',(-1.,0.,-1.19758337888107E-15));
#2109=DIRECTION('',(-1.19758337888107E-15,0.,1.));
#2110=DIRECTION('',(0.,0.,1.));
#2111=DIRECTION('',(1.,0.,0.));
#2112=DIRECTION('',(0.,-3.59275013664321E-15,1.));
#2113=DIRECTION('',(0.,-1.,-3.59275013664321E-15));
#2114=DIRECTION('',(0.,1.,0.));
#2115=DIRECTION('',(0.,0.,1.));
#2116=DIRECTION('',(0.,1.,0.));
#2117=DIRECTION('',(0.,0.,1.));
#2118=DIRECTION('',(-1.,0.,0.));
#2119=DIRECTION('',(0.,0.,1.));
#2120=DIRECTION('',(-1.,0.,-1.19758337888106E-15));
#2121=DIRECTION('',(-1.19758337888106E-15,0.,1.));
#2122=DIRECTION('',(1.,0.,0.));
#2123=DIRECTION('',(0.,0.,-1.));
#2124=DIRECTION('',(0.707106781186548,-0.707106781186548,0.));
#2125=DIRECTION('',(0.707106781186548,0.707106781186548,0.));
#2126=DIRECTION('',(1.,0.,0.));
#2127=DIRECTION('',(0.,0.,-1.));
#2128=DIRECTION('',(1.,0.,0.));
#2129=DIRECTION('',(0.,0.,-1.));
#2130=DIRECTION('',(1.,0.,0.));
#2131=DIRECTION('',(0.,0.,-1.));
#2132=DIRECTION('',(1.,0.,0.));
#2133=DIRECTION('',(0.,0.,-1.));
#2134=DIRECTION('',(1.19758337888107E-15,-1.,0.));
#2135=DIRECTION('',(1.,1.19758337888107E-15,0.));
#2136=DIRECTION('',(0.,-1.,0.));
#2137=DIRECTION('',(0.,0.,-1.));
#2138=DIRECTION('',(1.19758337888106E-15,0.,-1.));
#2139=DIRECTION('',(-1.,0.,-1.19758337888106E-15));
#2140=DIRECTION('',(0.,0.,-1.));
#2141=DIRECTION('',(-1.,0.,0.));
#2142=DIRECTION('',(0.,-1.,0.));
#2143=DIRECTION('',(0.,0.,-1.));
#2144=DIRECTION('',(1.19758337888107E-15,1.,0.));
#2145=DIRECTION('',(-1.,1.19758337888107E-15,0.));
#2146=DIRECTION('',(1.,0.,0.));
#2147=DIRECTION('',(0.,0.,-1.));
#2148=DIRECTION('',(-1.,0.,0.));
#2149=DIRECTION('',(0.,0.,1.));
#2150=DIRECTION('',(-1.,0.,0.));
#2151=DIRECTION('',(0.,0.,1.));
#2152=DIRECTION('',(-1.,0.,0.));
#2153=DIRECTION('',(0.,0.,1.));
#2154=DIRECTION('',(0.,-1.,0.));
#2155=DIRECTION('',(0.,0.,-1.));
#2156=DIRECTION('',(0.,1.,-1.19758337888107E-15));
#2157=DIRECTION('',(0.,1.19758337888107E-15,1.));
#2158=DIRECTION('',(0.,0.,1.));
#2159=DIRECTION('',(1.,0.,0.));
#2160=DIRECTION('',(0.,-0.707106781186548,-0.707106781186548));
#2161=DIRECTION('',(0.,-0.707106781186548,0.707106781186548));
#2162=DIRECTION('',(0.,-1.19758337888106E-15,-1.));
#2163=DIRECTION('',(0.,1.,-1.19758337888106E-15));
#2164=DIRECTION('',(0.,0.,-1.));
#2165=DIRECTION('',(-1.,0.,0.));
#2166=DIRECTION('',(0.,0.,1.));
#2167=DIRECTION('',(1.,0.,0.));
#2168=DIRECTION('',(0.,0.,1.));
#2169=DIRECTION('',(1.,0.,0.));
#2170=DIRECTION('',(0.,-1.,0.));
#2171=DIRECTION('',(0.,0.,-1.));
#2172=DIRECTION('',(0.,0.707106781186548,-0.707106781186548));
#2173=DIRECTION('',(0.,-0.707106781186548,-0.707106781186548));
#2174=DIRECTION('',(0.,0.,1.));
#2175=DIRECTION('',(1.,0.,0.));
#2176=DIRECTION('',(-0.707106781186548,0.,0.707106781186548));
#2177=DIRECTION('',(0.707106781186548,0.,0.707106781186548));
#2178=DIRECTION('',(0.,0.,-1.));
#2179=DIRECTION('',(-1.,0.,0.));
#2180=DIRECTION('',(0.,0.,-1.));
#2181=DIRECTION('',(-1.,0.,0.));
#2182=DIRECTION('',(0.,1.,0.));
#2183=DIRECTION('',(0.,0.,1.));
#2184=DIRECTION('',(0.,-1.,0.));
#2185=DIRECTION('',(0.,0.,-1.));
#2186=DIRECTION('',(0.,1.,0.));
#2187=DIRECTION('',(0.,0.,1.));
#2188=DIRECTION('',(0.,0.,-1.));
#2189=DIRECTION('',(-1.,0.,0.));
#2190=DIRECTION('',(0.,0.,-1.));
#2191=DIRECTION('',(-1.,0.,0.));
#2192=DIRECTION('',(-1.,0.,0.));
#2193=DIRECTION('',(0.,0.,1.));
#2194=DIRECTION('',(-0.707106781186548,0.,-0.707106781186548));
#2195=DIRECTION('',(0.707106781186548,0.,-0.707106781186548));
#2196=DIRECTION('',(-1.,-1.19758337888107E-15,0.));
#2197=DIRECTION('',(1.19758337888107E-15,-1.,0.));
#2198=DIRECTION('',(-1.,0.,-1.19758337888106E-15));
#2199=DIRECTION('',(-1.19758337888106E-15,0.,1.));
#2200=DIRECTION('',(-1.,0.,0.));
#2201=DIRECTION('',(0.,0.,1.));
#2202=DIRECTION('',(-1.,1.19758337888107E-15,0.));
#2203=DIRECTION('',(-1.19758337888107E-15,-1.,0.));
#2204=DIRECTION('',(0.,0.,-1.));
#2205=DIRECTION('',(-1.,0.,0.));
#2206=DIRECTION('',(0.,0.,-1.));
#2207=DIRECTION('',(-1.,0.,0.));
#2208=DIRECTION('',(1.,0.,0.));
#2209=DIRECTION('',(0.,0.,-1.));
#2210=DIRECTION('',(1.,-1.19758337888107E-15,0.));
#2211=DIRECTION('',(1.19758337888107E-15,1.,0.));
#2212=DIRECTION('',(1.,0.,0.));
#2213=DIRECTION('',(0.,0.,-1.));
#2214=DIRECTION('',(0.707106781186548,0.707106781186548,0.));
#2215=DIRECTION('',(0.707106781186548,-0.707106781186548,0.));
#2216=DIRECTION('',(1.19758337888107E-15,1.,0.));
#2217=DIRECTION('',(-1.,1.19758337888107E-15,0.));
#2218=DIRECTION('',(0.,1.,-1.19758337888106E-15));
#2219=DIRECTION('',(0.,1.19758337888106E-15,1.));
#2220=DIRECTION('',(0.,1.,0.));
#2221=DIRECTION('',(0.,0.,1.));
#2222=DIRECTION('',(-6.42490176287707E-17,0.,1.));
#2223=DIRECTION('',(1.,0.,6.42490176287707E-17));
#2224=DIRECTION('',(-0.707106781186548,0.,0.707106781186548));
#2225=DIRECTION('',(0.707106781186548,0.,0.707106781186548));
#2226=DIRECTION('',(0.707106781186548,0.,0.707106781186548));
#2227=DIRECTION('',(-0.707106781186548,0.,0.707106781186548));
#2228=DIRECTION('',(1.,0.,0.));
#2229=DIRECTION('',(0.,0.,-1.));
#2230=DIRECTION('',(0.707106781186548,0.,-0.707106781186548));
#2231=DIRECTION('',(-0.707106781186548,0.,-0.707106781186548));
#2232=DIRECTION('',(-1.,0.,0.));
#2233=DIRECTION('',(0.,0.,1.));
#2234=DIRECTION('',(-0.707106781186548,0.,-0.707106781186548));
#2235=DIRECTION('',(0.707106781186548,0.,-0.707106781186548));
#2236=DIRECTION('',(0.,0.,-1.));
#2237=DIRECTION('',(-1.,0.,0.));
#2238=DIRECTION('',(-6.42490176287706E-17,0.,1.));
#2239=DIRECTION('',(1.,0.,6.42490176287706E-17));
#2240=DIRECTION('',(-0.707106781186548,0.,0.707106781186548));
#2241=DIRECTION('',(0.707106781186548,0.,0.707106781186548));
#2242=DIRECTION('',(0.707106781186548,0.,0.707106781186548));
#2243=DIRECTION('',(-0.707106781186548,0.,0.707106781186548));
#2244=DIRECTION('',(1.,0.,0.));
#2245=DIRECTION('',(0.,0.,-1.));
#2246=DIRECTION('',(0.707106781186548,0.,-0.707106781186548));
#2247=DIRECTION('',(-0.707106781186548,0.,-0.707106781186548));
#2248=DIRECTION('',(-1.,0.,0.));
#2249=DIRECTION('',(0.,0.,1.));
#2250=DIRECTION('',(-0.707106781186548,0.,-0.707106781186548));
#2251=DIRECTION('',(0.707106781186548,0.,-0.707106781186548));
#2252=DIRECTION('',(0.,0.,-1.));
#2253=DIRECTION('',(-1.,0.,0.));
#2254=DIRECTION('',(-6.42490176287707E-17,0.,1.));
#2255=DIRECTION('',(1.,0.,6.42490176287707E-17));
#2256=DIRECTION('',(-0.707106781186548,0.,0.707106781186548));
#2257=DIRECTION('',(0.707106781186548,0.,0.707106781186548));
#2258=DIRECTION('',(0.707106781186548,0.,0.707106781186548));
#2259=DIRECTION('',(-0.707106781186548,0.,0.707106781186548));
#2260=DIRECTION('',(1.,0.,0.));
#2261=DIRECTION('',(0.,0.,-1.));
#2262=DIRECTION('',(0.707106781186548,0.,-0.707106781186548));
#2263=DIRECTION('',(-0.707106781186548,0.,-0.707106781186548));
#2264=DIRECTION('',(-1.,0.,0.));
#2265=DIRECTION('',(0.,0.,1.));
#2266=DIRECTION('',(-0.707106781186548,0.,-0.707106781186548));
#2267=DIRECTION('',(0.707106781186548,0.,-0.707106781186548));
#2268=DIRECTION('',(0.,0.,-1.));
#2269=DIRECTION('',(-1.,0.,0.));
#2270=DIRECTION('',(3.53369596958239E-16,0.,1.));
#2271=DIRECTION('',(1.,0.,-3.53369596958239E-16));
#2272=DIRECTION('',(-0.707106781186547,0.,0.707106781186548));
#2273=DIRECTION('',(0.707106781186548,0.,0.707106781186547));
#2274=DIRECTION('',(0.707106781186548,0.,0.707106781186547));
#2275=DIRECTION('',(-0.707106781186547,0.,0.707106781186548));
#2276=DIRECTION('',(1.,0.,-1.92747052886312E-16));
#2277=DIRECTION('',(-1.92747052886312E-16,0.,-1.));
#2278=DIRECTION('',(0.707106781186548,0.,-0.707106781186548));
#2279=DIRECTION('',(-0.707106781186548,0.,-0.707106781186548));
#2280=DIRECTION('',(-1.,0.,1.92747052886312E-16));
#2281=DIRECTION('',(1.92747052886312E-16,0.,1.));
#2282=DIRECTION('',(-0.707106781186548,0.,-0.707106781186548));
#2283=DIRECTION('',(0.707106781186548,0.,-0.707106781186548));
#2284=DIRECTION('',(0.,0.,-1.));
#2285=DIRECTION('',(-1.,0.,0.));
#2286=CARTESIAN_POINT('',(0.,0.,0.));
#2287=CARTESIAN_POINT('',(0.02,-0.025,-0.035));
#2288=CARTESIAN_POINT('',(0.03872426,-0.025,-0.035));
#2289=CARTESIAN_POINT('',(0.03872426,-0.025,-0.04777574));
#2290=CARTESIAN_POINT('',(0.03872426,-0.025,-0.06272426));
#2291=CARTESIAN_POINT('',(0.002,-0.025,-0.06272426));
#2292=CARTESIAN_POINT('',(0.00127574,-0.025,-0.06272426));
#2293=CARTESIAN_POINT('',(0.00127574,-0.025,-0.0485));
#2294=CARTESIAN_POINT('',(0.00127574,-0.025,-0.04777574));
#2295=CARTESIAN_POINT('',(0.02,-0.025,-0.04777574));
#2296=CARTESIAN_POINT('',(0.03872426,-0.025,-0.035));
#2297=CARTESIAN_POINT('',(0.03872426,-0.025,-0.03227574));
#2298=CARTESIAN_POINT('',(0.03872426,-0.025,-0.04722426));
#2299=CARTESIAN_POINT('',(0.002,-0.025,-0.04722426));
#2300=CARTESIAN_POINT('',(0.00127574,-0.025,-0.04722426));
#2301=CARTESIAN_POINT('',(0.00127574,-0.025,-0.033));
#2302=CARTESIAN_POINT('',(0.00127574,-0.025,-0.03227574));
#2303=CARTESIAN_POINT('',(0.02,-0.025,-0.03227574));
#2304=CARTESIAN_POINT('',(0.03872426,-0.025,-0.035));
#2305=CARTESIAN_POINT('',(0.03872426,-0.025,-0.01677574));
#2306=CARTESIAN_POINT('',(0.03872426,-0.025,-0.03172426));
#2307=CARTESIAN_POINT('',(0.002,-0.025,-0.03172426));
#2308=CARTESIAN_POINT('',(0.00127574,-0.025,-0.03172426));
#2309=CARTESIAN_POINT('',(0.00127574,-0.025,-0.0175));
#2310=CARTESIAN_POINT('',(0.00127574,-0.025,-0.01677574));
#2311=CARTESIAN_POINT('',(0.02,-0.025,-0.01677574));
#2312=CARTESIAN_POINT('',(0.03872426,-0.025,-0.035));
#2313=CARTESIAN_POINT('',(0.03872426,-0.025,-0.00127574));
#2314=CARTESIAN_POINT('',(0.03872426,-0.025,-0.01622426));
#2315=CARTESIAN_POINT('',(0.002,-0.025,-0.01622426));
#2316=CARTESIAN_POINT('',(0.00127574,-0.025,-0.01622426));
#2317=CARTESIAN_POINT('',(0.00127574,-0.025,-0.002));
#2318=CARTESIAN_POINT('',(0.00127574,-0.025,-0.00127574));
#2319=CARTESIAN_POINT('',(0.02,-0.025,-0.00127574));
#2320=CARTESIAN_POINT('',(0.00327574,-0.025,-0.065));
#2321=CARTESIAN_POINT('',(0.00327574,-0.025,-0.06927574));
#2322=CARTESIAN_POINT('',(0.00327574,-0.025,-0.06427574));
#2323=CARTESIAN_POINT('',(0.02,-0.025,-0.06427574));
#2324=CARTESIAN_POINT('',(0.03672426,-0.025,-0.06427574));
#2325=CARTESIAN_POINT('',(0.03672426,-0.025,-0.035));
#2326=CARTESIAN_POINT('',(0.03672426,-0.025,-0.06927574));
#2327=CARTESIAN_POINT('',(0.04,-0.025,-0.06927574));
#2328=CARTESIAN_POINT('',(0.03927574,-0.025,-0.06927574));
#2329=CARTESIAN_POINT('',(0.03927574,-0.025,-0.035));
#2330=CARTESIAN_POINT('',(0.03927574,-0.025,-0.00072426));
#2331=CARTESIAN_POINT('',(0.02,-0.025,-0.00072426));
#2332=CARTESIAN_POINT('',(0.00072426,-0.025,-0.00072426));
#2333=CARTESIAN_POINT('',(0.00072426,-0.025,-0.07));
#2334=CARTESIAN_POINT('',(0.00072426,-0.025,-0.06927574));
#2335=CARTESIAN_POINT('',(0.004,-0.025,-0.06927574));
#2336=CARTESIAN_POINT('',(0.02,-0.025,-0.07));
#2337=CARTESIAN_POINT('',(0.00072426,-0.025,-0.07));
#2338=CARTESIAN_POINT('',(0.00072426,-0.02427574,-0.07));
#2339=CARTESIAN_POINT('',(0.00072426,-0.0222641634182759,-0.07));
#2340=CARTESIAN_POINT('',(0.004,-0.0222641634182759,-0.07));
#2341=CARTESIAN_POINT('',(0.004,-0.0222641634182759,-0.07));
#2342=CARTESIAN_POINT('',(0.004,-0.023269951709138,-0.07));
#2343=CARTESIAN_POINT('',(0.004,-0.02427574,-0.07));
#2344=CARTESIAN_POINT('',(3.46944695195361E-18,-0.02427574,-0.07));
#2345=CARTESIAN_POINT('',(0.02,-0.025,-0.07));
#2346=CARTESIAN_POINT('',(0.02,-0.00072426,-0.07));
#2347=CARTESIAN_POINT('',(0.00072426,-0.00072426,-0.07));
#2348=CARTESIAN_POINT('',(0.00327574,-0.00072426,-0.07));
#2349=CARTESIAN_POINT('',(0.00327574,-0.025,-0.07));
#2350=CARTESIAN_POINT('',(0.00327574,-0.00327574,-0.07));
#2351=CARTESIAN_POINT('',(0.02,-0.00327574,-0.07));
#2352=CARTESIAN_POINT('',(0.00072426,-0.00327574,-0.07));
#2353=CARTESIAN_POINT('',(0.00072426,-0.025,-0.07));
#2354=CARTESIAN_POINT('',(0.02,-0.025,-0.07));
#2355=CARTESIAN_POINT('',(0.036,-0.02427574,-0.07));
#2356=CARTESIAN_POINT('',(0.03927574,-0.02427574,-0.07));
#2357=CARTESIAN_POINT('',(0.03672426,-0.02427574,-0.07));
#2358=CARTESIAN_POINT('',(0.03672426,-0.0215399034182759,-0.07));
#2359=CARTESIAN_POINT('',(0.03672426,-0.0222641634182759,-0.07));
#2360=CARTESIAN_POINT('',(0.04,-0.0222641634182759,-0.07));
#2361=CARTESIAN_POINT('',(0.03927574,-0.0222641634182759,-0.07));
#2362=CARTESIAN_POINT('',(0.03927574,-0.025,-0.07));
#2363=CARTESIAN_POINT('',(0.04,-0.025,-0.035));
#2364=CARTESIAN_POINT('',(0.04,-0.0222641634182759,-0.035));
#2365=CARTESIAN_POINT('',(0.04,-0.0222641634182759,-0.06927574));
#2366=CARTESIAN_POINT('',(0.04,-0.0222641634182759,-0.06427574));
#2367=CARTESIAN_POINT('',(0.04,-0.025,-0.06427574));
#2368=CARTESIAN_POINT('',(0.04,-0.00327574,-0.06427574));
#2369=CARTESIAN_POINT('',(0.04,-0.00327574,-0.07));
#2370=CARTESIAN_POINT('',(0.04,-0.00327574,-0.06927574));
#2371=CARTESIAN_POINT('',(0.04,0.,-0.06927574));
#2372=CARTESIAN_POINT('',(0.04,-0.00072426,-0.06927574));
#2373=CARTESIAN_POINT('',(0.04,-0.00072426,0.));
#2374=CARTESIAN_POINT('',(0.04,-0.00072426,-0.00072426));
#2375=CARTESIAN_POINT('',(0.04,-0.025,-0.00072426));
#2376=CARTESIAN_POINT('',(0.04,-0.02427574,-0.00072426));
#2377=CARTESIAN_POINT('',(0.04,-0.02427574,-0.035));
#2378=CARTESIAN_POINT('',(0.04,-0.02427574,-0.06927574));
#2379=CARTESIAN_POINT('',(0.04,-0.0215399034182759,-0.06927574));
#2380=CARTESIAN_POINT('',(0.02,-0.025,0.));
#2381=CARTESIAN_POINT('',(0.02,-0.02427574,0.));
#2382=CARTESIAN_POINT('',(0.00072426,-0.02427574,0.));
#2383=CARTESIAN_POINT('',(0.03927574,-0.02427574,0.));
#2384=CARTESIAN_POINT('',(0.03927574,-0.025,0.));
#2385=CARTESIAN_POINT('',(0.03927574,-0.00072426,0.));
#2386=CARTESIAN_POINT('',(0.,-0.00072426,0.));
#2387=CARTESIAN_POINT('',(0.00072426,-0.00072426,0.));
#2388=CARTESIAN_POINT('',(0.00072426,-0.025,0.));
#2389=CARTESIAN_POINT('',(0.,-0.025,-0.035));
#2390=CARTESIAN_POINT('',(0.,-0.025,-0.06927574));
#2391=CARTESIAN_POINT('',(0.,-0.00072426,-0.06927574));
#2392=CARTESIAN_POINT('',(0.,-0.00327574,-0.06927574));
#2393=CARTESIAN_POINT('',(0.,-0.00327574,-0.035));
#2394=CARTESIAN_POINT('',(0.,-0.00327574,-0.06427574));
#2395=CARTESIAN_POINT('',(0.,-0.0215399034182759,-0.06427574));
#2396=CARTESIAN_POINT('',(0.,-0.0222641634182759,-0.06427574));
#2397=CARTESIAN_POINT('',(0.,-0.0222641634182759,-0.07));
#2398=CARTESIAN_POINT('',(0.,-0.0222641634182759,-0.06927574));
#2399=CARTESIAN_POINT('',(0.,-0.025,-0.06927574));
#2400=CARTESIAN_POINT('',(0.,-0.02427574,-0.06927574));
#2401=CARTESIAN_POINT('',(0.,-0.02427574,0.));
#2402=CARTESIAN_POINT('',(0.,-0.02427574,-0.00072426));
#2403=CARTESIAN_POINT('',(0.,0.,-0.00072426));
#2404=CARTESIAN_POINT('',(0.,-0.00072426,-0.00072426));
#2405=CARTESIAN_POINT('',(0.,-0.00072426,-0.035));
#2406=CARTESIAN_POINT('',(0.02,-0.025,-0.07));
#2407=CARTESIAN_POINT('',(0.02,-0.00327574,-0.07));
#2408=CARTESIAN_POINT('',(0.03927574,-0.00327574,-0.07));
#2409=CARTESIAN_POINT('',(0.03672426,-0.00327574,-0.07));
#2410=CARTESIAN_POINT('',(0.03672426,0.,-0.07));
#2411=CARTESIAN_POINT('',(0.03672426,-0.00072426,-0.07));
#2412=CARTESIAN_POINT('',(0.02,-0.00072426,-0.07));
#2413=CARTESIAN_POINT('',(0.03927574,-0.00072426,-0.07));
#2414=CARTESIAN_POINT('',(0.03927574,-0.004,-0.07));
#2415=CARTESIAN_POINT('',(0.02,0.,-0.035));
#2416=CARTESIAN_POINT('',(0.03672426,0.,-0.065));
#2417=CARTESIAN_POINT('',(0.03672426,0.,-0.06927574));
#2418=CARTESIAN_POINT('',(0.03672426,0.,-0.06427574));
#2419=CARTESIAN_POINT('',(0.004,0.,-0.06427574));
#2420=CARTESIAN_POINT('',(0.00327574,0.,-0.06427574));
#2421=CARTESIAN_POINT('',(0.00327574,0.,-0.035));
#2422=CARTESIAN_POINT('',(0.00327574,0.,-0.06927574));
#2423=CARTESIAN_POINT('',(0.02,0.,-0.06927574));
#2424=CARTESIAN_POINT('',(0.00072426,0.,-0.06927574));
#2425=CARTESIAN_POINT('',(0.00072426,0.,-0.035));
#2426=CARTESIAN_POINT('',(0.00072426,0.,-0.00072426));
#2427=CARTESIAN_POINT('',(0.04,0.,-0.00072426));
#2428=CARTESIAN_POINT('',(0.03927574,0.,-0.00072426));
#2429=CARTESIAN_POINT('',(0.03927574,0.,-0.07));
#2430=CARTESIAN_POINT('',(0.03927574,0.,-0.06927574));
#2431=CARTESIAN_POINT('',(0.02,0.,-0.06927574));
#2432=CARTESIAN_POINT('',(0.038,-0.0215399034182759,-0.065));
#2433=CARTESIAN_POINT('',(0.03927574,-0.0215399034182759,-0.065));
#2434=CARTESIAN_POINT('',(0.03927574,-0.0215399034182759,-0.065));
#2435=CARTESIAN_POINT('',(0.03927574,-0.0215399034182759,-0.06927574));
#2436=CARTESIAN_POINT('',(0.036,-0.0215399034182759,-0.06927574));
#2437=CARTESIAN_POINT('',(0.036,-0.0215399034182759,-0.06927574));
#2438=CARTESIAN_POINT('',(0.036,-0.0215399034182759,-0.065));
#2439=CARTESIAN_POINT('',(0.036,-0.0215399034182759,-0.065));
#2440=CARTESIAN_POINT('',(0.038,-0.0215399034182759,-0.065));
#2441=CARTESIAN_POINT('',(0.036,-0.023269951709138,-0.065));
#2442=CARTESIAN_POINT('',(0.036,-0.025,-0.06927574));
#2443=CARTESIAN_POINT('',(0.036,-0.02427574,-0.06927574));
#2444=CARTESIAN_POINT('',(0.036,-0.02427574,-0.065));
#2445=CARTESIAN_POINT('',(0.036,-0.02427574,-0.065));
#2446=CARTESIAN_POINT('',(0.036,-0.023269951709138,-0.065));
#2447=CARTESIAN_POINT('',(0.004,-0.023269951709138,-0.065));
#2448=CARTESIAN_POINT('',(0.004,-0.0222641634182759,-0.06927574));
#2449=CARTESIAN_POINT('',(0.004,-0.0215399034182759,-0.06927574));
#2450=CARTESIAN_POINT('',(0.004,-0.0215399034182759,-0.065));
#2451=CARTESIAN_POINT('',(0.004,-0.0215399034182759,-0.065));
#2452=CARTESIAN_POINT('',(0.004,-0.023269951709138,-0.065));
#2453=CARTESIAN_POINT('',(0.004,-0.02427574,-0.065));
#2454=CARTESIAN_POINT('',(0.004,-0.02427574,-0.07));
#2455=CARTESIAN_POINT('',(0.002,-0.0215399034182759,-0.065));
#2456=CARTESIAN_POINT('',(3.46944695195361E-18,-0.0215399034182759,-0.06927574));
#2457=CARTESIAN_POINT('',(0.00072426,-0.0215399034182759,-0.06927574));
#2458=CARTESIAN_POINT('',(0.00072426,-0.0215399034182759,-0.065));
#2459=CARTESIAN_POINT('',(0.00072426,-0.0215399034182759,-0.065));
#2460=CARTESIAN_POINT('',(0.002,-0.0215399034182759,-0.065));
#2461=CARTESIAN_POINT('',(0.002,-0.004,-0.065));
#2462=CARTESIAN_POINT('',(0.00072426,-0.004,-0.065));
#2463=CARTESIAN_POINT('',(0.00072426,-0.004,-0.065));
#2464=CARTESIAN_POINT('',(0.00072426,-0.004,-0.06927574));
#2465=CARTESIAN_POINT('',(0.002,-0.004,-0.06927574));
#2466=CARTESIAN_POINT('',(0.004,-0.004,-0.06927574));
#2467=CARTESIAN_POINT('',(0.004,-0.004,-0.065));
#2468=CARTESIAN_POINT('',(0.004,-0.004,-0.065));
#2469=CARTESIAN_POINT('',(0.002,-0.004,-0.065));
#2470=CARTESIAN_POINT('',(0.004,-0.002,-0.065));
#2471=CARTESIAN_POINT('',(0.004,-0.002,-0.06927574));
#2472=CARTESIAN_POINT('',(0.004,-0.00072426,-0.06927574));
#2473=CARTESIAN_POINT('',(0.004,-0.00072426,-0.065));
#2474=CARTESIAN_POINT('',(0.004,-0.00072426,-0.065));
#2475=CARTESIAN_POINT('',(0.004,-0.002,-0.065));
#2476=CARTESIAN_POINT('',(0.036,-0.002,-0.065));
#2477=CARTESIAN_POINT('',(0.036,-0.00072426,-0.07));
#2478=CARTESIAN_POINT('',(0.036,-0.00072426,-0.065));
#2479=CARTESIAN_POINT('',(0.036,-0.00072426,-0.06927574));
#2480=CARTESIAN_POINT('',(0.036,-0.004,-0.06927574));
#2481=CARTESIAN_POINT('',(0.036,-0.004,-0.06927574));
#2482=CARTESIAN_POINT('',(0.036,-0.004,-0.065));
#2483=CARTESIAN_POINT('',(0.036,-0.004,-0.065));
#2484=CARTESIAN_POINT('',(0.036,-0.002,-0.065));
#2485=CARTESIAN_POINT('',(0.038,-0.004,-0.065));
#2486=CARTESIAN_POINT('',(0.038,-0.004,-0.06927574));
#2487=CARTESIAN_POINT('',(0.03927574,-0.004,-0.06927574));
#2488=CARTESIAN_POINT('',(0.03927574,-0.004,-0.065));
#2489=CARTESIAN_POINT('',(0.03927574,-0.004,-0.065));
#2490=CARTESIAN_POINT('',(0.038,-0.004,-0.065));
#2491=CARTESIAN_POINT('',(0.02,-0.0125,-0.065));
#2492=CARTESIAN_POINT('',(0.036,-0.00072426,-0.065));
#2493=CARTESIAN_POINT('',(0.03927574,-0.0125,-0.065));
#2494=CARTESIAN_POINT('',(0.02,-0.02427574,-0.065));
#2495=CARTESIAN_POINT('',(0.00072426,-0.004,-0.065));
#2496=CARTESIAN_POINT('',(0.02,-0.0026,-0.002));
#2497=CARTESIAN_POINT('',(0.038,-0.0026,-0.002));
#2498=CARTESIAN_POINT('',(0.038,-0.0026,-0.002));
#2499=CARTESIAN_POINT('',(0.038,-0.02427574,-0.002));
#2500=CARTESIAN_POINT('',(0.02,-0.02427574,-0.002));
#2501=CARTESIAN_POINT('',(0.002,-0.02427574,-0.002));
#2502=CARTESIAN_POINT('',(0.002,-0.0026,-0.002));
#2503=CARTESIAN_POINT('',(0.002,-0.0026,-0.002));
#2504=CARTESIAN_POINT('',(0.02,-0.0026,-0.002));
#2505=CARTESIAN_POINT('',(0.002,-0.0026,-0.00875));
#2506=CARTESIAN_POINT('',(0.002,-0.02427574,-0.0155));
#2507=CARTESIAN_POINT('',(0.002,-0.02427574,-0.0155));
#2508=CARTESIAN_POINT('',(0.002,-0.0026,-0.0155));
#2509=CARTESIAN_POINT('',(0.002,-0.0026,-0.0155));
#2510=CARTESIAN_POINT('',(0.002,-0.0026,-0.00875));
#2511=CARTESIAN_POINT('',(0.02,-0.0026,-0.0155));
#2512=CARTESIAN_POINT('',(0.038,-0.02427574,-0.0155));
#2513=CARTESIAN_POINT('',(0.038,-0.02427574,-0.0155));
#2514=CARTESIAN_POINT('',(0.038,-0.0026,-0.0155));
#2515=CARTESIAN_POINT('',(0.038,-0.0026,-0.0155));
#2516=CARTESIAN_POINT('',(0.02,-0.0026,-0.0155));
#2517=CARTESIAN_POINT('',(0.038,-0.0026,-0.00875));
#2518=CARTESIAN_POINT('',(0.038,-0.02427574,-0.00875));
#2519=CARTESIAN_POINT('',(0.038,-0.0026,-0.00875));
#2520=CARTESIAN_POINT('',(0.02,-0.0026,-0.035));
#2521=CARTESIAN_POINT('',(0.02,-0.0026,-0.0175));
#2522=CARTESIAN_POINT('',(0.038,-0.0026,-0.0175));
#2523=CARTESIAN_POINT('',(0.038,-0.0026,-0.0175));
#2524=CARTESIAN_POINT('',(0.038,-0.02427574,-0.0175));
#2525=CARTESIAN_POINT('',(0.02,-0.02427574,-0.0175));
#2526=CARTESIAN_POINT('',(0.002,-0.02427574,-0.0175));
#2527=CARTESIAN_POINT('',(0.002,-0.0026,-0.0175));
#2528=CARTESIAN_POINT('',(0.002,-0.0026,-0.0175));
#2529=CARTESIAN_POINT('',(0.02,-0.0026,-0.0175));
#2530=CARTESIAN_POINT('',(0.002,-0.0026,-0.02425));
#2531=CARTESIAN_POINT('',(0.002,-0.02427574,-0.031));
#2532=CARTESIAN_POINT('',(0.002,-0.02427574,-0.031));
#2533=CARTESIAN_POINT('',(0.002,-0.0026,-0.031));
#2534=CARTESIAN_POINT('',(0.002,-0.0026,-0.031));
#2535=CARTESIAN_POINT('',(0.002,-0.0026,-0.02425));
#2536=CARTESIAN_POINT('',(0.02,-0.0026,-0.031));
#2537=CARTESIAN_POINT('',(0.038,-0.02427574,-0.031));
#2538=CARTESIAN_POINT('',(0.038,-0.02427574,-0.031));
#2539=CARTESIAN_POINT('',(0.038,-0.0026,-0.031));
#2540=CARTESIAN_POINT('',(0.038,-0.0026,-0.031));
#2541=CARTESIAN_POINT('',(0.02,-0.0026,-0.031));
#2542=CARTESIAN_POINT('',(0.038,-0.0026,-0.02425));
#2543=CARTESIAN_POINT('',(0.038,-0.02427574,-0.02425));
#2544=CARTESIAN_POINT('',(0.038,-0.0026,-0.02425));
#2545=CARTESIAN_POINT('',(0.02,-0.0026,-0.035));
#2546=CARTESIAN_POINT('',(0.02,-0.0026,-0.033));
#2547=CARTESIAN_POINT('',(0.038,-0.0026,-0.033));
#2548=CARTESIAN_POINT('',(0.038,-0.0026,-0.033));
#2549=CARTESIAN_POINT('',(0.038,-0.02427574,-0.033));
#2550=CARTESIAN_POINT('',(0.02,-0.02427574,-0.033));
#2551=CARTESIAN_POINT('',(0.002,-0.02427574,-0.033));
#2552=CARTESIAN_POINT('',(0.002,-0.0026,-0.033));
#2553=CARTESIAN_POINT('',(0.002,-0.0026,-0.033));
#2554=CARTESIAN_POINT('',(0.02,-0.0026,-0.033));
#2555=CARTESIAN_POINT('',(0.002,-0.0026,-0.03975));
#2556=CARTESIAN_POINT('',(0.002,-0.02427574,-0.0465));
#2557=CARTESIAN_POINT('',(0.002,-0.02427574,-0.0465));
#2558=CARTESIAN_POINT('',(0.002,-0.0026,-0.0465));
#2559=CARTESIAN_POINT('',(0.002,-0.0026,-0.0465));
#2560=CARTESIAN_POINT('',(0.002,-0.0026,-0.03975));
#2561=CARTESIAN_POINT('',(0.02,-0.0026,-0.0465));
#2562=CARTESIAN_POINT('',(0.038,-0.02427574,-0.0465));
#2563=CARTESIAN_POINT('',(0.038,-0.02427574,-0.0465));
#2564=CARTESIAN_POINT('',(0.038,-0.0026,-0.0465));
#2565=CARTESIAN_POINT('',(0.038,-0.0026,-0.0465));
#2566=CARTESIAN_POINT('',(0.02,-0.0026,-0.0465));
#2567=CARTESIAN_POINT('',(0.038,-0.0026,-0.03975));
#2568=CARTESIAN_POINT('',(0.038,-0.02427574,-0.03975));
#2569=CARTESIAN_POINT('',(0.038,-0.0026,-0.03975));
#2570=CARTESIAN_POINT('',(0.02,-0.0026,-0.035));
#2571=CARTESIAN_POINT('',(0.02,-0.0026,-0.0485));
#2572=CARTESIAN_POINT('',(0.038,-0.0026,-0.0485));
#2573=CARTESIAN_POINT('',(0.038,-0.0026,-0.0485));
#2574=CARTESIAN_POINT('',(0.038,-0.02427574,-0.0485));
#2575=CARTESIAN_POINT('',(0.02,-0.02427574,-0.0485));
#2576=CARTESIAN_POINT('',(0.002,-0.02427574,-0.0485));
#2577=CARTESIAN_POINT('',(0.002,-0.0026,-0.0485));
#2578=CARTESIAN_POINT('',(0.002,-0.0026,-0.0485));
#2579=CARTESIAN_POINT('',(0.02,-0.0026,-0.0485));
#2580=CARTESIAN_POINT('',(0.002,-0.0026,-0.05525));
#2581=CARTESIAN_POINT('',(0.002,-0.02427574,-0.062));
#2582=CARTESIAN_POINT('',(0.002,-0.02427574,-0.062));
#2583=CARTESIAN_POINT('',(0.002,-0.0026,-0.062));
#2584=CARTESIAN_POINT('',(0.002,-0.0026,-0.062));
#2585=CARTESIAN_POINT('',(0.002,-0.0026,-0.05525));
#2586=CARTESIAN_POINT('',(0.02,-0.0026,-0.062));
#2587=CARTESIAN_POINT('',(0.038,-0.02427574,-0.062));
#2588=CARTESIAN_POINT('',(0.038,-0.02427574,-0.062));
#2589=CARTESIAN_POINT('',(0.038,-0.0026,-0.062));
#2590=CARTESIAN_POINT('',(0.038,-0.0026,-0.062));
#2591=CARTESIAN_POINT('',(0.02,-0.0026,-0.062));
#2592=CARTESIAN_POINT('',(0.038,-0.0026,-0.05525));
#2593=CARTESIAN_POINT('',(0.038,-0.02427574,-0.05525));
#2594=CARTESIAN_POINT('',(0.038,-0.0026,-0.05525));
#2595=CARTESIAN_POINT('',(0.02,-0.0026,-0.035));
#2596=CARTESIAN_POINT('',(0.03672426,-0.025,-0.06927574));
#2597=CARTESIAN_POINT('',(0.03672426,-0.02427574,-0.06927574));
#2598=CARTESIAN_POINT('',(0.03672426,-0.0222641634182759,-0.06927574));
#2599=CARTESIAN_POINT('',(0.02,-0.0222641634182759,-0.06927574));
#2600=CARTESIAN_POINT('',(0.03927574,-0.0222641634182759,-0.06927574));
#2601=CARTESIAN_POINT('',(0.03672426,-0.02427574,-0.06927574));
#2602=CARTESIAN_POINT('',(0.03672426,-0.02427574,-0.06927574));
#2603=CARTESIAN_POINT('',(0.03672426,-0.02427574,-0.06927574));
#2604=CARTESIAN_POINT('',(0.03672426,-0.02427574,-0.035));
#2605=CARTESIAN_POINT('',(0.03672426,-0.02427574,-0.06427574));
#2606=CARTESIAN_POINT('',(0.03927574,-0.0222641634182759,-0.06927574));
#2607=CARTESIAN_POINT('',(0.03927574,-0.0222641634182759,-0.06927574));
#2608=CARTESIAN_POINT('',(0.03927574,-0.0222641634182759,-0.06927574));
#2609=CARTESIAN_POINT('',(0.03927574,-0.025,-0.06927574));
#2610=CARTESIAN_POINT('',(0.03927574,-0.02427574,-0.06927574));
#2611=CARTESIAN_POINT('',(0.02,-0.02427574,-0.06927574));
#2612=CARTESIAN_POINT('',(0.03927574,-0.02427574,-0.06927574));
#2613=CARTESIAN_POINT('',(0.02,-0.02427574,-0.06427574));
#2614=CARTESIAN_POINT('',(0.00327574,-0.02427574,-0.06427574));
#2615=CARTESIAN_POINT('',(0.03927574,-0.0222641634182759,-0.065));
#2616=CARTESIAN_POINT('',(0.03927574,-0.0222641634182759,-0.06427574));
#2617=CARTESIAN_POINT('',(0.03927574,-0.02427574,-0.06927574));
#2618=CARTESIAN_POINT('',(0.03927574,-0.02427574,-0.06927574));
#2619=CARTESIAN_POINT('',(0.00327574,-0.02427574,-0.065));
#2620=CARTESIAN_POINT('',(0.00327574,-0.02427574,-0.06927574));
#2621=CARTESIAN_POINT('',(0.03927574,-0.025,-0.06427574));
#2622=CARTESIAN_POINT('',(0.03927574,-0.00327574,-0.06427574));
#2623=CARTESIAN_POINT('',(0.03927574,-0.02427574,-0.035));
#2624=CARTESIAN_POINT('',(0.03927574,-0.02427574,-0.00072426));
#2625=CARTESIAN_POINT('',(0.02,-0.02427574,-0.06927574));
#2626=CARTESIAN_POINT('',(0.00072426,-0.02427574,-0.06927574));
#2627=CARTESIAN_POINT('',(0.03927574,-0.00327574,-0.035));
#2628=CARTESIAN_POINT('',(0.03927574,-0.00327574,-0.06927574));
#2629=CARTESIAN_POINT('',(0.03927574,-0.02427574,-0.00072426));
#2630=CARTESIAN_POINT('',(0.03927574,-0.02427574,-0.00072426));
#2631=CARTESIAN_POINT('',(0.03927574,-0.02427574,-0.00072426));
#2632=CARTESIAN_POINT('',(0.00072426,-0.02427574,-0.06927574));
#2633=CARTESIAN_POINT('',(0.00072426,-0.02427574,-0.06927574));
#2634=CARTESIAN_POINT('',(0.00072426,-0.02427574,-0.06927574));
#2635=CARTESIAN_POINT('',(0.03927574,-0.00327574,-0.06927574));
#2636=CARTESIAN_POINT('',(0.03927574,-0.00327574,-0.06927574));
#2637=CARTESIAN_POINT('',(0.03927574,-0.00327574,-0.06927574));
#2638=CARTESIAN_POINT('',(0.03927574,-0.025,-0.06927574));
#2639=CARTESIAN_POINT('',(0.03927574,-0.00072426,-0.06927574));
#2640=CARTESIAN_POINT('',(0.03927574,-0.00072426,-0.035));
#2641=CARTESIAN_POINT('',(0.03927574,-0.00072426,-0.00072426));
#2642=CARTESIAN_POINT('',(0.03927574,-0.00072426,-0.06927574));
#2643=CARTESIAN_POINT('',(0.03927574,-0.025,-0.00072426));
#2644=CARTESIAN_POINT('',(0.03927574,-0.00072426,-0.00072426));
#2645=CARTESIAN_POINT('',(0.02,-0.02427574,-0.00072426));
#2646=CARTESIAN_POINT('',(0.00072426,-0.02427574,-0.00072426));
#2647=CARTESIAN_POINT('',(0.00072426,-0.02427574,-0.035));
#2648=CARTESIAN_POINT('',(0.00072426,-0.02427574,-0.00072426));
#2649=CARTESIAN_POINT('',(0.00072426,-0.025,-0.06927574));
#2650=CARTESIAN_POINT('',(0.00072426,-0.0222641634182759,-0.06927574));
#2651=CARTESIAN_POINT('',(0.02,-0.0222641634182759,-0.06927574));
#2652=CARTESIAN_POINT('',(0.00072426,-0.0222641634182759,-0.06927574));
#2653=CARTESIAN_POINT('',(0.038,-0.00327574,-0.06927574));
#2654=CARTESIAN_POINT('',(0.03672426,-0.00327574,-0.06927574));
#2655=CARTESIAN_POINT('',(0.03927574,-0.00072426,-0.06927574));
#2656=CARTESIAN_POINT('',(0.03927574,-0.00072426,-0.06927574));
#2657=CARTESIAN_POINT('',(0.03927574,-0.00072426,-0.00072426));
#2658=CARTESIAN_POINT('',(0.03927574,-0.00072426,-0.00072426));
#2659=CARTESIAN_POINT('',(0.00072426,-0.02427574,-0.00072426));
#2660=CARTESIAN_POINT('',(0.00072426,-0.02427574,-0.00072426));
#2661=CARTESIAN_POINT('',(0.00072426,-0.0222641634182759,-0.06927574));
#2662=CARTESIAN_POINT('',(0.00072426,-0.0222641634182759,-0.06927574));
#2663=CARTESIAN_POINT('',(0.03672426,-0.025,-0.06927574));
#2664=CARTESIAN_POINT('',(0.03672426,-0.00072426,-0.06927574));
#2665=CARTESIAN_POINT('',(0.02,-0.00072426,-0.06927574));
#2666=CARTESIAN_POINT('',(0.03672426,-0.00072426,-0.06927574));
#2667=CARTESIAN_POINT('',(0.02,-0.00072426,-0.00072426));
#2668=CARTESIAN_POINT('',(0.00072426,-0.00072426,-0.00072426));
#2669=CARTESIAN_POINT('',(0.00072426,-0.025,-0.00072426));
#2670=CARTESIAN_POINT('',(0.00072426,-0.00072426,-0.00072426));
#2671=CARTESIAN_POINT('',(0.00072426,-0.0222641634182759,-0.035));
#2672=CARTESIAN_POINT('',(0.00072426,-0.0222641634182759,-0.06427574));
#2673=CARTESIAN_POINT('',(0.03672426,-0.00072426,-0.06927574));
#2674=CARTESIAN_POINT('',(0.03672426,-0.00072426,-0.06927574));
#2675=CARTESIAN_POINT('',(0.00072426,-0.00072426,-0.00072426));
#2676=CARTESIAN_POINT('',(0.00072426,-0.00072426,-0.00072426));
#2677=CARTESIAN_POINT('',(0.00072426,-0.0125,-0.06427574));
#2678=CARTESIAN_POINT('',(0.00072426,-0.00327574,-0.06427574));
#2679=CARTESIAN_POINT('',(0.03672426,-0.00072426,-0.065));
#2680=CARTESIAN_POINT('',(0.03672426,-0.00072426,-0.06427574));
#2681=CARTESIAN_POINT('',(0.00072426,-0.00072426,-0.035));
#2682=CARTESIAN_POINT('',(0.00072426,-0.00072426,-0.06927574));
#2683=CARTESIAN_POINT('',(0.00072426,-0.025,-0.06927574));
#2684=CARTESIAN_POINT('',(0.00072426,-0.00327574,-0.06927574));
#2685=CARTESIAN_POINT('',(0.00072426,-0.00072426,-0.06927574));
#2686=CARTESIAN_POINT('',(0.00072426,-0.00327574,-0.065));
#2687=CARTESIAN_POINT('',(0.00072426,-0.00327574,-0.06927574));
#2688=CARTESIAN_POINT('',(0.02,-0.00072426,-0.06427574));
#2689=CARTESIAN_POINT('',(0.00327574,-0.00072426,-0.06427574));
#2690=CARTESIAN_POINT('',(0.00072426,-0.00072426,-0.06927574));
#2691=CARTESIAN_POINT('',(0.00072426,-0.00072426,-0.06927574));
#2692=CARTESIAN_POINT('',(0.00072426,-0.00327574,-0.06927574));
#2693=CARTESIAN_POINT('',(0.00072426,-0.00327574,-0.06927574));
#2694=CARTESIAN_POINT('',(0.00327574,-0.00072426,-0.035));
#2695=CARTESIAN_POINT('',(0.00327574,-0.00072426,-0.06927574));
#2696=CARTESIAN_POINT('',(0.02,-0.00072426,-0.06927574));
#2697=CARTESIAN_POINT('',(0.00327574,-0.00072426,-0.06927574));
#2698=CARTESIAN_POINT('',(0.002,-0.00327574,-0.06927574));
#2699=CARTESIAN_POINT('',(0.00327574,-0.00327574,-0.06927574));
#2700=CARTESIAN_POINT('',(0.00327574,-0.00072426,-0.06927574));
#2701=CARTESIAN_POINT('',(0.00327574,-0.00072426,-0.06927574));
#2702=CARTESIAN_POINT('',(0.00327574,-0.002,-0.06927574));
#2703=CARTESIAN_POINT('',(0.00127574,-0.02427574,-0.05525));
#2704=CARTESIAN_POINT('',(0.00127574,-0.02427574,-0.06272426));
#2705=CARTESIAN_POINT('',(0.00127574,-0.02427574,-0.04777574));
#2706=CARTESIAN_POINT('',(0.02,-0.02427574,-0.04777574));
#2707=CARTESIAN_POINT('',(0.03872426,-0.02427574,-0.04777574));
#2708=CARTESIAN_POINT('',(0.02,-0.02427574,-0.06272426));
#2709=CARTESIAN_POINT('',(0.03872426,-0.02427574,-0.06272426));
#2710=CARTESIAN_POINT('',(0.03872426,-0.02427574,-0.035));
#2711=CARTESIAN_POINT('',(0.00127574,-0.02427574,-0.03975));
#2712=CARTESIAN_POINT('',(0.00127574,-0.02427574,-0.04722426));
#2713=CARTESIAN_POINT('',(0.00127574,-0.02427574,-0.03227574));
#2714=CARTESIAN_POINT('',(0.02,-0.02427574,-0.03227574));
#2715=CARTESIAN_POINT('',(0.03872426,-0.02427574,-0.03227574));
#2716=CARTESIAN_POINT('',(0.02,-0.02427574,-0.04722426));
#2717=CARTESIAN_POINT('',(0.03872426,-0.02427574,-0.04722426));
#2718=CARTESIAN_POINT('',(0.03872426,-0.02427574,-0.035));
#2719=CARTESIAN_POINT('',(0.00127574,-0.02427574,-0.02425));
#2720=CARTESIAN_POINT('',(0.00127574,-0.02427574,-0.03172426));
#2721=CARTESIAN_POINT('',(0.00127574,-0.02427574,-0.01677574));
#2722=CARTESIAN_POINT('',(0.02,-0.02427574,-0.01677574));
#2723=CARTESIAN_POINT('',(0.03872426,-0.02427574,-0.01677574));
#2724=CARTESIAN_POINT('',(0.02,-0.02427574,-0.03172426));
#2725=CARTESIAN_POINT('',(0.03872426,-0.02427574,-0.03172426));
#2726=CARTESIAN_POINT('',(0.03872426,-0.02427574,-0.035));
#2727=CARTESIAN_POINT('',(0.00127574,-0.02427574,-0.00875));
#2728=CARTESIAN_POINT('',(0.00127574,-0.02427574,-0.01622426));
#2729=CARTESIAN_POINT('',(0.00127574,-0.02427574,-0.00127574));
#2730=CARTESIAN_POINT('',(0.02,-0.02427574,-0.00127574));
#2731=CARTESIAN_POINT('',(0.03872426,-0.02427574,-0.00127574));
#2732=CARTESIAN_POINT('',(0.02,-0.02427574,-0.01622426));
#2733=CARTESIAN_POINT('',(0.03872426,-0.02427574,-0.01622426));
#2734=CARTESIAN_POINT('',(0.03872426,-0.02427574,-0.035));
#2735=MECHANICAL_DESIGN_GEOMETRIC_PRESENTATION_REPRESENTATION('',(#1591),
#2736);
#2736=(
GEOMETRIC_REPRESENTATION_CONTEXT(3)
GLOBAL_UNCERTAINTY_ASSIGNED_CONTEXT((#2737))
GLOBAL_UNIT_ASSIGNED_CONTEXT((#2740,#2739,#2738))
REPRESENTATION_CONTEXT('Bookshelf','TOP_LEVEL_ASSEMBLY_PART')
);
#2737=UNCERTAINTY_MEASURE_WITH_UNIT(LENGTH_MEASURE(1.E-8),#2740,
'DISTANCE_ACCURACY_VALUE','Maximum Tolerance applied to model');
#2738=(
NAMED_UNIT(*)
SI_UNIT($,.STERADIAN.)
SOLID_ANGLE_UNIT()
);
#2739=(
NAMED_UNIT(*)
PLANE_ANGLE_UNIT()
SI_UNIT($,.RADIAN.)
);
#2740=(
LENGTH_UNIT()
NAMED_UNIT(*)
SI_UNIT($,.METRE.)
);
#2741=PRODUCT_DEFINITION_SHAPE('','',#2742);
#2742=PRODUCT_DEFINITION('','',#2744,#2743);
#2743=PRODUCT_DEFINITION_CONTEXT('',#2750,'design');
#2744=PRODUCT_DEFINITION_FORMATION_WITH_SPECIFIED_SOURCE('','',#2746,
 .NOT_KNOWN.);
#2745=PRODUCT_RELATED_PRODUCT_CATEGORY('','',(#2746));
#2746=PRODUCT('Bookshelf','Bookshelf','Bookshelf',(#2748));
#2747=PRODUCT_CATEGORY('','');
#2748=PRODUCT_CONTEXT('',#2750,'mechanical');
#2749=APPLICATION_PROTOCOL_DEFINITION('international standard',
'ap242_managed_model_based_3d_engineering',2020,#2750);
#2750=APPLICATION_CONTEXT('managed model based 3d engineering');
ENDSEC;
END-ISO-10303-21;
